split_id,stratum,permutation,ranking,top1_recovery,top2_recall,rank_of_best,spearman_rho,ndcg,candidate_mean_ddg,selected_top1_ddg,selected_top2_mean_ddg,top1_gain_over_panel_mean,top2_gain_over_panel_mean,top1_outcome_enrichment,top2_outcome_enrichment
S001,three_singleton_scaffolds,1,SIG-NIHDA-401|SIG-NIHDA-498|SIG-NIHDA-724,0.0,0.5,3,-1.0,0.5346077492906207,0.7708120026666666,0.056166692,0.0843402905,-0.7146453106666666,-0.6864717121666666,0.07286691411873224,0.10941745874249507
S001,three_singleton_scaffolds,2,SIG-NIHDA-401|SIG-NIHDA-724|SIG-NIHDA-498,0.0,0.5,2,-0.5,0.6531857484910619,0.7708120026666667,0.056166692,1.0999610595,-0.7146453106666667,0.3291490568333333,0.07286691411873222,1.4270159983168709
S001,three_singleton_scaffolds,3,SIG-NIHDA-498|SIG-NIHDA-401|SIG-NIHDA-724,0.0,0.5,3,-0.5,0.5438800082061435,0.7708120026666666,0.112513889,0.0843402905,-0.6582981136666666,-0.6864717121666666,0.14596800336625793,0.10941745874249507
S001,three_singleton_scaffolds,4,SIG-NIHDA-498|SIG-NIHDA-724|SIG-NIHDA-401,0.0,1.0,2,0.5,0.6657473936050334,0.7708120026666667,0.112513889,1.128134658,-0.6582981136666667,0.3573226553333333,0.1459680033662579,1.4635665429406337
S001,three_singleton_scaffolds,5,SIG-NIHDA-724|SIG-NIHDA-401|SIG-NIHDA-498,1.0,0.5,1,0.5,0.9967106138015512,0.7708120026666667,2.143755427,1.0999610595,1.3729434243333332,0.3291490568333333,2.7811650825150096,1.4270159983168709
S001,three_singleton_scaffolds,6,SIG-NIHDA-724|SIG-NIHDA-498|SIG-NIHDA-401,1.0,1.0,1,1.0,1.0,0.7708120026666667,2.143755427,1.128134658,1.3729434243333332,0.3573226553333333,2.7811650825150096,1.4635665429406337
S002,three_singleton_scaffolds,1,SIG-NIHDA-401|SIG-NIHDA-498|SIG-NIHDA-785,0.0,0.5,3,-1.0,0.56147250248705,0.44409140966666666,0.056166692,0.0843402905,-0.38792471766666664,-0.3597511191666667,0.12647552007853183,0.18991650967377527
S002,three_singleton_scaffolds,2,SIG-NIHDA-401|SIG-NIHDA-785|SIG-NIHDA-498,0.0,0.5,2,-0.5,0.6704622782542441,0.4440914096666666,0.056166692,0.6098801699999999,-0.3879247176666666,0.16578876033333334,0.12647552007853183,1.3733212503654908
S002,three_singleton_scaffolds,3,SIG-NIHDA-498|SIG-NIHDA-401|SIG-NIHDA-785,0.0,0.5,3,-0.5,0.577942483081816,0.44409140966666666,0.112513889,0.0843402905,-0.3315775206666667,-0.3597511191666667,0.25335749926901874,0.18991650967377527
S002,three_singleton_scaffolds,4,SIG-NIHDA-498|SIG-NIHDA-785|SIG-NIHDA-401,0.0,1.0,2,0.5,0.6927750774491729,0.4440914096666666,0.112513889,0.6380537685,-0.33157752066666657,0.19396235883333335,0.2533574992690188,1.4367622399607343
S002,three_singleton_scaffolds,5,SIG-NIHDA-785|SIG-NIHDA-401|SIG-NIHDA-498,1.0,0.5,1,0.5,0.9941571813998373,0.4440914096666666,1.163593648,0.6098801699999999,0.7195022383333334,0.16578876033333334,2.6201669806524497,1.3733212503654908
S002,three_singleton_scaffolds,6,SIG-NIHDA-785|SIG-NIHDA-498|SIG-NIHDA-401,1.0,1.0,1,1.0,1.0,0.4440914096666666,1.163593648,0.6380537685,0.7195022383333334,0.19396235883333335,2.6201669806524497,1.4367622399607343
S003,three_singleton_scaffolds,1,SIG-NIHDA-401|SIG-NIHDA-498|SIG-NIHDA-2062,0.0,0.5,3,-1.0,0.6753741075015125,0.170733667,0.056166692,0.0843402905,-0.11456697500000002,-0.08639337650000001,0.3289725628630702,0.49398746001279287
S003,three_singleton_scaffolds,2,SIG-NIHDA-401|SIG-NIHDA-2062|SIG-NIHDA-498,0.0,0.5,2,-0.5,0.7437115820806472,0.170733667,0.056166692,0.199843556,-0.11456697500000002,0.029109889,0.3289725628630702,1.1704988214187422
S003,three_singleton_scaffolds,3,SIG-NIHDA-498|SIG-NIHDA-401|SIG-NIHDA-2062,0.0,0.5,3,-0.5,0.7223611021823094,0.170733667,0.112513889,0.0843402905,-0.058219778,-0.08639337650000001,0.6590023571625155,0.49398746001279287
S003,three_singleton_scaffolds,4,SIG-NIHDA-498|SIG-NIHDA-2062|SIG-NIHDA-401,0.0,1.0,2,0.5,0.8073674783977923,0.170733667,0.112513889,0.22801715449999999,-0.058219778,0.05728348749999998,0.6590023571625155,1.3355137185684647
S003,three_singleton_scaffolds,5,SIG-NIHDA-2062|SIG-NIHDA-401|SIG-NIHDA-498,1.0,0.5,1,0.5,0.983331098363652,0.170733667,0.34352042,0.199843556,0.172786753,0.029109889,2.012025079974414,1.1704988214187422
S003,three_singleton_scaffolds,6,SIG-NIHDA-2062|SIG-NIHDA-498|SIG-NIHDA-401,1.0,1.0,1,1.0,1.0,0.170733667,0.34352042,0.22801715449999999,0.172786753,0.05728348749999998,2.012025079974414,1.3355137185684647
S004,three_singleton_scaffolds,1,SIG-NIHDA-401|SIG-NIHDA-498|SIG-NIHDA-2063,0.0,0.5,3,-1.0,0.7189728537384489,0.14135946,0.056166692,0.0843402905,-0.085192768,-0.057019169499999994,0.397332389356892,0.596637045019838
S004,three_singleton_scaffolds,2,SIG-NIHDA-401|SIG-NIHDA-2063|SIG-NIHDA-498,0.0,0.5,2,-0.5,0.7717496225380587,0.14135946,0.056166692,0.1557822455,-0.085192768,0.014422785500000007,0.397332389356892,1.1020291496586079
S004,three_singleton_scaffolds,3,SIG-NIHDA-498|SIG-NIHDA-401|SIG-NIHDA-2063,0.0,0.5,3,-0.5,0.7776410143947117,0.14135946,0.112513889,0.0843402905,-0.028845570999999987,-0.057019169499999994,0.7959417006827842,0.596637045019838
S004,three_singleton_scaffolds,4,SIG-NIHDA-498|SIG-NIHDA-2063|SIG-NIHDA-401,0.0,1.0,2,0.5,0.8512306444085411,0.14135946,0.112513889,0.18395584399999998,-0.028845570999999987,0.04259638399999999,0.7959417006827842,1.301333805321554
S004,three_singleton_scaffolds,5,SIG-NIHDA-2063|SIG-NIHDA-401|SIG-NIHDA-498,1.0,0.5,1,0.5,0.9791871387857802,0.14135946,0.255397799,0.1557822455,0.11403833899999999,0.014422785500000007,1.806725909960324,1.1020291496586079
S004,three_singleton_scaffolds,6,SIG-NIHDA-2063|SIG-NIHDA-498|SIG-NIHDA-401,1.0,1.0,1,1.0,1.0,0.14135946,0.255397799,0.18395584399999998,0.11403833899999999,0.04259638399999999,1.806725909960324,1.301333805321554
S005,three_singleton_scaffolds,1,SIG-NIHDA-401|SIG-NIHDA-498|SIG-NIHDA-2064,0.0,1.0,2,0.5,0.8716190129575261,0.06558422866666667,0.056166692,0.0843402905,-0.009417536666666677,0.018756061833333323,0.8564054673184994,1.285984332127491
S005,three_singleton_scaffolds,2,SIG-NIHDA-401|SIG-NIHDA-2064|SIG-NIHDA-498,0.0,0.5,3,-0.5,0.8033670558402568,0.06558422866666667,0.056166692,0.0421193985,-0.009417536666666677,-0.023464830166666673,0.8564054673184994,0.6422184015317585
S005,three_singleton_scaffolds,3,SIG-NIHDA-498|SIG-NIHDA-401|SIG-NIHDA-2064,1.0,1.0,1,1.0,1.0,0.06558422866666667,0.112513889,0.0843402905,0.04692966033333333,0.018756061833333323,1.7155631969364828,1.285984332127491
S005,three_singleton_scaffolds,4,SIG-NIHDA-498|SIG-NIHDA-2064|SIG-NIHDA-401,1.0,0.5,1,0.5,0.9772919228334708,0.06558422866666666,0.112513889,0.070292997,0.046929660333333345,0.004708768333333335,1.7155631969364833,1.0717972663407502
S005,three_singleton_scaffolds,5,SIG-NIHDA-2064|SIG-NIHDA-401|SIG-NIHDA-498,0.0,0.5,3,-1.0,0.7393565814663381,0.06558422866666667,0.028072105,0.0421193985,-0.037512123666666675,-0.023464830166666673,0.42803133574501745,0.6422184015317585
S005,three_singleton_scaffolds,6,SIG-NIHDA-2064|SIG-NIHDA-498|SIG-NIHDA-401,0.0,0.5,2,-0.5,0.7849004614170781,0.06558422866666666,0.028072105,0.070292997,-0.03751212366666666,0.004708768333333335,0.4280313357450175,1.0717972663407502
S006,three_singleton_scaffolds,1,SIG-NIHDA-401|SIG-NIHDA-498|SIG-NIHDA-2067,0.0,0.5,3,-1.0,0.6374980526638244,0.21137337866666664,0.056166692,0.0843402905,-0.15520668666666665,-0.12703308816666664,0.26572263903002763,0.39901093993962056
S006,three_singleton_scaffolds,2,SIG-NIHDA-401|SIG-NIHDA-2067|SIG-NIHDA-498,0.0,0.5,2,-0.5,0.7193537633457924,0.2113733786666667,0.056166692,0.2608031235,-0.1552066866666667,0.04942974483333332,0.2657226390300275,1.2338503795753932
S006,three_singleton_scaffolds,3,SIG-NIHDA-498|SIG-NIHDA-401|SIG-NIHDA-2067,0.0,0.5,3,-0.5,0.6743371297726236,0.21137337866666664,0.112513889,0.0843402905,-0.09885948966666663,-0.12703308816666664,0.5322992408492135,0.39901093993962056
S006,three_singleton_scaffolds,4,SIG-NIHDA-498|SIG-NIHDA-2067|SIG-NIHDA-401,0.0,1.0,2,0.5,0.7692617110404215,0.2113733786666667,0.112513889,0.288976722,-0.09885948966666669,0.07760334333333332,0.5322992408492134,1.367138680484986
S006,three_singleton_scaffolds,5,SIG-NIHDA-2067|SIG-NIHDA-401|SIG-NIHDA-498,1.0,0.5,1,0.5,0.9869311294141699,0.2113733786666667,0.465439555,0.2608031235,0.2540661763333333,0.04942974483333332,2.2019781201207587,1.2338503795753932
S006,three_singleton_scaffolds,6,SIG-NIHDA-2067|SIG-NIHDA-498|SIG-NIHDA-401,1.0,1.0,1,1.0,1.0,0.2113733786666667,0.465439555,0.288976722,0.2540661763333333,0.07760334333333332,2.2019781201207587,1.367138680484986
S007,three_singleton_scaffolds,1,SIG-NIHDA-401|SIG-NIHDA-724|SIG-NIHDA-785,0.0,0.5,2,-0.5,0.6849735477129404,1.1211719223333334,0.056166692,1.0999610595,-1.0650052303333335,-0.0212108628333334,0.05009641329860309,0.9810815251338169
S007,three_singleton_scaffolds,2,SIG-NIHDA-401|SIG-NIHDA-785|SIG-NIHDA-724,0.0,0.5,3,-1.0,0.6408121509146291,1.1211719223333334,0.056166692,0.6098801699999999,-1.0650052303333335,-0.5112917523333335,0.05009641329860309,0.5439666815154846
S007,three_singleton_scaffolds,3,SIG-NIHDA-724|SIG-NIHDA-401|SIG-NIHDA-785,1.0,0.5,1,0.5,0.9501046436650924,1.1211719223333334,2.143755427,1.0999610595,1.0225835046666665,-0.0212108628333334,1.9120666369690305,0.9810815251338169
S007,three_singleton_scaffolds,4,SIG-NIHDA-724|SIG-NIHDA-785|SIG-NIHDA-401,1.0,1.0,1,1.0,1.0,1.1211719223333334,2.143755427,1.6536745375,1.0225835046666665,0.5325026151666665,1.9120666369690305,1.4749517933506984
S007,three_singleton_scaffolds,5,SIG-NIHDA-785|SIG-NIHDA-401|SIG-NIHDA-724,0.0,0.5,3,-0.5,0.7814592609553124,1.1211719223333334,1.163593648,0.6098801699999999,0.042421725666666577,-0.5112917523333335,1.037836949732366,0.5439666815154846
S007,three_singleton_scaffolds,6,SIG-NIHDA-785|SIG-NIHDA-724|SIG-NIHDA-401,0.0,1.0,2,0.5,0.8755160140885313,1.1211719223333334,1.163593648,1.6536745375,0.042421725666666577,0.5325026151666665,1.037836949732366,1.4749517933506984
S008,three_singleton_scaffolds,1,SIG-NIHDA-401|SIG-NIHDA-724|SIG-NIHDA-2062,0.0,0.5,2,-0.5,0.661685442477243,0.8478141796666666,0.056166692,1.0999610595,-0.7916474876666666,0.2521468798333334,0.0662488235595245,1.2974081890591516
S008,three_singleton_scaffolds,2,SIG-NIHDA-401|SIG-NIHDA-2062|SIG-NIHDA-724,0.0,0.5,3,-1.0,0.5630055917297492,0.8478141796666666,0.056166692,0.199843556,-0.7916474876666666,-0.6479706236666666,0.0662488235595245,0.23571622272061088
S008,three_singleton_scaffolds,3,SIG-NIHDA-724|SIG-NIHDA-401|SIG-NIHDA-2062,1.0,0.5,1,0.5,0.9842487103736361,0.8478141796666666,2.143755427,1.0999610595,1.2959412473333334,0.2521468798333334,2.5285675545587782,1.2974081890591516
S008,three_singleton_scaffolds,4,SIG-NIHDA-724|SIG-NIHDA-2062|SIG-NIHDA-401,1.0,1.0,1,1.0,1.0,0.8478141796666666,2.143755427,1.2436379235,1.2959412473333334,0.3958237438333333,2.5285675545587782,1.4668755882202378
S008,three_singleton_scaffolds,5,SIG-NIHDA-2062|SIG-NIHDA-401|SIG-NIHDA-724,0.0,0.5,3,-0.5,0.6074059834313701,0.8478141796666666,0.34352042,0.199843556,-0.5042937596666666,-0.6479706236666666,0.40518362188169726,0.23571622272061088
S008,three_singleton_scaffolds,6,SIG-NIHDA-2062|SIG-NIHDA-724|SIG-NIHDA-401,0.0,1.0,2,0.5,0.7218371238052277,0.8478141796666666,0.34352042,1.2436379235,-0.5042937596666666,0.3958237438333333,0.40518362188169726,1.4668755882202378
S009,three_singleton_scaffolds,1,SIG-NIHDA-401|SIG-NIHDA-724|SIG-NIHDA-2063,0.0,0.5,2,-0.5,0.6585683347567345,0.8184399726666666,0.056166692,1.0999610595,-0.7622732806666666,0.28152108683333343,0.06862652592223219,1.3439727973159383
S009,three_singleton_scaffolds,2,SIG-NIHDA-401|SIG-NIHDA-2063|SIG-NIHDA-724,0.0,0.5,3,-1.0,0.552591201040307,0.8184399726666666,0.056166692,0.1557822455,-0.7622732806666666,-0.6626577271666666,0.06862652592223219,0.19034046564517793
S009,three_singleton_scaffolds,3,SIG-NIHDA-724|SIG-NIHDA-401|SIG-NIHDA-2063,1.0,0.5,1,0.5,0.9888188861294387,0.8184399726666666,2.143755427,1.0999610595,1.3253154543333334,0.28152108683333343,2.6193190687096446,1.3439727973159383
S009,three_singleton_scaffolds,4,SIG-NIHDA-724|SIG-NIHDA-2063|SIG-NIHDA-401,1.0,1.0,1,1.0,1.0,0.8184399726666666,2.143755427,1.1995766129999998,1.3253154543333334,0.3811366403333333,2.6193190687096446,1.465686737038884
S009,three_singleton_scaffolds,5,SIG-NIHDA-2063|SIG-NIHDA-401|SIG-NIHDA-724,0.0,0.5,3,-0.5,0.5841089908397159,0.8184399726666666,0.255397799,0.1557822455,-0.5630421736666666,-0.6626577271666666,0.3120544053681236,0.19034046564517793
S009,three_singleton_scaffolds,6,SIG-NIHDA-2063|SIG-NIHDA-724|SIG-NIHDA-401,0.0,1.0,2,0.5,0.7012672384267048,0.8184399726666666,0.255397799,1.1995766129999998,-0.5630421736666666,0.3811366403333333,0.3120544053681236,1.465686737038884
S010,three_singleton_scaffolds,1,SIG-NIHDA-401|SIG-NIHDA-724|SIG-NIHDA-2064,0.0,1.0,2,0.5,0.6487065471003989,0.7426647413333334,0.056166692,1.0999610595,-0.6864980493333334,0.3572963181666666,0.07562859642314763,1.4811004189120374
S010,three_singleton_scaffolds,2,SIG-NIHDA-401|SIG-NIHDA-2064|SIG-NIHDA-724,0.0,0.5,3,-0.5,0.522406041420007,0.7426647413333333,0.056166692,0.0421193985,-0.6864980493333332,-0.7005453428333333,0.07562859642314765,0.056713879299536286
S010,three_singleton_scaffolds,3,SIG-NIHDA-724|SIG-NIHDA-401|SIG-NIHDA-2064,1.0,1.0,1,1.0,1.0,0.7426647413333334,2.143755427,1.0999610595,1.4010906856666665,0.3572963181666666,2.886572241400927,1.4811004189120374
S010,three_singleton_scaffolds,4,SIG-NIHDA-724|SIG-NIHDA-2064|SIG-NIHDA-401,1.0,0.5,1,0.5,0.998322830024662,0.7426647413333334,2.143755427,1.085913766,1.4010906856666665,0.3432490246666666,2.886572241400927,1.462185701788426
S010,three_singleton_scaffolds,5,SIG-NIHDA-2064|SIG-NIHDA-401|SIG-NIHDA-724,0.0,0.5,3,-1.0,0.5176783647902429,0.7426647413333333,0.028072105,0.0421193985,-0.7145926363333333,-0.7005453428333333,0.037799162175924925,0.056713879299536286
S010,three_singleton_scaffolds,6,SIG-NIHDA-2064|SIG-NIHDA-724|SIG-NIHDA-401,0.0,0.5,2,-0.5,0.6423017004952968,0.7426647413333334,0.028072105,1.085913766,-0.7145926363333334,0.3432490246666666,0.03779916217592492,1.462185701788426
S011,three_singleton_scaffolds,1,SIG-NIHDA-401|SIG-NIHDA-724|SIG-NIHDA-2067,0.0,0.5,2,-0.5,0.6657662111300878,0.8884538913333334,0.056166692,1.0999610595,-0.8322871993333334,0.2115071681666666,0.06321846586288085,1.2380620651559648
S011,three_singleton_scaffolds,2,SIG-NIHDA-401|SIG-NIHDA-2067|SIG-NIHDA-724,0.0,0.5,3,-1.0,0.5766396149572235,0.8884538913333332,0.056166692,0.2608031235,-0.8322871993333332,-0.6276507678333332,0.06321846586288088,0.29354716777547546
S011,three_singleton_scaffolds,3,SIG-NIHDA-724|SIG-NIHDA-401|SIG-NIHDA-2067,1.0,0.5,1,0.5,0.9782656544017281,0.8884538913333334,2.143755427,1.0999610595,1.2553015356666664,0.2115071681666666,2.412905664449049,1.2380620651559648
S011,three_singleton_scaffolds,4,SIG-NIHDA-724|SIG-NIHDA-2067|SIG-NIHDA-401,1.0,1.0,1,1.0,1.0,0.8884538913333334,2.143755427,1.304597491,1.2553015356666664,0.4161435996666666,2.412905664449049,1.4683907670685594
S011,three_singleton_scaffolds,5,SIG-NIHDA-2067|SIG-NIHDA-401|SIG-NIHDA-724,0.0,0.5,3,-0.5,0.6379052942020822,0.8884538913333332,0.465439555,0.2608031235,-0.4230143363333332,-0.6276507678333332,0.5238758696880701,0.29354716777547546
S011,three_singleton_scaffolds,6,SIG-NIHDA-2067|SIG-NIHDA-724|SIG-NIHDA-401,0.0,1.0,2,0.5,0.7487662359732185,0.8884538913333334,0.465439555,1.304597491,-0.4230143363333334,0.4161435996666666,0.5238758696880699,1.4683907670685594
S012,three_singleton_scaffolds,1,SIG-NIHDA-401|SIG-NIHDA-785|SIG-NIHDA-2062,0.0,0.5,2,-0.5,0.6830893375290105,0.5210935866666666,0.056166692,0.6098801699999999,-0.4649268946666666,0.08878658333333334,0.10778618934707544,1.1703851008823265
S012,three_singleton_scaffolds,2,SIG-NIHDA-401|SIG-NIHDA-2062|SIG-NIHDA-785,0.0,0.5,3,-1.0,0.6068532544236053,0.5210935866666667,0.056166692,0.199843556,-0.4649268946666667,-0.3212500306666667,0.10778618934707543,0.3835079937912112
S012,three_singleton_scaffolds,3,SIG-NIHDA-785|SIG-NIHDA-401|SIG-NIHDA-2062,1.0,0.5,1,0.5,0.9732868700739296,0.5210935866666666,1.163593648,0.6098801699999999,0.6425000613333334,0.08878658333333334,2.2329840124175777,1.1703851008823265
S012,three_singleton_scaffolds,4,SIG-NIHDA-785|SIG-NIHDA-2062|SIG-NIHDA-401,1.0,1.0,1,1.0,1.0,0.5210935866666666,1.163593648,0.753557034,0.6425000613333334,0.23246344733333335,2.2329840124175777,1.4461069053264624
S012,three_singleton_scaffolds,5,SIG-NIHDA-2062|SIG-NIHDA-401|SIG-NIHDA-785,0.0,0.5,3,-0.5,0.6821533384439402,0.5210935866666667,0.34352042,0.199843556,-0.17757316666666673,-0.3212500306666667,0.659229798235347,0.3835079937912112
S012,three_singleton_scaffolds,6,SIG-NIHDA-2062|SIG-NIHDA-785|SIG-NIHDA-401,0.0,1.0,2,0.5,0.785102551475416,0.5210935866666666,0.34352042,0.753557034,-0.17757316666666662,0.23246344733333335,0.6592297982353471,1.4461069053264624
S013,three_singleton_scaffolds,1,SIG-NIHDA-401|SIG-NIHDA-785|SIG-NIHDA-2063,0.0,0.5,2,-0.5,0.678593452466299,0.4917193796666666,0.056166692,0.6098801699999999,-0.4355526876666666,0.11816079033333332,0.11422509325964544,1.2403012677951268
S013,three_singleton_scaffolds,2,SIG-NIHDA-401|SIG-NIHDA-2063|SIG-NIHDA-785,0.0,0.5,3,-1.0,0.5906953636331583,0.4917193796666666,0.056166692,0.1557822455,-0.4355526876666666,-0.3359371341666666,0.11422509325964544,0.31681127883469584
S013,three_singleton_scaffolds,3,SIG-NIHDA-785|SIG-NIHDA-401|SIG-NIHDA-2063,1.0,0.5,1,0.5,0.9807177784828095,0.4917193796666666,1.163593648,0.6098801699999999,0.6718742683333334,0.11816079033333332,2.3663774423306085,1.2403012677951268
S013,three_singleton_scaffolds,4,SIG-NIHDA-785|SIG-NIHDA-2063|SIG-NIHDA-401,1.0,1.0,1,1.0,1.0,0.4917193796666666,1.163593648,0.7094957235,0.6718742683333334,0.21777634383333339,2.3663774423306085,1.4428874533701774
S013,three_singleton_scaffolds,5,SIG-NIHDA-2063|SIG-NIHDA-401|SIG-NIHDA-785,0.0,0.5,3,-0.5,0.6450488933154341,0.4917193796666666,0.255397799,0.1557822455,-0.23632158066666664,-0.3359371341666666,0.5193974644097462,0.31681127883469584
S013,three_singleton_scaffolds,6,SIG-NIHDA-2063|SIG-NIHDA-785|SIG-NIHDA-401,0.0,1.0,2,0.5,0.7522292036657654,0.4917193796666666,0.255397799,0.7094957235,-0.23632158066666664,0.21777634383333339,0.5193974644097462,1.4428874533701774
S014,three_singleton_scaffolds,1,SIG-NIHDA-401|SIG-NIHDA-785|SIG-NIHDA-2064,0.0,1.0,2,0.5,0.6630702503961998,0.41594414833333326,0.056166692,0.6098801699999999,-0.35977745633333325,0.19393602166666668,0.13503421607217467,1.4662549586134541
S014,three_singleton_scaffolds,2,SIG-NIHDA-401|SIG-NIHDA-2064|SIG-NIHDA-785,0.0,0.5,3,-0.5,0.5405101911063073,0.4159441483333333,0.056166692,0.0421193985,-0.3597774563333333,-0.3738247498333333,0.13503421607217467,0.10126214942263342
S014,three_singleton_scaffolds,3,SIG-NIHDA-785|SIG-NIHDA-401|SIG-NIHDA-2064,1.0,1.0,1,1.0,1.0,0.41594414833333326,1.163593648,0.6098801699999999,0.7476494996666667,0.19393602166666668,2.7974757011547338,1.4662549586134541
S014,three_singleton_scaffolds,4,SIG-NIHDA-785|SIG-NIHDA-2064|SIG-NIHDA-401,1.0,0.5,1,0.5,0.9969676715781648,0.41594414833333326,1.163593648,0.5958328764999999,0.7476494996666667,0.17988872816666668,2.7974757011547338,1.4324828919639128
S014,three_singleton_scaffolds,5,SIG-NIHDA-2064|SIG-NIHDA-401|SIG-NIHDA-785,0.0,0.5,3,-1.0,0.5319625373654928,0.4159441483333333,0.028072105,0.0421193985,-0.3878720433333333,-0.3738247498333333,0.06749008277309218,0.10126214942263342
S014,three_singleton_scaffolds,6,SIG-NIHDA-2064|SIG-NIHDA-785|SIG-NIHDA-401,0.0,0.5,2,-0.5,0.6514902682335502,0.41594414833333326,0.028072105,0.5958328764999999,-0.38787204333333325,0.17988872816666668,0.0674900827730922,1.4324828919639128
S015,three_singleton_scaffolds,1,SIG-NIHDA-401|SIG-NIHDA-785|SIG-NIHDA-2067,0.0,0.5,2,-0.5,0.6887545108107215,0.5617332983333333,0.056166692,0.6098801699999999,-0.5055666063333333,0.048146871666666646,0.099988183300949,1.0857112651315468
S015,three_singleton_scaffolds,2,SIG-NIHDA-401|SIG-NIHDA-2067|SIG-NIHDA-785,0.0,0.5,3,-1.0,0.6272134838151542,0.5617332983333333,0.056166692,0.2608031235,-0.5055666063333333,-0.3009301748333333,0.099988183300949,0.46428282651892766
S015,three_singleton_scaffolds,3,SIG-NIHDA-785|SIG-NIHDA-401|SIG-NIHDA-2067,1.0,0.5,1,0.5,0.9639233335978793,0.5617332983333333,1.163593648,0.6098801699999999,0.6018603496666667,0.048146871666666646,2.071434346962145,1.0857112651315468
S015,three_singleton_scaffolds,4,SIG-NIHDA-785|SIG-NIHDA-2067|SIG-NIHDA-401,1.0,1.0,1,1.0,1.0,0.5617332983333333,1.163593648,0.8145166015,0.6018603496666667,0.25278330316666675,2.071434346962145,1.4500059083495256
S015,three_singleton_scaffolds,5,SIG-NIHDA-2067|SIG-NIHDA-401|SIG-NIHDA-785,0.0,0.5,3,-0.5,0.7289078947198854,0.5617332983333333,0.465439555,0.2608031235,-0.09629374333333329,-0.3009301748333333,0.8285774697369063,0.46428282651892766
S015,three_singleton_scaffolds,6,SIG-NIHDA-2067|SIG-NIHDA-785|SIG-NIHDA-401,0.0,1.0,2,0.5,0.8265255881175735,0.5617332983333333,0.465439555,0.8145166015,-0.09629374333333329,0.25278330316666675,0.8285774697369063,1.4500059083495256
S016,three_singleton_scaffolds,1,SIG-NIHDA-401|SIG-NIHDA-2062|SIG-NIHDA-2063,0.0,0.5,2,-0.5,0.7519643063047969,0.218361637,0.056166692,0.199843556,-0.162194945,-0.018518080999999992,0.25721867985446545,0.9151953554918624
S016,three_singleton_scaffolds,2,SIG-NIHDA-401|SIG-NIHDA-2063|SIG-NIHDA-2062,0.0,0.5,3,-1.0,0.7303067749010753,0.218361637,0.056166692,0.1557822455,-0.162194945,-0.0625793915,0.25721867985446545,0.7134139844353704
S016,three_singleton_scaffolds,3,SIG-NIHDA-2062|SIG-NIHDA-401|SIG-NIHDA-2063,1.0,0.5,1,0.5,0.9510357963995341,0.218361637,0.34352042,0.199843556,0.125158783,-0.018518080999999992,1.5731720311292592,0.9151953554918624
S016,three_singleton_scaffolds,4,SIG-NIHDA-2062|SIG-NIHDA-2063|SIG-NIHDA-401,1.0,1.0,1,1.0,1.0,0.218361637,0.34352042,0.2994591095,0.125158783,0.08109747249999999,1.5731720311292592,1.3713906600727672
S016,three_singleton_scaffolds,5,SIG-NIHDA-2063|SIG-NIHDA-401|SIG-NIHDA-2062,0.0,0.5,3,-0.5,0.8683291128041145,0.218361637,0.255397799,0.1557822455,0.037036161999999984,-0.0625793915,1.1696092890162753,0.7134139844353704
S016,three_singleton_scaffolds,6,SIG-NIHDA-2063|SIG-NIHDA-2062|SIG-NIHDA-401,0.0,1.0,2,0.5,0.9389508478083021,0.218361637,0.255397799,0.2994591095,0.037036161999999984,0.08109747249999999,1.1696092890162753,1.3713906600727672
S017,three_singleton_scaffolds,1,SIG-NIHDA-401|SIG-NIHDA-2062|SIG-NIHDA-2064,0.0,1.0,2,0.5,0.7301389090894099,0.14258640566666667,0.056166692,0.199843556,-0.08641971366666668,0.05725715033333334,0.39391337299927776,1.4015610749539968
S017,three_singleton_scaffolds,2,SIG-NIHDA-401|SIG-NIHDA-2064|SIG-NIHDA-2062,0.0,0.5,3,-0.5,0.6250441731328101,0.14258640566666667,0.056166692,0.0421193985,-0.08641971366666668,-0.10046700716666666,0.39391337299927776,0.29539561154564203
S017,three_singleton_scaffolds,3,SIG-NIHDA-2062|SIG-NIHDA-401|SIG-NIHDA-2064,1.0,1.0,1,1.0,1.0,0.14258640566666667,0.34352042,0.199843556,0.20093401433333333,0.05725715033333334,2.409208776908716,1.4015610749539968
S017,three_singleton_scaffolds,4,SIG-NIHDA-2062|SIG-NIHDA-2064|SIG-NIHDA-401,1.0,0.5,1,0.5,0.9906400095921427,0.14258640566666667,0.34352042,0.1857962625,0.20093401433333333,0.04320985683333334,2.409208776908716,1.3030433135003612
S017,three_singleton_scaffolds,5,SIG-NIHDA-2064|SIG-NIHDA-401|SIG-NIHDA-2062,0.0,0.5,3,-1.0,0.598659842053234,0.14258640566666667,0.028072105,0.0421193985,-0.11451430066666667,-0.10046700716666666,0.1968778500920063,0.29539561154564203
S017,three_singleton_scaffolds,6,SIG-NIHDA-2064|SIG-NIHDA-2062|SIG-NIHDA-401,0.0,0.5,2,-0.5,0.6943945876019765,0.14258640566666667,0.028072105,0.1857962625,-0.11451430066666667,0.04320985683333334,0.1968778500920063,1.3030433135003612
S018,three_singleton_scaffolds,1,SIG-NIHDA-401|SIG-NIHDA-2062|SIG-NIHDA-2067,0.0,0.5,3,-1.0,0.7118852436287285,0.28837555566666667,0.056166692,0.199843556,-0.23220886366666668,-0.08853199966666667,0.1947692545235113,0.6929975584719781
S018,three_singleton_scaffolds,2,SIG-NIHDA-401|SIG-NIHDA-2067|SIG-NIHDA-2062,0.0,0.5,2,-0.5,0.734359885054451,0.28837555566666667,0.056166692,0.2608031235,-0.23220886366666668,-0.02757243216666666,0.1947692545235113,0.9043870687897776
S018,three_singleton_scaffolds,3,SIG-NIHDA-2062|SIG-NIHDA-401|SIG-NIHDA-2067,0.0,0.5,3,-0.5,0.8612019559177253,0.28837555566666667,0.34352042,0.199843556,0.05514486433333332,-0.08853199966666667,1.1912258624204448,0.6929975584719781
S018,three_singleton_scaffolds,4,SIG-NIHDA-2062|SIG-NIHDA-2067|SIG-NIHDA-401,0.0,1.0,2,0.5,0.9366475440217072,0.28837555566666667,0.34352042,0.4044799875,0.05514486433333332,0.11610443183333335,1.1912258624204448,1.4026153727382444
S018,three_singleton_scaffolds,5,SIG-NIHDA-2067|SIG-NIHDA-401|SIG-NIHDA-2062,1.0,0.5,1,0.5,0.9470290533217403,0.28837555566666667,0.465439555,0.2608031235,0.17706399933333333,-0.02757243216666666,1.6140048830560438,0.9043870687897776
S018,three_singleton_scaffolds,6,SIG-NIHDA-2067|SIG-NIHDA-2062|SIG-NIHDA-401,1.0,1.0,1,1.0,1.0,0.28837555566666667,0.465439555,0.4044799875,0.17706399933333333,0.11610443183333335,1.6140048830560438,1.4026153727382444
S019,three_singleton_scaffolds,1,SIG-NIHDA-401|SIG-NIHDA-2063|SIG-NIHDA-2064,0.0,1.0,2,0.5,0.7588151960091277,0.11321219866666667,0.056166692,0.1557822455,-0.05704550666666667,0.04257004683333333,0.49611872803012075,1.3760199637026158
S019,three_singleton_scaffolds,2,SIG-NIHDA-401|SIG-NIHDA-2064|SIG-NIHDA-2063,0.0,0.5,3,-0.5,0.661188040779647,0.11321219866666665,0.056166692,0.0421193985,-0.057045506666666655,-0.07109280016666665,0.4961187280301208,0.3720394003124446
S019,three_singleton_scaffolds,3,SIG-NIHDA-2063|SIG-NIHDA-401|SIG-NIHDA-2064,1.0,1.0,1,1.0,1.0,0.11321219866666667,0.255397799,0.1557822455,0.14218560033333333,0.04257004683333333,2.255921199375111,1.3760199637026158
S019,three_singleton_scaffolds,4,SIG-NIHDA-2063|SIG-NIHDA-2064|SIG-NIHDA-401,1.0,0.5,1,0.5,0.9879345156374749,0.11321219866666667,0.255397799,0.141734952,0.14218560033333333,0.02852275333333333,2.255921199375111,1.2519406359849397
S019,three_singleton_scaffolds,5,SIG-NIHDA-2064|SIG-NIHDA-401|SIG-NIHDA-2063,0.0,0.5,3,-1.0,0.6271773505775416,0.11321219866666665,0.028072105,0.0421193985,-0.08514009366666665,-0.07109280016666665,0.24796007259476835,0.3720394003124446
S019,three_singleton_scaffolds,6,SIG-NIHDA-2064|SIG-NIHDA-2063|SIG-NIHDA-401,0.0,0.5,2,-0.5,0.7127390214444973,0.11321219866666667,0.028072105,0.141734952,-0.08514009366666667,0.02852275333333333,0.24796007259476832,1.2519406359849397
S020,three_singleton_scaffolds,1,SIG-NIHDA-401|SIG-NIHDA-2063|SIG-NIHDA-2067,0.0,0.5,3,-1.0,0.6874161734938421,0.2590013486666667,0.056166692,0.1557822455,-0.2028346566666667,-0.10321910316666669,0.21685868544370485,0.6014727193582721
S020,three_singleton_scaffolds,2,SIG-NIHDA-401|SIG-NIHDA-2067|SIG-NIHDA-2063,0.0,0.5,2,-0.5,0.7294237416165968,0.2590013486666667,0.056166692,0.2608031235,-0.2028346566666667,0.001801774833333325,0.21685868544370485,1.0069566233635803
S020,three_singleton_scaffolds,3,SIG-NIHDA-2063|SIG-NIHDA-401|SIG-NIHDA-2067,0.0,0.5,3,-0.5,0.7997342693795264,0.2590013486666667,0.255397799,0.1557822455,-0.0036035496666667055,-0.10321910316666669,0.9860867532728393,0.6014727193582721
S020,three_singleton_scaffolds,4,SIG-NIHDA-2063|SIG-NIHDA-2067|SIG-NIHDA-401,0.0,1.0,2,0.5,0.8815873161292753,0.25900134866666663,0.255397799,0.36041867699999997,-0.00360354966666665,0.10141732833333333,0.9860867532728396,1.3915706572781477
S020,three_singleton_scaffolds,5,SIG-NIHDA-2067|SIG-NIHDA-401|SIG-NIHDA-2063,1.0,0.5,1,0.5,0.9601545213730058,0.2590013486666667,0.465439555,0.2608031235,0.20643820633333332,0.001801774833333325,1.7970545612834556,1.0069566233635803
S020,three_singleton_scaffolds,6,SIG-NIHDA-2067|SIG-NIHDA-2063|SIG-NIHDA-401,1.0,1.0,1,1.0,1.0,0.25900134866666663,0.465439555,0.36041867699999997,0.20643820633333337,0.10141732833333333,1.7970545612834559,1.3915706572781477
S021,three_singleton_scaffolds,1,SIG-NIHDA-401|SIG-NIHDA-2064|SIG-NIHDA-2067,0.0,0.5,3,-0.5,0.595436682110271,0.18322611733333335,0.056166692,0.0421193985,-0.12705942533333336,-0.14110671883333337,0.306543045377199,0.22987660882086183
S021,three_singleton_scaffolds,2,SIG-NIHDA-401|SIG-NIHDA-2067|SIG-NIHDA-2064,0.0,1.0,2,0.5,0.7066485367852827,0.18322611733333335,0.056166692,0.2608031235,-0.12705942533333336,0.07757700616666666,0.306543045377199,1.4233949138677375
S021,three_singleton_scaffolds,3,SIG-NIHDA-2064|SIG-NIHDA-401|SIG-NIHDA-2067,0.0,0.5,3,-1.0,0.5752995341340976,0.18322611733333335,0.028072105,0.0421193985,-0.15515401233333337,-0.14110671883333337,0.1532101722645246,0.22987660882086183
S021,three_singleton_scaffolds,4,SIG-NIHDA-2064|SIG-NIHDA-2067|SIG-NIHDA-401,0.0,0.5,2,-0.5,0.6793676218767541,0.18322611733333335,0.028072105,0.24675583,-0.15515401233333337,0.06352971266666665,0.1532101722645246,1.3467284773114003
S021,three_singleton_scaffolds,5,SIG-NIHDA-2067|SIG-NIHDA-401|SIG-NIHDA-2064,1.0,1.0,1,1.0,1.0,0.18322611733333335,0.465439555,0.2608031235,0.2822134376666666,0.07757700616666666,2.540246782358276,1.4233949138677375
S021,three_singleton_scaffolds,6,SIG-NIHDA-2067|SIG-NIHDA-2064|SIG-NIHDA-401,1.0,0.5,1,0.5,0.9928562330676451,0.18322611733333335,0.465439555,0.24675583,0.2822134376666666,0.06352971266666665,2.540246782358276,1.3467284773114003
S022,three_singleton_scaffolds,1,SIG-NIHDA-498|SIG-NIHDA-724|SIG-NIHDA-785,0.0,0.5,2,-0.5,0.697600347101879,1.1399543213333334,0.112513889,1.128134658,-1.0274404323333335,-0.011819663333333397,0.09870034868449776,0.9896314588118683
S022,three_singleton_scaffolds,2,SIG-NIHDA-498|SIG-NIHDA-785|SIG-NIHDA-724,0.0,0.5,3,-1.0,0.6538629851943776,1.1399543213333334,0.112513889,0.6380537685,-1.0274404323333335,-0.5019005528333335,0.09870034868449776,0.5597187155303804
S022,three_singleton_scaffolds,3,SIG-NIHDA-724|SIG-NIHDA-498|SIG-NIHDA-785,1.0,0.5,1,0.5,0.9530980938065813,1.1399543213333334,2.143755427,1.128134658,1.0038011056666665,-0.011819663333333397,1.8805625689392387,0.9896314588118683
S022,three_singleton_scaffolds,4,SIG-NIHDA-724|SIG-NIHDA-785|SIG-NIHDA-498,1.0,1.0,1,1.0,1.0,1.1399543213333334,2.143755427,1.6536745375,1.0038011056666665,0.5137202161666665,1.8805625689392387,1.450649825657751
S022,three_singleton_scaffolds,5,SIG-NIHDA-785|SIG-NIHDA-498|SIG-NIHDA-724,0.0,0.5,3,-0.5,0.786072033211306,1.1399543213333334,1.163593648,0.6380537685,0.02363932666666657,-0.5019005528333335,1.0207370823762631,0.5597187155303804
S022,three_singleton_scaffolds,6,SIG-NIHDA-785|SIG-NIHDA-724|SIG-NIHDA-498,0.0,1.0,2,0.5,0.8767113013122262,1.1399543213333334,1.163593648,1.6536745375,0.02363932666666657,0.5137202161666665,1.0207370823762631,1.450649825657751
S023,three_singleton_scaffolds,1,SIG-NIHDA-498|SIG-NIHDA-724|SIG-NIHDA-2062,0.0,0.5,2,-0.5,0.6772870325689464,0.8665965786666666,0.112513889,1.128134658,-0.7540826896666666,0.2615380793333334,0.12983421786999472,1.301799113649551
S023,three_singleton_scaffolds,2,SIG-NIHDA-498|SIG-NIHDA-2062|SIG-NIHDA-724,0.0,0.5,3,-1.0,0.5797575560537426,0.8665965786666666,0.112513889,0.22801715449999999,-0.7540826896666666,-0.6385794241666667,0.12983421786999472,0.26311799528544644
S023,three_singleton_scaffolds,3,SIG-NIHDA-724|SIG-NIHDA-498|SIG-NIHDA-2062,1.0,0.5,1,0.5,0.9874849972629027,0.8665965786666666,2.143755427,1.128134658,1.2771588483333334,0.2615380793333334,2.4737640094291073,1.301799113649551
S023,three_singleton_scaffolds,4,SIG-NIHDA-724|SIG-NIHDA-2062|SIG-NIHDA-498,1.0,1.0,1,1.0,1.0,0.8665965786666666,2.143755427,1.2436379235,1.2771588483333334,0.3770413448333333,2.4737640094291073,1.4350828910650026
S023,three_singleton_scaffolds,5,SIG-NIHDA-2062|SIG-NIHDA-498|SIG-NIHDA-724,0.0,0.5,3,-0.5,0.6150353673857061,0.8665965786666666,0.34352042,0.22801715449999999,-0.5230761586666666,-0.6385794241666667,0.39640177270089816,0.26311799528544644
S023,three_singleton_scaffolds,6,SIG-NIHDA-2062|SIG-NIHDA-724|SIG-NIHDA-498,0.0,1.0,2,0.5,0.7250798466380071,0.8665965786666666,0.34352042,1.2436379235,-0.5230761586666666,0.3770413448333333,0.39640177270089816,1.4350828910650026
S024,three_singleton_scaffolds,1,SIG-NIHDA-498|SIG-NIHDA-724|SIG-NIHDA-2063,0.0,0.5,2,-0.5,0.6745744970415766,0.8372223716666666,0.112513889,1.128134658,-0.7247084826666665,0.29091228633333344,0.13438949173804032,1.3474731399666393
S024,three_singleton_scaffolds,2,SIG-NIHDA-498|SIG-NIHDA-2063|SIG-NIHDA-724,0.0,0.5,3,-1.0,0.5698618982580113,0.8372223716666666,0.112513889,0.18395584399999998,-0.7247084826666665,-0.6532665276666666,0.13438949173804032,0.2197216059023809
S024,three_singleton_scaffolds,3,SIG-NIHDA-724|SIG-NIHDA-498|SIG-NIHDA-2063,1.0,0.5,1,0.5,0.992076847458019,0.8372223716666666,2.143755427,1.128134658,1.3065330553333334,0.29091228633333344,2.5605567881952385,1.3474731399666393
S024,three_singleton_scaffolds,4,SIG-NIHDA-724|SIG-NIHDA-2063|SIG-NIHDA-498,1.0,1.0,1,1.0,1.0,0.8372223716666666,2.143755427,1.1995766129999998,1.3065330553333334,0.36235424133333327,2.5605567881952385,1.43280525413098
S024,three_singleton_scaffolds,5,SIG-NIHDA-2063|SIG-NIHDA-498|SIG-NIHDA-724,0.0,0.5,3,-0.5,0.5921960108748493,0.8372223716666666,0.255397799,0.18395584399999998,-0.5818245726666667,-0.6532665276666666,0.3050537200667215,0.2197216059023809
S024,three_singleton_scaffolds,6,SIG-NIHDA-2063|SIG-NIHDA-724|SIG-NIHDA-498,0.0,1.0,2,0.5,0.7048317622003956,0.8372223716666666,0.255397799,1.1995766129999998,-0.5818245726666667,0.36235424133333327,0.3050537200667215,1.43280525413098
S025,three_singleton_scaffolds,1,SIG-NIHDA-498|SIG-NIHDA-724|SIG-NIHDA-2064,0.0,1.0,2,0.5,0.6636407052810421,0.7614471403333334,0.112513889,1.128134658,-0.6489332513333333,0.36668751766666663,0.14776323009203973,1.4815666094775068
S025,three_singleton_scaffolds,2,SIG-NIHDA-498|SIG-NIHDA-2064|SIG-NIHDA-724,0.0,0.5,3,-0.5,0.5393548108005383,0.7614471403333333,0.112513889,0.070292997,-0.6489332513333332,-0.6911541433333332,0.14776323009203976,0.09231500556851305
S025,three_singleton_scaffolds,3,SIG-NIHDA-724|SIG-NIHDA-498|SIG-NIHDA-2064,1.0,1.0,1,1.0,1.0,0.7614471403333334,2.143755427,1.128134658,1.3823082866666665,0.36668751766666663,2.8153699888629737,1.4815666094775068
S025,three_singleton_scaffolds,4,SIG-NIHDA-724|SIG-NIHDA-2064|SIG-NIHDA-498,1.0,0.5,1,0.5,0.9950394642965525,0.7614471403333334,2.143755427,1.085913766,1.3823082866666665,0.3244666256666666,2.8153699888629737,1.42611838495398
S025,three_singleton_scaffolds,5,SIG-NIHDA-2064|SIG-NIHDA-498|SIG-NIHDA-724,0.0,0.5,3,-1.0,0.5253718460079727,0.7614471403333333,0.028072105,0.070292997,-0.7333750353333333,-0.6911541433333332,0.03686678104498636,0.09231500556851305
S025,three_singleton_scaffolds,6,SIG-NIHDA-2064|SIG-NIHDA-724|SIG-NIHDA-498,0.0,0.5,2,-0.5,0.644697204785029,0.7614471403333334,0.028072105,1.085913766,-0.7333750353333334,0.3244666256666666,0.036866781044986356,1.42611838495398
S026,three_singleton_scaffolds,1,SIG-NIHDA-498|SIG-NIHDA-724|SIG-NIHDA-2067,0.0,0.5,2,-0.5,0.6808404336186753,0.9072362903333334,0.112513889,1.128134658,-0.7947224013333334,0.2208983676666666,0.12401828520181944,1.2434849333303288
S026,three_singleton_scaffolds,2,SIG-NIHDA-498|SIG-NIHDA-2067|SIG-NIHDA-724,0.0,0.5,3,-1.0,0.592720793012045,0.9072362903333332,0.112513889,0.288976722,-0.7947224013333332,-0.6182595683333332,0.12401828520181947,0.3185242092705808
S026,three_singleton_scaffolds,3,SIG-NIHDA-724|SIG-NIHDA-498|SIG-NIHDA-2067,1.0,0.5,1,0.5,0.9814697081952071,0.9072362903333334,2.143755427,1.128134658,1.2365191366666664,0.2208983676666666,2.362951581458838,1.2434849333303288
S026,three_singleton_scaffolds,4,SIG-NIHDA-724|SIG-NIHDA-2067|SIG-NIHDA-498,1.0,1.0,1,1.0,1.0,0.9072362903333334,2.143755427,1.304597491,1.2365191366666664,0.3973612006666666,2.362951581458838,1.43799085739909
S026,three_singleton_scaffolds,5,SIG-NIHDA-2067|SIG-NIHDA-498|SIG-NIHDA-724,0.0,0.5,3,-0.5,0.6449547518811057,0.9072362903333332,0.465439555,0.288976722,-0.4417967353333332,-0.6182595683333332,0.5130301333393421,0.3185242092705808
S026,three_singleton_scaffolds,6,SIG-NIHDA-2067|SIG-NIHDA-724|SIG-NIHDA-498,0.0,1.0,2,0.5,0.7516046842925289,0.9072362903333334,0.465439555,1.304597491,-0.4417967353333334,0.3973612006666666,0.513030133339342,1.43799085739909
S027,three_singleton_scaffolds,1,SIG-NIHDA-498|SIG-NIHDA-785|SIG-NIHDA-2062,0.0,0.5,2,-0.5,0.7089158906053415,0.5398759856666666,0.112513889,0.6380537685,-0.4273620966666666,0.09817778283333334,0.20840691563834252,1.1818524724934716
S027,three_singleton_scaffolds,2,SIG-NIHDA-498|SIG-NIHDA-2062|SIG-NIHDA-785,0.0,0.5,3,-1.0,0.6341749091061143,0.5398759856666667,0.112513889,0.22801715449999999,-0.4273620966666667,-0.31185883116666674,0.2084069156383425,0.42235098532569965
S027,three_singleton_scaffolds,3,SIG-NIHDA-785|SIG-NIHDA-498|SIG-NIHDA-2062,1.0,0.5,1,0.5,0.9789462034972422,0.5398759856666666,1.163593648,0.6380537685,0.6237176623333334,0.09817778283333334,2.1552980293486006,1.1818524724934716
S027,three_singleton_scaffolds,4,SIG-NIHDA-785|SIG-NIHDA-2062|SIG-NIHDA-498,1.0,1.0,1,1.0,1.0,0.5398759856666666,1.163593648,0.753557034,0.6237176623333334,0.21368104833333335,2.1552980293486006,1.3957965421808287
S027,three_singleton_scaffolds,5,SIG-NIHDA-2062|SIG-NIHDA-498|SIG-NIHDA-785,0.0,0.5,3,-0.5,0.6935222281957236,0.5398759856666667,0.34352042,0.22801715449999999,-0.19635556566666673,-0.31185883116666674,0.6362950550130568,0.42235098532569965
S027,three_singleton_scaffolds,6,SIG-NIHDA-2062|SIG-NIHDA-785|SIG-NIHDA-498,0.0,1.0,2,0.5,0.7893170061977085,0.5398759856666666,0.34352042,0.753557034,-0.19635556566666662,0.21368104833333335,0.6362950550130569,1.3957965421808287
S028,three_singleton_scaffolds,1,SIG-NIHDA-498|SIG-NIHDA-785|SIG-NIHDA-2063,0.0,0.5,2,-0.5,0.7055515141260458,0.5105017786666667,0.112513889,0.6380537685,-0.39798788966666665,0.12755198983333327,0.2203986228879845,1.2498561124830452
S028,three_singleton_scaffolds,2,SIG-NIHDA-498|SIG-NIHDA-2063|SIG-NIHDA-785,0.0,0.5,3,-1.0,0.619446637308511,0.5105017786666667,0.112513889,0.18395584399999998,-0.39798788966666665,-0.3265459346666667,0.2203986228879845,0.36034319896094696
S028,three_singleton_scaffolds,3,SIG-NIHDA-785|SIG-NIHDA-498|SIG-NIHDA-2063,1.0,0.5,1,0.5,0.9864533608215623,0.5105017786666667,1.163593648,0.6380537685,0.6530918693333333,0.12755198983333327,2.2793136020781057,1.2498561124830452
S028,three_singleton_scaffolds,4,SIG-NIHDA-785|SIG-NIHDA-2063|SIG-NIHDA-498,1.0,1.0,1,1.0,1.0,0.5105017786666667,1.163593648,0.7094957235,0.6530918693333333,0.19899394483333332,2.2793136020781057,1.3898006885560077
S028,three_singleton_scaffolds,5,SIG-NIHDA-2063|SIG-NIHDA-498|SIG-NIHDA-785,0.0,0.5,3,-0.5,0.6576324684392159,0.5105017786666667,0.255397799,0.18395584399999998,-0.2551039796666667,-0.3265459346666667,0.5002877750339094,0.36034319896094696
S028,three_singleton_scaffolds,6,SIG-NIHDA-2063|SIG-NIHDA-785|SIG-NIHDA-498,0.0,1.0,2,0.5,0.7572839844351883,0.5105017786666667,0.255397799,0.7094957235,-0.2551039796666667,0.19899394483333332,0.5002877750339094,1.3898006885560077
S029,three_singleton_scaffolds,1,SIG-NIHDA-498|SIG-NIHDA-785|SIG-NIHDA-2064,0.0,1.0,2,0.5,0.6893187133349465,0.43472654733333327,0.112513889,0.6380537685,-0.32221265833333324,0.20332722116666668,0.25881531664025165,1.467712916116812
S029,three_singleton_scaffolds,2,SIG-NIHDA-498|SIG-NIHDA-2064|SIG-NIHDA-785,0.0,0.5,3,-0.5,0.5702482301564785,0.4347265473333333,0.112513889,0.070292997,-0.32221265833333335,-0.36443355033333336,0.25881531664025165,0.16169474220331373
S029,three_singleton_scaffolds,3,SIG-NIHDA-785|SIG-NIHDA-498|SIG-NIHDA-2064,1.0,1.0,1,1.0,1.0,0.43472654733333327,1.163593648,0.6380537685,0.7288671006666667,0.20332722116666668,2.676610515593373,1.467712916116812
S029,three_singleton_scaffolds,4,SIG-NIHDA-785|SIG-NIHDA-2064|SIG-NIHDA-498,1.0,0.5,1,0.5,0.991145457271759,0.43472654733333327,1.163593648,0.5958328764999999,0.7288671006666667,0.16110632916666667,2.676610515593373,1.3705923416798742
S029,three_singleton_scaffolds,5,SIG-NIHDA-2064|SIG-NIHDA-498|SIG-NIHDA-785,0.0,0.5,3,-1.0,0.5452886760629129,0.4347265473333333,0.028072105,0.070292997,-0.4066544423333333,-0.36443355033333336,0.06457416776637585,0.16169474220331373
S029,three_singleton_scaffolds,6,SIG-NIHDA-2064|SIG-NIHDA-785|SIG-NIHDA-498,0.0,0.5,2,-0.5,0.6555046165131396,0.43472654733333327,0.028072105,0.5958328764999999,-0.40665444233333325,0.16110632916666667,0.06457416776637587,1.3705923416798742
S030,three_singleton_scaffolds,1,SIG-NIHDA-498|SIG-NIHDA-785|SIG-NIHDA-2067,0.0,0.5,2,-0.5,0.713163003448998,0.5805156973333333,0.112513889,0.6380537685,-0.46800180833333327,0.05753807116666665,0.19381713451823215,1.0991154441317859
S030,three_singleton_scaffolds,2,SIG-NIHDA-498|SIG-NIHDA-2067|SIG-NIHDA-785,0.0,0.5,3,-1.0,0.6527675466130672,0.5805156973333333,0.112513889,0.288976722,-0.46800180833333327,-0.2915389753333333,0.19381713451823215,0.4977931231273303
S030,three_singleton_scaffolds,3,SIG-NIHDA-785|SIG-NIHDA-498|SIG-NIHDA-2067,1.0,0.5,1,0.5,0.9694693377280033,0.5805156973333333,1.163593648,0.6380537685,0.5830779506666667,0.05753807116666665,2.0044137537453395,1.0991154441317859
S030,three_singleton_scaffolds,4,SIG-NIHDA-785|SIG-NIHDA-2067|SIG-NIHDA-498,1.0,1.0,1,1.0,1.0,0.5805156973333333,1.163593648,0.8145166015,0.5830779506666667,0.23400090416666675,2.0044137537453395,1.403091432740884
S030,three_singleton_scaffolds,5,SIG-NIHDA-2067|SIG-NIHDA-498|SIG-NIHDA-785,0.0,0.5,3,-0.5,0.7388286499221992,0.5805156973333333,0.465439555,0.288976722,-0.1150761423333333,-0.2915389753333333,0.8017691117364285,0.4977931231273303
S030,three_singleton_scaffolds,6,SIG-NIHDA-2067|SIG-NIHDA-785|SIG-NIHDA-498,0.0,1.0,2,0.5,0.8297547690301267,0.5805156973333333,0.465439555,0.8145166015,-0.1150761423333333,0.23400090416666675,0.8017691117364285,1.403091432740884
S031,three_singleton_scaffolds,1,SIG-NIHDA-498|SIG-NIHDA-2062|SIG-NIHDA-2063,0.0,0.5,2,-0.5,0.8146505052591879,0.23714403599999997,0.112513889,0.22801715449999999,-0.12463014699999997,-0.00912688149999999,0.4744537998838816,0.9615133416216295
S031,three_singleton_scaffolds,2,SIG-NIHDA-498|SIG-NIHDA-2063|SIG-NIHDA-2062,0.0,0.5,3,-1.0,0.794080785950339,0.23714403599999997,0.112513889,0.18395584399999998,-0.12463014699999997,-0.053188191999999995,0.4744537998838816,0.7757135583203113
S031,three_singleton_scaffolds,3,SIG-NIHDA-2062|SIG-NIHDA-498|SIG-NIHDA-2063,1.0,0.5,1,0.5,0.9666478154065481,0.23714403599999997,0.34352042,0.22801715449999999,0.10637638400000002,-0.00912688149999999,1.4485728833593776,0.9615133416216295
S031,three_singleton_scaffolds,4,SIG-NIHDA-2062|SIG-NIHDA-2063|SIG-NIHDA-498,1.0,1.0,1,1.0,1.0,0.237144036,0.34352042,0.2994591095,0.10637638399999999,0.062315073499999984,1.4485728833593774,1.262773100058059
S031,three_singleton_scaffolds,5,SIG-NIHDA-2063|SIG-NIHDA-498|SIG-NIHDA-2062,0.0,0.5,3,-0.5,0.8880953139782828,0.23714403599999997,0.255397799,0.18395584399999998,0.018253763000000006,-0.053188191999999995,1.076973316756741,0.7757135583203113
S031,three_singleton_scaffolds,6,SIG-NIHDA-2063|SIG-NIHDA-2062|SIG-NIHDA-498,0.0,1.0,2,0.5,0.9420172178805833,0.237144036,0.255397799,0.2994591095,0.01825376299999998,0.062315073499999984,1.076973316756741,1.262773100058059
S032,three_singleton_scaffolds,1,SIG-NIHDA-498|SIG-NIHDA-2062|SIG-NIHDA-2064,0.0,1.0,2,0.5,0.8010531668911923,0.16136880466666667,0.112513889,0.22801715449999999,-0.048854915666666665,0.06664834983333331,0.6972468392042416,1.413018798590014
S032,three_singleton_scaffolds,2,SIG-NIHDA-498|SIG-NIHDA-2064|SIG-NIHDA-2062,0.0,0.5,3,-0.5,0.7046768557326379,0.16136880466666667,0.112513889,0.070292997,-0.048854915666666665,-0.09107580766666667,0.6972468392042416,0.4356046210121066
S032,three_singleton_scaffolds,3,SIG-NIHDA-2062|SIG-NIHDA-498|SIG-NIHDA-2064,1.0,1.0,1,1.0,1.0,0.16136880466666667,0.34352042,0.22801715449999999,0.18215161533333332,0.06664834983333331,2.1287907579757865,1.413018798590014
S032,three_singleton_scaffolds,4,SIG-NIHDA-2062|SIG-NIHDA-2064|SIG-NIHDA-498,1.0,0.5,1,0.5,0.9742012010761021,0.16136880466666667,0.34352042,0.1857962625,0.18215161533333332,0.024427457833333333,2.1287907579757865,1.1513765803978793
S032,three_singleton_scaffolds,5,SIG-NIHDA-2064|SIG-NIHDA-498|SIG-NIHDA-2062,0.0,0.5,3,-1.0,0.6319541260499089,0.16136880466666667,0.028072105,0.070292997,-0.13329669966666668,-0.09107580766666667,0.17396240281997172,0.4356046210121066
S032,three_singleton_scaffolds,6,SIG-NIHDA-2064|SIG-NIHDA-2062|SIG-NIHDA-498,0.0,0.5,2,-0.5,0.7025316382845652,0.16136880466666667,0.028072105,0.1857962625,-0.13329669966666668,0.024427457833333333,0.17396240281997172,1.1513765803978793
S033,three_singleton_scaffolds,1,SIG-NIHDA-498|SIG-NIHDA-2062|SIG-NIHDA-2067,0.0,0.5,3,-1.0,0.7610309223019988,0.3071579546666667,0.112513889,0.22801715449999999,-0.19464406566666667,-0.07914080016666669,0.3663062840814333,0.742344943491528
S033,three_singleton_scaffolds,2,SIG-NIHDA-498|SIG-NIHDA-2067|SIG-NIHDA-2062,0.0,0.5,2,-0.5,0.7826480846092325,0.3071579546666667,0.112513889,0.288976722,-0.19464406566666667,-0.018181232666666658,0.3663062840814333,0.9408081985491886
S033,three_singleton_scaffolds,3,SIG-NIHDA-2062|SIG-NIHDA-498|SIG-NIHDA-2067,0.0,0.5,3,-0.5,0.8764883169916426,0.3071579546666667,0.34352042,0.22801715449999999,0.036362465333333316,-0.07914080016666669,1.1183836029016228,0.742344943491528
S033,three_singleton_scaffolds,4,SIG-NIHDA-2062|SIG-NIHDA-2067|SIG-NIHDA-498,0.0,1.0,2,0.5,0.9390646419000381,0.3071579546666667,0.34352042,0.4044799875,0.036362465333333316,0.09732203283333335,1.1183836029016228,1.3168468579592834
S033,three_singleton_scaffolds,5,SIG-NIHDA-2067|SIG-NIHDA-498|SIG-NIHDA-2062,1.0,0.5,1,0.5,0.9590408373988382,0.3071579546666667,0.465439555,0.288976722,0.15828160033333333,-0.018181232666666658,1.515310113016944,0.9408081985491886
S033,three_singleton_scaffolds,6,SIG-NIHDA-2067|SIG-NIHDA-2062|SIG-NIHDA-498,1.0,1.0,1,1.0,1.0,0.3071579546666667,0.465439555,0.4044799875,0.15828160033333333,0.09732203283333335,1.515310113016944,1.3168468579592834
S034,three_singleton_scaffolds,1,SIG-NIHDA-498|SIG-NIHDA-2063|SIG-NIHDA-2064,0.0,1.0,2,0.5,0.8450917770561617,0.13199459766666666,0.112513889,0.18395584399999998,-0.019480708666666652,0.05196124633333332,0.8524128334716973,1.3936619168653703
S034,three_singleton_scaffolds,2,SIG-NIHDA-498|SIG-NIHDA-2064|SIG-NIHDA-2063,0.0,0.5,3,-0.5,0.7576600641194859,0.13199459766666666,0.112513889,0.070292997,-0.019480708666666652,-0.06170160066666666,0.8524128334716973,0.5325444998704782
S034,three_singleton_scaffolds,3,SIG-NIHDA-2063|SIG-NIHDA-498|SIG-NIHDA-2064,1.0,1.0,1,1.0,1.0,0.13199459766666666,0.255397799,0.18395584399999998,0.12340320133333332,0.05196124633333332,1.9349110002590435,1.3936619168653703
S034,three_singleton_scaffolds,4,SIG-NIHDA-2063|SIG-NIHDA-2064|SIG-NIHDA-498,1.0,0.5,1,0.5,0.967522853714245,0.13199459766666666,0.255397799,0.141734952,0.12340320133333332,0.00974035433333334,1.9349110002590435,1.0737935832641514
S034,three_singleton_scaffolds,5,SIG-NIHDA-2064|SIG-NIHDA-498|SIG-NIHDA-2063,0.0,0.5,3,-1.0,0.6661121305442678,0.13199459766666666,0.028072105,0.070292997,-0.10392249266666666,-0.06170160066666666,0.21267616626925942,0.5325444998704782
S034,three_singleton_scaffolds,6,SIG-NIHDA-2064|SIG-NIHDA-2063|SIG-NIHDA-498,0.0,0.5,2,-0.5,0.7210666971951888,0.13199459766666666,0.028072105,0.141734952,-0.10392249266666666,0.00974035433333334,0.21267616626925942,1.0737935832641514
S035,three_singleton_scaffolds,1,SIG-NIHDA-498|SIG-NIHDA-2063|SIG-NIHDA-2067,0.0,0.5,3,-1.0,0.7415730825849632,0.27778374766666664,0.112513889,0.18395584399999998,-0.16526985866666663,-0.09382790366666666,0.4050412954144955,0.6622268060863743
S035,three_singleton_scaffolds,2,SIG-NIHDA-498|SIG-NIHDA-2067|SIG-NIHDA-2063,0.0,0.5,2,-0.5,0.7818474280349852,0.2777837476666667,0.112513889,0.288976722,-0.16526985866666669,0.011192974333333328,0.40504129541449546,1.0402938416208733
S035,three_singleton_scaffolds,3,SIG-NIHDA-2063|SIG-NIHDA-498|SIG-NIHDA-2067,0.0,0.5,3,-0.5,0.8188014512119297,0.27778374766666664,0.255397799,0.18395584399999998,-0.022385948666666655,-0.09382790366666666,0.9194123167582532,0.6622268060863743
S035,three_singleton_scaffolds,4,SIG-NIHDA-2063|SIG-NIHDA-2067|SIG-NIHDA-498,0.0,1.0,2,0.5,0.8864729964386939,0.27778374766666664,0.255397799,0.36041867699999997,-0.022385948666666655,0.08263492933333333,0.9194123167582532,1.2974793522927524
S035,three_singleton_scaffolds,5,SIG-NIHDA-2067|SIG-NIHDA-498|SIG-NIHDA-2063,1.0,0.5,1,0.5,0.9726028002232575,0.2777837476666667,0.465439555,0.288976722,0.1876558073333333,0.011192974333333328,1.6755463878272512,1.0402938416208733
S035,three_singleton_scaffolds,6,SIG-NIHDA-2067|SIG-NIHDA-2063|SIG-NIHDA-498,1.0,1.0,1,1.0,1.0,0.27778374766666664,0.465439555,0.36041867699999997,0.18765580733333337,0.08263492933333333,1.6755463878272516,1.2974793522927524
S036,three_singleton_scaffolds,1,SIG-NIHDA-498|SIG-NIHDA-2064|SIG-NIHDA-2067,0.0,0.5,3,-0.5,0.6593441424817016,0.2020085163333333,0.112513889,0.070292997,-0.0894946273333333,-0.1317155193333333,0.5569759683514598,0.34797046320566927
S036,three_singleton_scaffolds,2,SIG-NIHDA-498|SIG-NIHDA-2067|SIG-NIHDA-2064,0.0,1.0,2,0.5,0.7633734991745443,0.20200851633333336,0.112513889,0.288976722,-0.08949462733333335,0.08696820566666666,0.5569759683514597,1.4305175209700605
S036,three_singleton_scaffolds,3,SIG-NIHDA-2064|SIG-NIHDA-498|SIG-NIHDA-2067,0.0,0.5,3,-1.0,0.602728356789938,0.2020085163333333,0.028072105,0.070292997,-0.17393641133333332,-0.1317155193333333,0.13896495805987877,0.34797046320566927
S036,three_singleton_scaffolds,4,SIG-NIHDA-2064|SIG-NIHDA-2067|SIG-NIHDA-498,0.0,0.5,2,-0.5,0.6866729438742606,0.20200851633333336,0.028072105,0.24675583,-0.17393641133333337,0.04474731366666665,0.13896495805987874,1.22151201582427
S036,three_singleton_scaffolds,5,SIG-NIHDA-2067|SIG-NIHDA-498|SIG-NIHDA-2064,1.0,1.0,1,1.0,1.0,0.20200851633333336,0.465439555,0.288976722,0.2634310386666666,0.08696820566666666,2.304059073588661,1.4305175209700605
S036,three_singleton_scaffolds,6,SIG-NIHDA-2067|SIG-NIHDA-2064|SIG-NIHDA-498,1.0,0.5,1,0.5,0.9799152303914799,0.20200851633333336,0.465439555,0.24675583,0.2634310386666666,0.04474731366666665,2.304059073588661,1.22151201582427
S037,one_three_member_scaffold,1,SIG-NIHDA-723|SIG-NIHDA-1057|SIG-NIHDA-1058,1.0,1.0,1,1.0,1.0,1.5326791656666667,1.930777231,1.7172219245,0.39809806533333325,0.18454275883333326,1.2597399861961152,1.1204053418140274
S037,one_three_member_scaffold,2,SIG-NIHDA-723|SIG-NIHDA-1058|SIG-NIHDA-1057,1.0,0.5,1,0.5,0.9871360757839553,1.5326791656666667,1.930777231,1.5471854395,0.39809806533333325,0.01450627383333325,1.2597399861961152,1.0094646512840302
S037,one_three_member_scaffold,3,SIG-NIHDA-1057|SIG-NIHDA-723|SIG-NIHDA-1058,0.0,1.0,2,0.5,0.9544579678024139,1.5326791656666667,1.503666618,1.7172219245,-0.02901254766666672,0.18454275883333326,0.9810706974319396,1.1204053418140274
S037,one_three_member_scaffold,4,SIG-NIHDA-1057|SIG-NIHDA-1058|SIG-NIHDA-723,0.0,0.5,3,-0.5,0.9254377505487296,1.5326791656666667,1.503666618,1.333630133,-0.02901254766666672,-0.19904903266666674,0.9810706974319396,0.8701300069019424
S037,one_three_member_scaffold,5,SIG-NIHDA-1058|SIG-NIHDA-723|SIG-NIHDA-1057,0.0,0.5,2,-0.5,0.9053326778467433,1.5326791656666667,1.163593648,1.5471854395,-0.36908551766666675,0.01450627383333325,0.7591893163719452,1.0094646512840302
S037,one_three_member_scaffold,6,SIG-NIHDA-1058|SIG-NIHDA-1057|SIG-NIHDA-723,0.0,0.5,3,-1.0,0.8891763848091038,1.5326791656666667,1.163593648,1.333630133,-0.36908551766666675,-0.19904903266666674,0.7591893163719452,0.8701300069019424
S038,three_singleton_scaffolds,1,SIG-NIHDA-724|SIG-NIHDA-785|SIG-NIHDA-2062,1.0,1.0,1,1.0,1.0,1.2169564983333332,2.143755427,1.6536745375,0.9267989286666667,0.43671803916666674,1.761571124305554,1.3588608465173309
S038,three_singleton_scaffolds,2,SIG-NIHDA-724|SIG-NIHDA-2062|SIG-NIHDA-785,1.0,0.5,1,0.5,0.9647921626764489,1.2169564983333332,2.143755427,1.2436379235,0.9267989286666667,0.026681425166666717,1.761571124305554,1.0219247156354463
S038,three_singleton_scaffolds,3,SIG-NIHDA-785|SIG-NIHDA-724|SIG-NIHDA-2062,0.0,1.0,2,0.5,0.8813807530994568,1.2169564983333332,1.163593648,1.6536745375,-0.05336285033333321,0.43671803916666674,0.9561505687291078,1.3588608465173309
S038,three_singleton_scaffolds,4,SIG-NIHDA-785|SIG-NIHDA-2062|SIG-NIHDA-724,0.0,0.5,3,-0.5,0.8040920682521348,1.2169564983333332,1.163593648,0.753557034,-0.05336285033333321,-0.46339946433333323,0.9561505687291078,0.6192144378472231
S038,three_singleton_scaffolds,5,SIG-NIHDA-2062|SIG-NIHDA-724|SIG-NIHDA-785,0.0,0.5,2,-0.5,0.7469275964900394,1.2169564983333332,0.34352042,1.2436379235,-0.8734360783333333,0.026681425166666717,0.28227830696533845,1.0219247156354463
S038,three_singleton_scaffolds,6,SIG-NIHDA-2062|SIG-NIHDA-785|SIG-NIHDA-724,0.0,0.5,3,-1.0,0.7048467489662686,1.2169564983333332,0.34352042,0.753557034,-0.8734360783333333,-0.46339946433333323,0.28227830696533845,0.6192144378472231
S039,three_singleton_scaffolds,1,SIG-NIHDA-724|SIG-NIHDA-785|SIG-NIHDA-2063,1.0,1.0,1,1.0,1.0,1.1875822913333332,2.143755427,1.6536745375,0.9561731356666667,0.4660922461666668,1.8051426352889983,1.392471536135295
S039,three_singleton_scaffolds,2,SIG-NIHDA-724|SIG-NIHDA-2063|SIG-NIHDA-785,1.0,0.5,1,0.5,0.96043723330472,1.1875822913333332,2.143755427,1.1995766129999998,0.9561731356666667,0.011994321666666696,1.8051426352889983,1.010099781509204
S039,three_singleton_scaffolds,3,SIG-NIHDA-785|SIG-NIHDA-724|SIG-NIHDA-2063,0.0,1.0,2,0.5,0.8796418260446931,1.1875822913333332,1.163593648,1.6536745375,-0.02398864333333317,0.4660922461666668,0.9798004369815919,1.392471536135295
S039,three_singleton_scaffolds,4,SIG-NIHDA-785|SIG-NIHDA-2063|SIG-NIHDA-724,0.0,0.5,3,-0.5,0.7973813176355464,1.1875822913333334,1.163593648,0.7094957235,-0.023988643333333393,-0.47808656783333336,0.9798004369815917,0.597428682355501
S039,three_singleton_scaffolds,5,SIG-NIHDA-2063|SIG-NIHDA-724|SIG-NIHDA-785,0.0,0.5,2,-0.5,0.7285578836400817,1.1875822913333332,0.255397799,1.1995766129999998,-0.9321844923333331,0.011994321666666696,0.21505692772941018,1.010099781509204
S039,three_singleton_scaffolds,6,SIG-NIHDA-2063|SIG-NIHDA-785|SIG-NIHDA-724,0.0,0.5,3,-1.0,0.6858601419262152,1.1875822913333334,0.255397799,0.7094957235,-0.9321844923333333,-0.47808656783333336,0.21505692772941015,0.597428682355501
S040,three_singleton_scaffolds,1,SIG-NIHDA-724|SIG-NIHDA-785|SIG-NIHDA-2064,1.0,1.0,1,1.0,1.0,1.11180706,2.143755427,1.6536745375,1.0319483669999998,0.5418674774999999,1.9281721659511677,1.4873754601810136
S040,three_singleton_scaffolds,2,SIG-NIHDA-724|SIG-NIHDA-2064|SIG-NIHDA-785,1.0,0.5,1,0.5,0.948590325904048,1.11180706,2.143755427,1.085913766,1.0319483669999998,-0.025893294000000067,1.9281721659511677,0.9767106227945701
S040,three_singleton_scaffolds,3,SIG-NIHDA-785|SIG-NIHDA-724|SIG-NIHDA-2064,0.0,1.0,2,0.5,0.8749113457002714,1.11180706,1.163593648,1.6536745375,0.05178658799999991,0.5418674774999999,1.0465787544108596,1.4873754601810136
S040,three_singleton_scaffolds,4,SIG-NIHDA-785|SIG-NIHDA-2064|SIG-NIHDA-724,0.0,0.5,3,-0.5,0.7791257652815112,1.11180706,1.163593648,0.5958328764999999,0.05178658799999991,-0.5159741835000001,1.0465787544108596,0.535913917024416
S040,three_singleton_scaffolds,5,SIG-NIHDA-2064|SIG-NIHDA-724|SIG-NIHDA-785,0.0,0.5,2,-0.5,0.6785859395430903,1.11180706,0.028072105,1.085913766,-1.0837349550000002,-0.025893294000000067,0.025249079637972436,0.9767106227945701
S040,three_singleton_scaffolds,6,SIG-NIHDA-2064|SIG-NIHDA-785|SIG-NIHDA-724,0.0,0.5,3,-1.0,0.6342100332202821,1.11180706,0.028072105,0.5958328764999999,-1.0837349550000002,-0.5159741835000001,0.025249079637972436,0.535913917024416
S041,three_singleton_scaffolds,1,SIG-NIHDA-724|SIG-NIHDA-785|SIG-NIHDA-2067,1.0,1.0,1,1.0,1.0,1.25759621,2.143755427,1.6536745375,0.8861592169999999,0.39607832749999994,1.7046452668619285,1.3149487286543269
S041,three_singleton_scaffolds,2,SIG-NIHDA-724|SIG-NIHDA-2067|SIG-NIHDA-785,1.0,0.5,1,0.5,0.9706138608193171,1.25759621,2.143755427,1.304597491,0.8861592169999999,0.047001281000000006,1.7046452668619285,1.0373739047766373
S041,three_singleton_scaffolds,3,SIG-NIHDA-785|SIG-NIHDA-724|SIG-NIHDA-2067,0.0,1.0,2,0.5,0.8837053621897948,1.25759621,1.163593648,1.6536745375,-0.09400256200000001,0.39607832749999994,0.9252521904467254,1.3149487286543269
S041,three_singleton_scaffolds,4,SIG-NIHDA-785|SIG-NIHDA-2067|SIG-NIHDA-724,0.0,0.5,3,-0.5,0.8130630436841276,1.25759621,1.163593648,0.8145166015,-0.09400256200000001,-0.44307960849999994,0.9252521904467254,0.6476773665690357
S041,three_singleton_scaffolds,5,SIG-NIHDA-2067|SIG-NIHDA-724|SIG-NIHDA-785,0.0,0.5,2,-0.5,0.7714843490927037,1.25759621,0.465439555,1.304597491,-0.792156655,0.047001281000000006,0.37010254269134607,1.0373739047766373
S041,three_singleton_scaffolds,6,SIG-NIHDA-2067|SIG-NIHDA-785|SIG-NIHDA-724,0.0,0.5,3,-1.0,0.7302281697677194,1.25759621,0.465439555,0.8145166015,-0.792156655,-0.44307960849999994,0.37010254269134607,0.6476773665690357
S042,three_singleton_scaffolds,1,SIG-NIHDA-724|SIG-NIHDA-2062|SIG-NIHDA-2063,1.0,1.0,1,1.0,1.0,0.9142245486666666,2.143755427,1.2436379235,1.2295308783333332,0.32941337483333333,2.3448893711359196,1.3603199840933609
S042,three_singleton_scaffolds,2,SIG-NIHDA-724|SIG-NIHDA-2063|SIG-NIHDA-2062,1.0,0.5,1,0.5,0.995362948278455,0.9142245486666666,2.143755427,1.1995766129999998,1.2295308783333332,0.28535206433333327,2.3448893711359196,1.312124701474599
S042,three_singleton_scaffolds,3,SIG-NIHDA-2062|SIG-NIHDA-724|SIG-NIHDA-2063,0.0,1.0,2,0.5,0.7329734643881435,0.9142245486666666,0.34352042,1.2436379235,-0.5707041286666665,0.32941337483333333,0.37575059705080205,1.3603199840933609
S042,three_singleton_scaffolds,4,SIG-NIHDA-2062|SIG-NIHDA-2063|SIG-NIHDA-724,0.0,0.5,3,-0.5,0.6336072416130617,0.9142245486666667,0.34352042,0.2994591095,-0.5707041286666668,-0.6147654391666667,0.375750597050802,0.3275553144320401
S042,three_singleton_scaffolds,5,SIG-NIHDA-2063|SIG-NIHDA-724|SIG-NIHDA-2062,0.0,0.5,2,-0.5,0.7152652980048079,0.9142245486666666,0.255397799,1.1995766129999998,-0.6588267496666667,0.28535206433333327,0.2793600318132783,1.312124701474599
S042,three_singleton_scaffolds,6,SIG-NIHDA-2063|SIG-NIHDA-2062|SIG-NIHDA-724,0.0,0.5,3,-1.0,0.620536126951271,0.9142245486666667,0.255397799,0.2994591095,-0.6588267496666667,-0.6147654391666667,0.2793600318132783,0.3275553144320401
S043,three_singleton_scaffolds,1,SIG-NIHDA-724|SIG-NIHDA-2062|SIG-NIHDA-2064,1.0,1.0,1,1.0,1.0,0.8384493173333333,2.143755427,1.2436379235,1.3053061096666667,0.40518860616666663,2.556809794798521,1.4832595098954326
S043,three_singleton_scaffolds,2,SIG-NIHDA-724|SIG-NIHDA-2064|SIG-NIHDA-2062,1.0,0.5,1,0.5,0.9826064138260844,0.8384493173333333,2.143755427,1.085913766,1.3053061096666667,0.24746444866666673,2.556809794798521,1.2951453875038281
S043,three_singleton_scaffolds,3,SIG-NIHDA-2062|SIG-NIHDA-724|SIG-NIHDA-2064,0.0,1.0,2,0.5,0.7201915612530931,0.8384493173333333,0.34352042,1.2436379235,-0.4949288973333333,0.40518860616666663,0.40970922499234413,1.4832595098954326
S043,three_singleton_scaffolds,4,SIG-NIHDA-2062|SIG-NIHDA-2064|SIG-NIHDA-724,0.0,0.5,3,-0.5,0.6035343517260012,0.8384493173333333,0.34352042,0.1857962625,-0.4949288973333333,-0.6526530548333332,0.40970922499234413,0.22159510260073953
S043,three_singleton_scaffolds,5,SIG-NIHDA-2064|SIG-NIHDA-724|SIG-NIHDA-2062,0.0,0.5,2,-0.5,0.6537682094195363,0.8384493173333333,0.028072105,1.085913766,-0.8103772123333333,0.24746444866666673,0.033480980209134904,1.2951453875038281
S043,three_singleton_scaffolds,6,SIG-NIHDA-2064|SIG-NIHDA-2062|SIG-NIHDA-724,0.0,0.5,3,-1.0,0.5545045860663601,0.8384493173333333,0.028072105,0.1857962625,-0.8103772123333333,-0.6526530548333332,0.033480980209134904,0.22159510260073953
S044,three_singleton_scaffolds,1,SIG-NIHDA-724|SIG-NIHDA-2062|SIG-NIHDA-2067,1.0,0.5,1,0.5,0.9938820353325142,0.9842384673333333,2.143755427,1.2436379235,1.1595169596666666,0.2593994561666666,2.178085391041693,1.2635534626780802
S044,three_singleton_scaffolds,2,SIG-NIHDA-724|SIG-NIHDA-2067|SIG-NIHDA-2062,1.0,1.0,1,1.0,1.0,0.9842384673333333,2.143755427,1.304597491,1.1595169596666666,0.3203590236666667,2.178085391041693,1.3254892328427663
S044,three_singleton_scaffolds,3,SIG-NIHDA-2062|SIG-NIHDA-724|SIG-NIHDA-2067,0.0,0.5,2,-0.5,0.739237137584667,0.9842384673333333,0.34352042,1.2436379235,-0.6407180473333334,0.2593994561666666,0.3490215343144676,1.2635534626780802
S044,three_singleton_scaffolds,4,SIG-NIHDA-2062|SIG-NIHDA-2067|SIG-NIHDA-724,0.0,0.5,3,-1.0,0.6550183871335856,0.9842384673333333,0.34352042,0.4044799875,-0.6407180473333334,-0.5797584798333333,0.3490215343144676,0.4109573044791535
S044,three_singleton_scaffolds,5,SIG-NIHDA-2067|SIG-NIHDA-724|SIG-NIHDA-2062,0.0,1.0,2,0.5,0.7626006760493859,0.9842384673333333,0.465439555,1.304597491,-0.5187989123333333,0.3203590236666667,0.47289307464383934,1.3254892328427663
S044,three_singleton_scaffolds,6,SIG-NIHDA-2067|SIG-NIHDA-2062|SIG-NIHDA-724,0.0,0.5,3,-0.5,0.6722639609308187,0.9842384673333333,0.465439555,0.4044799875,-0.5187989123333333,-0.5797584798333333,0.47289307464383934,0.4109573044791535
S045,three_singleton_scaffolds,1,SIG-NIHDA-724|SIG-NIHDA-2063|SIG-NIHDA-2064,1.0,1.0,1,1.0,1.0,0.8090751103333332,2.143755427,1.1995766129999998,1.3346803166666668,0.3905015026666666,2.6496370974961616,1.4826517311919072
S045,three_singleton_scaffolds,2,SIG-NIHDA-724|SIG-NIHDA-2064|SIG-NIHDA-2063,1.0,0.5,1,0.5,0.9871648980895746,0.8090751103333332,2.143755427,1.085913766,1.3346803166666668,0.27683865566666677,2.6496370974961616,1.3421668175561738
S045,three_singleton_scaffolds,3,SIG-NIHDA-2063|SIG-NIHDA-724|SIG-NIHDA-2064,0.0,1.0,2,0.5,0.6994576160601726,0.8090751103333332,0.255397799,1.1995766129999998,-0.5536773113333333,0.3905015026666666,0.3156663648876529,1.4826517311919072
S045,three_singleton_scaffolds,4,SIG-NIHDA-2063|SIG-NIHDA-2064|SIG-NIHDA-724,0.0,0.5,3,-0.5,0.5800034066822514,0.8090751103333332,0.255397799,0.141734952,-0.5536773113333333,-0.6673401583333333,0.3156663648876529,0.17518145125191925
S045,three_singleton_scaffolds,5,SIG-NIHDA-2064|SIG-NIHDA-724|SIG-NIHDA-2063,0.0,0.5,2,-0.5,0.6504423939264948,0.8090751103333332,0.028072105,1.085913766,-0.7810030053333332,0.27683865566666677,0.03469653761618559,1.3421668175561738
S045,three_singleton_scaffolds,6,SIG-NIHDA-2064|SIG-NIHDA-2063|SIG-NIHDA-724,0.0,0.5,3,-1.0,0.543823286458999,0.8090751103333332,0.028072105,0.141734952,-0.7810030053333332,-0.6673401583333333,0.03469653761618559,0.17518145125191925
S046,three_singleton_scaffolds,1,SIG-NIHDA-724|SIG-NIHDA-2063|SIG-NIHDA-2067,1.0,0.5,1,0.5,0.9892789499969792,0.9548642603333333,2.143755427,1.1995766129999998,1.1888911666666666,0.24471235266666658,2.2450891881235946,1.2562797277397733
S046,three_singleton_scaffolds,2,SIG-NIHDA-724|SIG-NIHDA-2067|SIG-NIHDA-2063,1.0,1.0,1,1.0,1.0,0.9548642603333333,2.143755427,1.304597491,1.1888911666666666,0.34973323066666673,2.2450891881235946,1.366264866322024
S046,three_singleton_scaffolds,3,SIG-NIHDA-2063|SIG-NIHDA-724|SIG-NIHDA-2067,0.0,0.5,2,-0.5,0.7175808431045202,0.9548642603333333,0.255397799,1.1995766129999998,-0.6994664613333332,0.24471235266666658,0.267470267355952,1.2562797277397733
S046,three_singleton_scaffolds,4,SIG-NIHDA-2063|SIG-NIHDA-2067|SIG-NIHDA-724,0.0,0.5,3,-1.0,0.6319154557680339,0.9548642603333333,0.255397799,0.36041867699999997,-0.6994664613333332,-0.5944455833333333,0.267470267355952,0.3774554059382027
S046,three_singleton_scaffolds,5,SIG-NIHDA-2067|SIG-NIHDA-724|SIG-NIHDA-2063,0.0,1.0,2,0.5,0.7585228357019846,0.9548642603333333,0.465439555,1.304597491,-0.48942470533333327,0.34973323066666673,0.4874405445204535,1.366264866322024
S046,three_singleton_scaffolds,6,SIG-NIHDA-2067|SIG-NIHDA-2063|SIG-NIHDA-724,0.0,0.5,3,-0.5,0.6621363983624776,0.9548642603333333,0.465439555,0.36041867699999997,-0.48942470533333327,-0.5944455833333333,0.4874405445204535,0.3774554059382027
S047,three_singleton_scaffolds,1,SIG-NIHDA-724|SIG-NIHDA-2064|SIG-NIHDA-2067,1.0,0.5,1,0.5,0.9766406062765641,0.8790890290000001,2.143755427,1.085913766,1.2646663979999997,0.20682473699999993,2.4386101478693347,1.2352716621151234
S047,three_singleton_scaffolds,2,SIG-NIHDA-724|SIG-NIHDA-2067|SIG-NIHDA-2064,1.0,1.0,1,1.0,1.0,0.8790890290000001,2.143755427,1.304597491,1.2646663979999997,0.4255084619999999,2.4386101478693347,1.4840334118195437
S047,three_singleton_scaffolds,3,SIG-NIHDA-2064|SIG-NIHDA-724|SIG-NIHDA-2067,0.0,0.5,2,-0.5,0.658120791117714,0.8790890290000001,0.028072105,1.085913766,-0.8510169240000001,0.20682473699999993,0.03193317636091213,1.2352716621151234
S047,three_singleton_scaffolds,4,SIG-NIHDA-2064|SIG-NIHDA-2067|SIG-NIHDA-724,0.0,0.5,3,-1.0,0.5684834821539587,0.8790890289999999,0.028072105,0.24675583,-0.8510169239999998,-0.6323331989999998,0.03193317636091214,0.28069492606533264
S047,three_singleton_scaffolds,5,SIG-NIHDA-2067|SIG-NIHDA-724|SIG-NIHDA-2064,0.0,1.0,2,0.5,0.7473266174721,0.8790890290000001,0.465439555,1.304597491,-0.4136494740000001,0.4255084619999999,0.529456675769753,1.4840334118195437
S047,three_singleton_scaffolds,6,SIG-NIHDA-2067|SIG-NIHDA-2064|SIG-NIHDA-724,0.0,0.5,3,-0.5,0.6343299147849087,0.8790890289999999,0.465439555,0.24675583,-0.41364947399999985,-0.6323331989999998,0.5294566757697531,0.28069492606533264
S048,three_singleton_scaffolds,1,SIG-NIHDA-785|SIG-NIHDA-2062|SIG-NIHDA-2063,1.0,1.0,1,1.0,1.0,0.5875039556666667,1.163593648,0.753557034,0.5760896923333333,0.16605307833333327,1.9805715974790652,1.282641634548495
S048,three_singleton_scaffolds,2,SIG-NIHDA-785|SIG-NIHDA-2063|SIG-NIHDA-2062,1.0,0.5,1,0.5,0.9923490417493052,0.5875039556666667,1.163593648,0.7094957235,0.5760896923333333,0.12199176783333332,1.9805715974790652,1.2076441641910374
S048,three_singleton_scaffolds,3,SIG-NIHDA-2062|SIG-NIHDA-785|SIG-NIHDA-2063,0.0,1.0,2,0.5,0.7992979793509859,0.5875039556666667,0.34352042,0.753557034,-0.2439835356666667,0.16605307833333327,0.584711671617925,1.282641634548495
S048,three_singleton_scaffolds,4,SIG-NIHDA-2062|SIG-NIHDA-2063|SIG-NIHDA-785,0.0,0.5,3,-0.5,0.720446846176527,0.5875039556666667,0.34352042,0.2994591095,-0.2439835356666667,-0.2880448461666667,0.584711671617925,0.5097142012604673
S048,three_singleton_scaffolds,5,SIG-NIHDA-2063|SIG-NIHDA-785|SIG-NIHDA-2062,0.0,0.5,2,-0.5,0.7700801810965991,0.5875039556666667,0.255397799,0.7094957235,-0.3321061566666667,0.12199176783333332,0.43471673090300955,1.2076441641910374
S048,three_singleton_scaffolds,6,SIG-NIHDA-2063|SIG-NIHDA-2062|SIG-NIHDA-785,0.0,0.5,3,-1.0,0.698880006172835,0.5875039556666667,0.255397799,0.2994591095,-0.3321061566666667,-0.2880448461666667,0.43471673090300955,0.5097142012604673
S049,three_singleton_scaffolds,1,SIG-NIHDA-785|SIG-NIHDA-2062|SIG-NIHDA-2064,1.0,1.0,1,1.0,1.0,0.5117287243333333,1.163593648,0.753557034,0.6518649236666667,0.24182830966666669,2.2738486089791015,1.4725713022690181
S049,three_singleton_scaffolds,2,SIG-NIHDA-785|SIG-NIHDA-2064|SIG-NIHDA-2062,1.0,0.5,1,0.5,0.9703796981016759,0.5117287243333333,1.163593648,0.5958328764999999,0.6518649236666667,0.08410415216666667,2.2738486089791015,1.1643530022205326
S049,three_singleton_scaffolds,3,SIG-NIHDA-2062|SIG-NIHDA-785|SIG-NIHDA-2064,0.0,1.0,2,0.5,0.7829376066434839,0.5117287243333333,0.34352042,0.753557034,-0.16820830433333328,0.24182830966666669,0.6712939955589348,1.4725713022690181
S049,three_singleton_scaffolds,4,SIG-NIHDA-2062|SIG-NIHDA-2064|SIG-NIHDA-785,0.0,0.5,3,-0.5,0.6763131952380501,0.5117287243333334,0.34352042,0.1857962625,-0.1682083043333334,-0.32593246183333335,0.6712939955589347,0.3630756955104493
S049,three_singleton_scaffolds,5,SIG-NIHDA-2064|SIG-NIHDA-785|SIG-NIHDA-2062,0.0,0.5,2,-0.5,0.6698223632005247,0.5117287243333333,0.028072105,0.5958328764999999,-0.48365661933333326,0.08410415216666667,0.054857395461963956,1.1643530022205326
S049,three_singleton_scaffolds,6,SIG-NIHDA-2064|SIG-NIHDA-2062|SIG-NIHDA-785,0.0,0.5,3,-1.0,0.5928182536934151,0.5117287243333334,0.028072105,0.1857962625,-0.48365661933333337,-0.32593246183333335,0.05485739546196394,0.3630756955104493
S050,three_singleton_scaffolds,1,SIG-NIHDA-785|SIG-NIHDA-2062|SIG-NIHDA-2067,1.0,0.5,1,0.5,0.9902009147940288,0.6575178743333333,1.163593648,0.753557034,0.5060757736666667,0.09603915966666665,1.7696760702966199,1.1460631922197433
S050,three_singleton_scaffolds,2,SIG-NIHDA-785|SIG-NIHDA-2067|SIG-NIHDA-2062,1.0,1.0,1,1.0,1.0,0.6575178743333333,1.163593648,0.8145166015,0.5060757736666667,0.15699872716666674,1.7696760702966199,1.2387748429285668
S050,three_singleton_scaffolds,3,SIG-NIHDA-2062|SIG-NIHDA-785|SIG-NIHDA-2067,0.0,0.5,2,-0.5,0.8044046495645096,0.6575178743333333,0.34352042,0.753557034,-0.3139974543333333,0.09603915966666665,0.5224503141428668,1.1460631922197433
S050,three_singleton_scaffolds,4,SIG-NIHDA-2062|SIG-NIHDA-2067|SIG-NIHDA-785,0.0,0.5,3,-1.0,0.7482914607348441,0.6575178743333333,0.34352042,0.4044799875,-0.3139974543333333,-0.2530378868333333,0.5224503141428668,0.6151619648516902
S050,three_singleton_scaffolds,5,SIG-NIHDA-2067|SIG-NIHDA-785|SIG-NIHDA-2062,0.0,1.0,2,0.5,0.8418258045681473,0.6575178743333333,0.465439555,0.8145166015,-0.1920783193333333,0.15699872716666674,0.7078736155605135,1.2387748429285668
S050,three_singleton_scaffolds,6,SIG-NIHDA-2067|SIG-NIHDA-2062|SIG-NIHDA-785,0.0,0.5,3,-0.5,0.7759135305325103,0.6575178743333333,0.465439555,0.4044799875,-0.1920783193333333,-0.2530378868333333,0.7078736155605135,0.6151619648516902
S051,three_singleton_scaffolds,1,SIG-NIHDA-785|SIG-NIHDA-2063|SIG-NIHDA-2064,1.0,1.0,1,1.0,1.0,0.4823545173333333,1.163593648,0.7094957235,0.6812391306666667,0.22714120616666672,2.412320412033984,1.47090096185354
S051,three_singleton_scaffolds,2,SIG-NIHDA-785|SIG-NIHDA-2064|SIG-NIHDA-2063,1.0,0.5,1,0.5,0.9777678416353061,0.4823545173333333,1.163593648,0.5958328764999999,0.6812391306666667,0.11347835916666665,2.412320412033984,1.235259244163452
S051,three_singleton_scaffolds,3,SIG-NIHDA-2063|SIG-NIHDA-785|SIG-NIHDA-2064,0.0,1.0,2,0.5,0.7496294181222779,0.4823545173333333,0.255397799,0.7094957235,-0.2269567183333333,0.22714120616666672,0.5294815116730962,1.47090096185354
S051,three_singleton_scaffolds,4,SIG-NIHDA-2063|SIG-NIHDA-2064|SIG-NIHDA-785,0.0,0.5,3,-0.5,0.638576882325345,0.4823545173333333,0.255397799,0.141734952,-0.2269567183333333,-0.34061956533333326,0.5294815116730962,0.2938397939830082
S051,three_singleton_scaffolds,5,SIG-NIHDA-2064|SIG-NIHDA-785|SIG-NIHDA-2063,0.0,0.5,2,-0.5,0.6647283251382439,0.4823545173333333,0.028072105,0.5958328764999999,-0.4542824123333333,0.11347835916666665,0.05819807629292014,1.235259244163452
S051,three_singleton_scaffolds,6,SIG-NIHDA-2064|SIG-NIHDA-2063|SIG-NIHDA-785,0.0,0.5,3,-1.0,0.5759079477060051,0.4823545173333333,0.028072105,0.141734952,-0.4542824123333333,-0.34061956533333326,0.05819807629292014,0.2938397939830082
S052,three_singleton_scaffolds,1,SIG-NIHDA-785|SIG-NIHDA-2063|SIG-NIHDA-2067,1.0,0.5,1,0.5,0.9826488677968999,0.6281436673333333,1.163593648,0.7094957235,0.5354499806666667,0.08135205616666674,1.852432347109093,1.129511862329253
S052,three_singleton_scaffolds,2,SIG-NIHDA-785|SIG-NIHDA-2067|SIG-NIHDA-2063,1.0,1.0,1,1.0,1.0,0.6281436673333334,1.163593648,0.8145166015,0.5354499806666666,0.18637293416666667,1.8524323471090929,1.2967043112252936
S052,three_singleton_scaffolds,3,SIG-NIHDA-2063|SIG-NIHDA-785|SIG-NIHDA-2067,0.0,0.5,2,-0.5,0.7711673711189166,0.6281436673333333,0.255397799,0.7094957235,-0.3727458683333333,0.08135205616666674,0.40659137754941266,1.129511862329253
S052,three_singleton_scaffolds,4,SIG-NIHDA-2063|SIG-NIHDA-2067|SIG-NIHDA-785,0.0,0.5,3,-1.0,0.7134942484195498,0.6281436673333333,0.255397799,0.36041867699999997,-0.3727458683333333,-0.2677249903333333,0.40659137754941266,0.5737838264454534
S052,three_singleton_scaffolds,5,SIG-NIHDA-2067|SIG-NIHDA-785|SIG-NIHDA-2063,0.0,1.0,2,0.5,0.8374285979592714,0.6281436673333334,0.465439555,0.8145166015,-0.16270411233333337,0.18637293416666667,0.7409762753414942,1.2967043112252936
S052,three_singleton_scaffolds,6,SIG-NIHDA-2067|SIG-NIHDA-2063|SIG-NIHDA-785,0.0,0.5,3,-0.5,0.7624043430568043,0.6281436673333333,0.465439555,0.36041867699999997,-0.16270411233333326,-0.2677249903333333,0.7409762753414944,0.5737838264454534
S053,three_singleton_scaffolds,1,SIG-NIHDA-785|SIG-NIHDA-2064|SIG-NIHDA-2067,1.0,0.5,1,0.5,0.9610787559262259,0.552368436,1.163593648,0.5958328764999999,0.611225212,0.04346444049999998,2.106553474391502,1.0786874080183684
S053,three_singleton_scaffolds,2,SIG-NIHDA-785|SIG-NIHDA-2067|SIG-NIHDA-2064,1.0,1.0,1,1.0,1.0,0.552368436,1.163593648,0.8145166015,0.611225212,0.2621481655000001,2.106553474391502,1.4745893291773828
S053,three_singleton_scaffolds,3,SIG-NIHDA-2064|SIG-NIHDA-785|SIG-NIHDA-2067,0.0,0.5,2,-0.5,0.6762352534267564,0.552368436,0.028072105,0.5958328764999999,-0.524296331,0.04346444049999998,0.05082134164523478,1.0786874080183684
S053,three_singleton_scaffolds,4,SIG-NIHDA-2064|SIG-NIHDA-2067|SIG-NIHDA-785,0.0,0.5,3,-1.0,0.6141066568547954,0.552368436,0.028072105,0.24675583,-0.524296331,-0.30561260599999995,0.05082134164523478,0.44672326280424907
S053,three_singleton_scaffolds,5,SIG-NIHDA-2067|SIG-NIHDA-785|SIG-NIHDA-2064,0.0,1.0,2,0.5,0.8248693225061426,0.552368436,0.465439555,0.8145166015,-0.08692888099999996,0.2621481655000001,0.8426251839632634,1.4745893291773828
S053,three_singleton_scaffolds,6,SIG-NIHDA-2067|SIG-NIHDA-2064|SIG-NIHDA-785,0.0,0.5,3,-0.5,0.7238194818604075,0.552368436,0.465439555,0.24675583,-0.08692888099999996,-0.30561260599999995,0.8426251839632634,0.44672326280424907
S054,three_singleton_scaffolds,1,SIG-NIHDA-2062|SIG-NIHDA-2063|SIG-NIHDA-2064,1.0,1.0,1,1.0,1.0,0.20899677466666666,0.34352042,0.2994591095,0.13452364533333333,0.09046233483333332,1.6436637385810757,1.4328408176519163
S054,three_singleton_scaffolds,2,SIG-NIHDA-2062|SIG-NIHDA-2064|SIG-NIHDA-2063,1.0,0.5,1,0.5,0.9426180639374191,0.20899677466666666,0.34352042,0.1857962625,0.13452364533333333,-0.02320051216666666,1.6436637385810757,0.8889910516386215
S054,three_singleton_scaffolds,3,SIG-NIHDA-2063|SIG-NIHDA-2062|SIG-NIHDA-2064,0.0,1.0,2,0.5,0.9372975137400628,0.20899677466666666,0.255397799,0.2994591095,0.04640102433333332,0.09046233483333332,1.222017896722757,1.4328408176519163
S054,three_singleton_scaffolds,4,SIG-NIHDA-2063|SIG-NIHDA-2064|SIG-NIHDA-2062,0.0,0.5,3,-0.5,0.857671516678864,0.20899677466666666,0.255397799,0.141734952,0.04640102433333332,-0.06726182266666667,1.222017896722757,0.6781681307094621
S054,three_singleton_scaffolds,5,SIG-NIHDA-2064|SIG-NIHDA-2062|SIG-NIHDA-2063,0.0,0.5,2,-0.5,0.7181649846649821,0.20899677466666666,0.028072105,0.1857962625,-0.18092466966666665,-0.02320051216666666,0.13431836469616715,0.8889910516386215
S054,three_singleton_scaffolds,6,SIG-NIHDA-2064|SIG-NIHDA-2063|SIG-NIHDA-2062,0.0,0.5,3,-1.0,0.6959209236663646,0.20899677466666666,0.028072105,0.141734952,-0.18092466966666665,-0.06726182266666667,0.13431836469616715,0.6781681307094621
S055,three_singleton_scaffolds,1,SIG-NIHDA-2062|SIG-NIHDA-2063|SIG-NIHDA-2067,0.0,0.5,3,-0.5,0.9104832509528121,0.35478592466666664,0.34352042,0.2994591095,-0.011265504666666648,-0.055326815166666654,0.9682470360760479,0.8440557775265519
S055,three_singleton_scaffolds,2,SIG-NIHDA-2062|SIG-NIHDA-2067|SIG-NIHDA-2063,0.0,1.0,2,0.5,0.9444399619225216,0.3547859246666667,0.34352042,0.4044799875,-0.011265504666666704,0.04969406283333333,0.9682470360760478,1.140067740511472
S055,three_singleton_scaffolds,3,SIG-NIHDA-2063|SIG-NIHDA-2062|SIG-NIHDA-2067,0.0,0.5,3,-1.0,0.8703246968567124,0.35478592466666664,0.255397799,0.2994591095,-0.09938812566666666,-0.055326815166666654,0.719864518977056,0.8440557775265519
S055,three_singleton_scaffolds,4,SIG-NIHDA-2063|SIG-NIHDA-2067|SIG-NIHDA-2062,0.0,0.5,2,-0.5,0.8900349340386562,0.35478592466666664,0.255397799,0.36041867699999997,-0.09938812566666666,0.005632752333333324,0.719864518977056,1.015876481961976
S055,three_singleton_scaffolds,5,SIG-NIHDA-2067|SIG-NIHDA-2062|SIG-NIHDA-2063,1.0,1.0,1,1.0,1.0,0.3547859246666667,0.465439555,0.4044799875,0.11065363033333331,0.04969406283333333,1.3118884449468962,1.140067740511472
S055,three_singleton_scaffolds,6,SIG-NIHDA-2067|SIG-NIHDA-2063|SIG-NIHDA-2062,1.0,0.5,1,0.5,0.9857535262122344,0.35478592466666664,0.465439555,0.36041867699999997,0.11065363033333336,0.005632752333333324,1.3118884449468964,1.015876481961976
S056,three_singleton_scaffolds,1,SIG-NIHDA-2062|SIG-NIHDA-2064|SIG-NIHDA-2067,0.0,0.5,3,-0.5,0.853117999807762,0.27901069333333334,0.34352042,0.1857962625,0.06450972666666666,-0.09321443083333333,1.2312087966807677,0.6659109021245637
S056,three_singleton_scaffolds,2,SIG-NIHDA-2062|SIG-NIHDA-2067|SIG-NIHDA-2064,0.0,1.0,2,0.5,0.9353692991164988,0.27901069333333334,0.34352042,0.4044799875,0.06450972666666666,0.1254692941666667,1.2312087966807677,1.44969349621582
S056,three_singleton_scaffolds,3,SIG-NIHDA-2064|SIG-NIHDA-2062|SIG-NIHDA-2067,0.0,0.5,3,-1.0,0.6858953100226886,0.27901069333333334,0.028072105,0.1857962625,-0.2509385883333333,-0.09321443083333333,0.10061300756835986,0.6659109021245637
S056,three_singleton_scaffolds,4,SIG-NIHDA-2064|SIG-NIHDA-2067|SIG-NIHDA-2062,0.0,0.5,2,-0.5,0.7088234160450899,0.27901069333333334,0.028072105,0.24675583,-0.2509385883333333,-0.03225486333333333,0.10061300756835986,0.8843956016596162
S056,three_singleton_scaffolds,5,SIG-NIHDA-2067|SIG-NIHDA-2062|SIG-NIHDA-2064,1.0,1.0,1,1.0,1.0,0.27901069333333334,0.465439555,0.4044799875,0.18642886166666667,0.1254692941666667,1.6681781957508726,1.44969349621582
S056,three_singleton_scaffolds,6,SIG-NIHDA-2067|SIG-NIHDA-2064|SIG-NIHDA-2062,1.0,0.5,1,0.5,0.9406768067136646,0.27901069333333334,0.465439555,0.24675583,0.18642886166666667,-0.03225486333333333,1.6681781957508726,0.8843956016596162
S057,three_singleton_scaffolds,1,SIG-NIHDA-2063|SIG-NIHDA-2064|SIG-NIHDA-2067,0.0,0.5,3,-0.5,0.7896008472052699,0.24963648633333335,0.255397799,0.141734952,0.005761312666666629,-0.10790153433333335,1.0230788085158902,0.567765369885654
S057,three_singleton_scaffolds,2,SIG-NIHDA-2063|SIG-NIHDA-2067|SIG-NIHDA-2064,0.0,1.0,2,0.5,0.8789907781815617,0.24963648633333332,0.255397799,0.36041867699999997,0.005761312666666657,0.11078219066666664,1.0230788085158902,1.4437740343722911
S057,three_singleton_scaffolds,3,SIG-NIHDA-2064|SIG-NIHDA-2063|SIG-NIHDA-2067,0.0,0.5,3,-1.0,0.6586340058774132,0.24963648633333335,0.028072105,0.141734952,-0.22156438133333334,-0.10790153433333335,0.11245193125541761,0.567765369885654
S057,three_singleton_scaffolds,4,SIG-NIHDA-2064|SIG-NIHDA-2067|SIG-NIHDA-2063,0.0,0.5,2,-0.5,0.7015627104963306,0.24963648633333335,0.028072105,0.24675583,-0.22156438133333334,-0.0028806563333333424,0.11245193125541761,0.9884605957420548
S057,three_singleton_scaffolds,5,SIG-NIHDA-2067|SIG-NIHDA-2063|SIG-NIHDA-2064,1.0,1.0,1,1.0,1.0,0.24963648633333332,0.465439555,0.36041867699999997,0.21580306866666668,0.11078219066666664,1.864469260228692,1.4437740343722911
S057,three_singleton_scaffolds,6,SIG-NIHDA-2067|SIG-NIHDA-2064|SIG-NIHDA-2063,1.0,0.5,1,0.5,0.9535387736426256,0.24963648633333335,0.465439555,0.24675583,0.21580306866666665,-0.0028806563333333424,1.8644692602286919,0.9884605957420548
