split_id,stratum,reaction_id,predicted_rank,predicted_ddg_kcal_mol,fit_frozen_prediction_kcal_mol,screen_minus_fit_prediction_kcal_mol,domain_verdict,applicability,trust,nearest_training_distance,nearest_training_ligand,nearest_training_threshold,nearest_training_ratio,mahalanobis_distance,maximum_extrapolation,leverage,leverage_ratio,prediction_interval_low,prediction_interval_high,coefficient_band_low,coefficient_band_high,bootstrap_mean_low,bootstrap_mean_high,descriptors_json,selected_features,model_seed,observed_ddg_kcal_mol,observed_rank,residual_kcal_mol,absolute_error_kcal_mol,prediction_interval_covers,is_observed_best
S001,three_singleton_scaffolds,SIG-NIHDA-724,1,1.5366100810947216,1.5366101,-1.8905278453829055e-08,interpolation,inside_training_range,reliable,0.0007373191640389631,SIG-NIHDA-1058,0.028833405555307334,0.025571698862441365,1.2032054262033165,0.0,0.3318147568064435,0.4424196757419247,0.38935501176110376,2.6838651504283395,0.12557067996417248,3.044675492275189,1.1682507473265678,1.952732041702916,"[{""name"":""nbo_charge"",""value"":0.7455700039863586}]",nbo_charge,20260904,2.143755427,1,-0.6071453459052782,0.6071453459052782,1,1
S001,three_singleton_scaffolds,SIG-NIHDA-401,2,1.5349557763888129,1.5349557,7.638881283078547e-08,interpolation,inside_training_range,reliable,9.008124063947243e-05,SIG-NIHDA-1057,0.028833405555307334,0.0031241970521547107,1.2002776314326546,0.0,0.3308094846453691,0.4410793128604921,0.38813377077201383,2.6817777820056117,0.12304289044884542,3.0438254171324894,1.1671881124905026,1.95047912987161,"[{""name"":""nbo_charge"",""value"":0.7466779947280884}]",nbo_charge,20260904,0.056166692,3,1.478789084388813,1.478789084388813,0,0
S001,three_singleton_scaffolds,SIG-NIHDA-498,3,0.4727846507527147,0.47278476,-1.0924728532923922e-07,interpolation,inside_training_range,reliable,0.003248312699849265,SIG-NIHDA-785,0.028833405555307334,0.11265796173880513,0.679556873104408,0.0,0.19097107768334864,0.2546281035777982,-0.6121127819840968,1.5576820834895262,-1.4999622459543889,2.4980219336680722,0.18834098063186247,0.8623359725042459,"[{""name"":""nbo_charge"",""value"":1.4580800533294678}]",nbo_charge,20260904,0.112513889,2,0.36027076175271466,0.36027076175271466,1,0
S002,three_singleton_scaffolds,SIG-NIHDA-401,1,1.6808389094677807,1.680839,-9.053221927679544e-08,interpolation,inside_training_range,reliable,8.681151093581363e-05,SIG-NIHDA-1057,0.027792664659982758,0.0031235404016804872,0.9295416209304368,0.0,0.2484353750059977,0.3312471666746636,0.7604894651156091,2.6011883538199525,0.21953349651153076,3.018320111490153,1.1614427837148698,2.065661124481866,"[{""name"":""nbo_charge"",""value"":0.7466779947280884}]",nbo_charge,20260905,0.056166692,3,1.6246722174677808,1.6246722174677808,0,0
S002,three_singleton_scaffolds,SIG-NIHDA-498,2,0.3135535444679931,0.31355357,-2.553200689758839e-08,interpolation,inside_training_range,reliable,0.02525225154743793,SIG-NIHDA-2063,0.027792664659982758,0.9085941148995822,0.8820594681472812,0.0,0.2361469864783235,0.31486264863776464,-0.6022551844370843,1.2293622733730705,-1.562327243274467,2.149309161640262,0.11913648982340562,0.47403353024678263,"[{""name"":""nbo_charge"",""value"":1.4580800533294678}]",nbo_charge,20260905,0.112513889,2,0.2010396554679931,0.2010396554679931,1,0
S002,three_singleton_scaffolds,SIG-NIHDA-785,3,0.3113434980008378,0.31134343,6.800083784952449e-08,interpolation,inside_training_range,reliable,0.022121844689542147,SIG-NIHDA-2063,0.027792664659982758,0.7959598318542758,0.8849876956331443,0.0,0.23688617448886612,0.3158482326518215,-0.6047390064621133,1.227426002463789,-1.5652073991905127,2.1479045136941948,0.11670812876626258,0.472148011414481,"[{""name"":""nbo_charge"",""value"":1.4592299461364746}]",nbo_charge,20260905,1.163593648,1,-0.8522501499991622,0.8522501499991622,1,1
S003,three_singleton_scaffolds,SIG-NIHDA-401,1,1.6855396141308887,1.6855396,1.4130888681407328e-08,interpolation,inside_training_range,reliable,8.774787353571512e-05,SIG-NIHDA-1057,0.02236045438292522,0.0039242437578871706,0.9294729222976021,0.0,0.24841713046920633,0.3312228406256084,0.43290845757653496,2.9381707706852422,0.06934471118406482,3.2656219926581085,1.2787073726484173,2.0698749950580577,"[{""name"":""nbo_charge"",""value"":0.7466779947280884}]",nbo_charge,20260906,0.056166692,3,1.6293729221308888,1.6293729221308888,0,0
S003,three_singleton_scaffolds,SIG-NIHDA-498,2,0.496095350344973,0.49609542,-6.965502702405146e-08,interpolation,inside_training_range,reliable,0.003164171918224601,SIG-NIHDA-785,0.02236045438292522,0.14150749640583377,0.9016683808293412,0.0,0.2411436955696294,0.3215249274261725,-0.7528814826249157,1.7450721833148617,-1.6589845079621355,2.717062239093327,0.13175008764114013,0.9971798605962283,"[{""name"":""nbo_charge"",""value"":1.4580800533294678}]",nbo_charge,20260906,0.112513889,2,0.38358146134497295,0.38358146134497295,1,0
S003,three_singleton_scaffolds,SIG-NIHDA-2062,3,0.4417145584538815,0.44171453,2.8453881528722746e-08,extrapolation,outside:nbo_charge,caution:outside_range,0.028086536178957733,SIG-NIHDA-2067,0.02236045438292522,1.256080744065963,0.9853872377445663,0.013787657323688533,0.2637125726156952,0.3516167634875936,-0.8185667731216217,1.7019958900293848,-1.7380028482469718,2.691982363804774,0.062357693575350495,0.9735278231659238,"[{""name"":""nbo_charge"",""value"":1.4906049966812134}]",nbo_charge,20260906,0.34352042,1,0.09819413845388153,0.09819413845388153,1,1
S004,three_singleton_scaffolds,SIG-NIHDA-401,1,1.5244055591568468,1.4924088,0.031996759156846855,sparse_interpolation,inside_training_range,reliable,0.2373593317888344,SIG-NIHDA-1057,0.11342656320996247,2.0926256167125645,0.6707299000537289,0.0,0.18926837126086932,0.2523578283478258,0.34318395868355256,2.705627159630141,0.33109154381810746,2.5839693160571597,1.1568470313721528,1.8474896420731928,"[{""name"":""sterimol_b5"",""value"":8.750675201416016},{""name"":""nbo_charge"",""value"":0.7466779947280884}]",B5_x_nbo_charge,20260907,0.056166692,3,1.468238867156847,1.468238867156847,0,0
S004,three_singleton_scaffolds,SIG-NIHDA-498,2,0.951043474662967,0.94122636,0.009817114662966975,sparse_interpolation,inside_training_range,reliable,0.5462191467454073,SIG-NIHDA-2064,0.11342656320996247,4.815619298402861,0.2202993272871389,0.0,0.13193311337188085,0.17591081782917448,-0.20135275335885794,2.103439702684792,-0.514204551795453,2.2757312433144863,0.6024685228345014,1.2543974976241583,"[{""name"":""sterimol_b5"",""value"":7.147030830383301},{""name"":""nbo_charge"",""value"":1.4580800533294678}]",B5_x_nbo_charge,20260907,0.112513889,2,0.838529585662967,0.838529585662967,1,0
S004,three_singleton_scaffolds,SIG-NIHDA-2063,3,0.5212780082650994,0.67111754,-0.1498395317349006,sparse_interpolation,inside_training_range,reliable,0.14146877973794914,SIG-NIHDA-785,0.11342656320996247,1.2472279485016051,0.8881732621328726,0.0,0.23769310622396406,0.3169241416319521,-0.6837521930721999,1.7263082096023987,-1.1477990649316563,2.044690365871798,0.08033623378167291,0.888433833657616,"[{""name"":""sterimol_b5"",""value"":9.087408065795898},{""name"":""nbo_charge"",""value"":1.4673559665679932}]",B5_x_nbo_charge,20260907,0.255397799,1,0.2658802092650994,0.2658802092650994,1,1
S005,three_singleton_scaffolds,SIG-NIHDA-401,1,2.090644853914476,2.0022602,0.08838465391447636,extrapolation,outside:B1_x_nbo_charge,caution:outside_range,0.639423363124028,SIG-NIHDA-724,0.6661944298752991,0.9598149345735566,1.5743509035936567,0.22560176429361023,0.4790829668065948,0.6387772890754597,0.8872333624408535,3.294056345388099,0.584957853882436,4.098471878414383,1.5683867606989064,3.1142872863645135,"[{""name"":""sterimol_b1"",""value"":1.7339874505996704},{""name"":""nbo_charge"",""value"":0.7466779947280884}]",B1_x_nbo_charge,20260908,0.056166692,2,2.034478161914476,2.034478161914476,0,0
S005,three_singleton_scaffolds,SIG-NIHDA-2064,2,1.060065733724315,0.9834223,0.07664343372431492,interpolation,inside_training_range,reliable,0.1795939156522113,SIG-NIHDA-2063,0.6661944298752991,0.26958183316817647,0.09931158045638014,0.0,0.12640897000182058,0.16854529333576077,0.009880429846598648,2.110251037602031,-2.1108825308049806,3.4412321478909353,0.3770296252245089,1.2777253913388782,"[{""name"":""sterimol_b1"",""value"":2.7117297649383545},{""name"":""nbo_charge"",""value"":1.477565050125122}]",B1_x_nbo_charge,20260908,0.028072105,3,1.031993628724315,1.031993628724315,1,0
S005,three_singleton_scaffolds,SIG-NIHDA-498,3,0.7605895916867667,1.3355739,-0.5749843083132333,interpolation,inside_training_range,reliable,0.3403359266620589,SIG-NIHDA-2063,0.6661944298752991,0.5108657644071932,0.5856614142311996,0.0,0.1739998988741841,0.2319998651655788,-0.31155143764569937,1.8327306210192327,-2.894267194959866,3.250244755428878,-0.36952814975836645,0.9702865249998808,"[{""name"":""sterimol_b1"",""value"":3.2884652614593506},{""name"":""nbo_charge"",""value"":1.4580800533294678}]",B1_x_nbo_charge,20260908,0.112513889,1,0.6480757026867666,0.6480757026867666,1,1
S006,three_singleton_scaffolds,SIG-NIHDA-401,1,1.6860323117462315,1.6860323,1.1746231542986152e-08,interpolation,inside_training_range,reliable,8.742995211075133e-05,SIG-NIHDA-1057,0.035752150173960384,0.0024454459853558625,0.9293774966859923,0.0,0.24839179019233165,0.3311890535897755,0.43007440402365105,2.9419902194688117,0.15849834591788214,3.281201444596113,1.2740951885593008,2.135374257160446,"[{""name"":""nbo_charge"",""value"":0.7466779947280884}]",nbo_charge,20260909,0.056166692,3,1.6298656197462316,1.6298656197462316,0,0
S006,three_singleton_scaffolds,SIG-NIHDA-498,2,0.4698904396483954,0.46989036,7.964839537910606e-08,interpolation,inside_training_range,reliable,0.0031527077310651297,SIG-NIHDA-785,0.035752150173960384,0.0881823251391846,0.8951293544715346,0.0,0.23946522303380377,0.3192869640450717,-0.7815690781016753,1.721349957398466,-1.6206215276692588,2.6577470558220426,0.07949430840389483,1.0579872275865891,"[{""name"":""nbo_charge"",""value"":1.4580800533294678}]",nbo_charge,20260909,0.112513889,2,0.35737655064839535,0.35737655064839535,1,0
S006,three_singleton_scaffolds,SIG-NIHDA-2067,3,0.4317378074802889,0.4317379,-9.251971111456925e-08,interpolation,inside_training_range,reliable,0.0077673749977982265,SIG-NIHDA-2064,0.035752150173960384,0.21725616389515764,0.9523675273997697,0.0,0.25457198674936443,0.33942931566581924,-0.8273250885658059,1.6908007035263837,-1.6764358267056445,2.63818813221763,0.02316391611880313,0.9745306602348325,"[{""name"":""nbo_charge"",""value"":1.4803980588912964}]",nbo_charge,20260909,0.465439555,1,-0.03370174751971111,0.03370174751971111,1,1
S007,three_singleton_scaffolds,SIG-NIHDA-724,1,1.5284485722689283,1.5284486,-2.7731071661207807e-08,interpolation,inside_training_range,reliable,0.0007375373007574293,SIG-NIHDA-1058,0.028841935951336772,0.025571698862442198,1.203181468749175,0.0,0.3318065209630603,0.4424086946174137,0.7739580010276583,2.282939143510198,0.22754907118411194,2.8324285505875073,1.1457644992098344,1.914744170110546,"[{""name"":""nbo_charge"",""value"":0.7455700039863586}]",nbo_charge,20260910,2.143755427,1,-0.6153068547310716,0.6153068547310716,1,1
S007,three_singleton_scaffolds,SIG-NIHDA-401,2,1.5264938072192535,1.5264938,7.219253639334511e-09,interpolation,inside_training_range,reliable,9.010789127783525e-05,SIG-NIHDA-1057,0.028841935951336772,0.003124197052162822,1.2002528077870802,0.0,0.3308009718001099,0.44106796240014656,0.7722881199344291,2.280699494504078,0.22494274530839742,2.8312113600366198,1.1444020619508863,1.9122370534729953,"[{""name"":""nbo_charge"",""value"":0.7466779947280884}]",nbo_charge,20260910,0.056166692,3,1.4703271152192536,1.4703271152192536,0,0
S007,three_singleton_scaffolds,SIG-NIHDA-785,3,0.26937892508931327,0.2693789,2.508931329359143e-08,interpolation,inside_training_range,reliable,0.0032492737168787755,SIG-NIHDA-498,0.028841935951336772,0.11265796173880545,0.6831772651904658,0.0,0.19167588223901774,0.255567842985357,-0.44431553114943845,0.983073381328065,-1.4511927301985708,2.048432705300965,0.10875161202810375,0.41167233943897086,"[{""name"":""nbo_charge"",""value"":1.4592299461364746}]",nbo_charge,20260910,1.163593648,2,-0.8942147229106867,0.8942147229106867,0,0
S008,three_singleton_scaffolds,SIG-NIHDA-724,1,1.5339348678768303,1.5339348,6.787683037856596e-08,interpolation,inside_training_range,reliable,0.0007439983119938987,SIG-NIHDA-1058,0.02316300019884565,0.03212011853416884,1.2032644403240462,0.0,0.33183504476404857,0.4424467263520648,0.32547125786059405,2.7423984778930666,-0.018992939175534573,3.171090425807546,1.1643566119585051,1.9412878025512206,"[{""name"":""nbo_charge"",""value"":0.7455700039863586}]",nbo_charge,20260911,2.143755427,1,-0.6098205591231696,0.6098205591231696,1,1
S008,three_singleton_scaffolds,SIG-NIHDA-401,2,1.5322013302719455,1.5322013,3.0271945394844124e-08,interpolation,inside_training_range,reliable,9.08972589441781e-05,SIG-NIHDA-1057,0.02316300019884565,0.003924243757883664,1.2003101235593707,0.0,0.3308206275313017,0.4410941700417356,0.3241980324523117,2.740204628091579,-0.021709932029424506,3.1702408067236028,1.1631239187739635,1.9390108746214862,"[{""name"":""nbo_charge"",""value"":0.7466779947280884}]",nbo_charge,20260911,0.056166692,3,1.4760346382719456,1.4760346382719456,0,0
S008,three_singleton_scaffolds,SIG-NIHDA-2062,3,0.3682697335496954,0.36826968,5.354969540016796e-08,extrapolation,outside:nbo_charge,caution:outside_range,0.029094598524565973,SIG-NIHDA-2067,0.02316300019884565,1.2560807440659578,0.7832768603298148,0.013787657323688533,0.2126460914183046,0.2835281218910728,-0.7848526267708604,1.5213920938702512,-1.845952926124281,2.59978967016147,0.03329333944552887,0.7714632532758615,"[{""name"":""nbo_charge"",""value"":1.4906049966812134}]",nbo_charge,20260911,0.34352042,2,0.024749313549695395,0.024749313549695395,1,0
S009,three_singleton_scaffolds,SIG-NIHDA-724,1,1.534591642170902,1.5345917,-5.782909795470914e-08,interpolation,inside_training_range,reliable,0.0007391157695031403,SIG-NIHDA-1058,0.02890366312691861,0.025571698862445768,1.2030659022935317,0.0,0.33176679503733564,0.4423557267164475,0.3398035718341701,2.729379712507634,-0.020071047084216254,3.1737382407732935,1.165759531966067,1.9548191087430251,"[{""name"":""nbo_charge"",""value"":0.7455700039863586}]",nbo_charge,20260912,2.143755427,1,-0.6091637848290978,0.6091637848290978,1,1
S009,three_singleton_scaffolds,SIG-NIHDA-401,2,1.5328944669578703,1.5328945,-3.3042129699012435e-08,interpolation,inside_training_range,reliable,9.030073913773862e-05,SIG-NIHDA-1057,0.02890366312691861,0.0031241970521597856,1.2001309734453371,0.0,0.3307591933461218,0.44101225779482905,0.3385584646108686,2.727230469304872,-0.022812049670144274,3.172867310539126,1.1646365997649692,1.9525474911985263,"[{""name"":""nbo_charge"",""value"":0.7466779947280884}]",nbo_charge,20260912,0.056166692,3,1.4767277749578704,1.4767277749578704,0,0
S009,three_singleton_scaffolds,SIG-NIHDA-2063,3,0.4289892226999825,0.42898917,5.269998254453512e-08,interpolation,inside_training_range,reliable,0.023010991342289788,SIG-NIHDA-785,0.02890366312691861,0.7961271635794548,0.7088548060831138,0.0,0.19678216230101842,0.2623762164013579,-0.703631074558591,1.561609519958556,-1.8056610483455169,2.6063822207867613,0.1296163871618859,0.8108777780095693,"[{""name"":""nbo_charge"",""value"":1.4673559665679932}]",nbo_charge,20260912,0.255397799,2,0.17359142369998254,0.17359142369998254,1,0
S010,three_singleton_scaffolds,SIG-NIHDA-724,1,1.5332717320167006,1.5332718,-6.798329943435988e-08,interpolation,inside_training_range,reliable,0.0007411919631881148,SIG-NIHDA-1058,0.02898485420054797,0.025571698862439065,1.203055524343119,0.0,0.33176322780749956,0.44235097040999943,0.4117166548382578,2.6548268091951437,0.127926343095619,3.0412617853287003,1.1616123054774206,1.9388294611329984,"[{""name"":""nbo_charge"",""value"":0.7455700039863586}]",nbo_charge,20260913,2.143755427,1,-0.6104836949832992,0.6104836949832992,1,1
S010,three_singleton_scaffolds,SIG-NIHDA-401,2,1.531642520134909,1.5316426,-7.98650909850096e-08,interpolation,inside_training_range,reliable,9.055439605054616e-05,SIG-NIHDA-1057,0.02898485420054797,0.0031241970521567845,1.2001123512103447,0.0,0.3307528079325174,0.44100374391002317,0.41051299028677857,2.6527720499830396,0.12547276495579007,3.0404868626034913,1.1604187165920958,1.9368825818914277,"[{""name"":""nbo_charge"",""value"":0.7466779947280884}]",nbo_charge,20260913,0.056166692,2,1.4754758281349092,1.4754758281349092,0,0
S010,three_singleton_scaffolds,SIG-NIHDA-2064,3,0.4569314868626293,0.4569316,-1.1313737069418295e-07,interpolation,inside_training_range,reliable,0.008044954101469548,SIG-NIHDA-2067,0.02898485420054797,0.27755716988624546,0.7413543628333985,0.0,0.20351518447030204,0.27135357929373605,-0.6092542863720245,1.523117260097283,-1.4930321866347367,2.529308413671732,0.1707657395418302,0.8394938120147883,"[{""name"":""nbo_charge"",""value"":1.477565050125122}]",nbo_charge,20260913,0.028072105,3,0.4288593818626293,0.4288593818626293,1,0
S011,three_singleton_scaffolds,SIG-NIHDA-724,1,1.5344711686756938,1.5344712,-3.1324306259961077e-08,interpolation,inside_training_range,reliable,0.000741786777421094,SIG-NIHDA-1058,0.037059525106990066,0.020016089663307104,1.2030795632873508,0.0,0.33177149079995466,0.4423619877332729,0.3306103671767422,2.738331970174645,0.11898819348337941,3.0264322141587954,1.1647586778220196,1.9371404228961602,"[{""name"":""nbo_charge"",""value"":0.7455700039863586}]",nbo_charge,20260914,2.143755427,1,-0.6092842583243061,0.6092842583243061,1,1
S011,three_singleton_scaffolds,SIG-NIHDA-401,2,1.532703892767728,1.5327039,-7.232272114521265e-09,interpolation,inside_training_range,reliable,9.062706689211275e-05,SIG-NIHDA-1057,0.037059525106990066,0.002445445985356648,1.200134028227632,0.0,0.33076024081569755,0.44101365442093005,0.3293002400419389,2.7361075454935166,0.11641682737935932,3.0255370099873873,1.1638494922515066,1.9349651001803112,"[{""name"":""nbo_charge"",""value"":0.7466779947280884}]",nbo_charge,20260914,0.056166692,3,1.476537200767728,1.476537200767728,0,0
S011,three_singleton_scaffolds,SIG-NIHDA-2067,3,0.3624000772660736,0.36240005,2.726607362113498e-08,interpolation,inside_training_range,reliable,0.00805141026052103,SIG-NIHDA-2064,0.037059525106990066,0.21725616389516,0.7504221376460412,0.0,0.205447626381322,0.27393016850842933,-0.7829429862552002,1.5077431407873474,-1.586361753498758,2.4327258633352855,0.05911515550491089,0.7648640223587095,"[{""name"":""nbo_charge"",""value"":1.4803980588912964}]",nbo_charge,20260914,0.465439555,2,-0.10303947773392641,0.10303947773392641,1,0
S012,three_singleton_scaffolds,SIG-NIHDA-401,1,1.680346399147453,1.6803464,-8.525469219478055e-10,interpolation,inside_training_range,reliable,8.77814086335249e-05,SIG-NIHDA-1057,0.025534381190971844,0.003437773094127758,0.9294580263138225,0.0,0.24841317466845517,0.3312175662246069,0.7529400945939805,2.6077527037009256,0.2867185103872416,3.075974495222417,1.2300053347072515,2.1314309929743684,"[{""name"":""nbo_charge"",""value"":0.7466779947280884}]",nbo_charge,20260915,0.056166692,3,1.624179707147453,1.624179707147453,0,0
S012,three_singleton_scaffolds,SIG-NIHDA-785,2,0.2393957352290954,0.23939562,1.1522909540429005e-07,interpolation,inside_training_range,reliable,0.003165381187581806,SIG-NIHDA-498,0.025534381190971844,0.12396545519971268,0.905344037347274,0.0,0.24209254656575174,0.32279006208766897,-0.6856598937747709,1.1644513642329617,-1.5988098602243497,2.1082936930085205,0.07975819923172764,0.4381843786971401,"[{""name"":""nbo_charge"",""value"":1.4592299461364746}]",nbo_charge,20260915,1.163593648,1,-0.9241979127709046,0.9241979127709046,1,1
S012,three_singleton_scaffolds,SIG-NIHDA-2062,3,0.1759478703772004,0.1759479,-2.962279960216918e-08,extrapolation,outside:nbo_charge,caution:outside_range,0.028097270168269572,SIG-NIHDA-2067,0.025534381190971844,1.1003701228602276,0.9861339465927323,0.013787657323688533,0.26392288008893683,0.3518971734519158,-0.7572014845711099,1.1090972253255107,-1.6818333475848832,2.0656848221456667,0.005492123429064577,0.38752334883796735,"[{""name"":""nbo_charge"",""value"":1.4906049966812134}]",nbo_charge,20260915,0.34352042,2,-0.1675725496227996,0.1675725496227996,1,0
S013,three_singleton_scaffolds,SIG-NIHDA-401,1,1.6795646757697398,1.6795647,-2.4230260242674717e-08,interpolation,inside_training_range,reliable,8.707499127724727e-05,SIG-NIHDA-1057,0.05320591205322445,0.0016365660866811558,0.9294012326590544,0.0,0.24839809303830995,0.33119745738441325,0.7373618247193341,2.6217675268201455,0.3772817418177268,2.981826107505771,1.2725437839218077,2.082012799898864,"[{""name"":""nbo_charge"",""value"":0.7466779947280884}]",nbo_charge,20260916,0.056166692,3,1.6233979837697399,1.6233979837697399,0,0
S013,three_singleton_scaffolds,SIG-NIHDA-785,2,0.27322447021504104,0.27322435,1.202150410328784e-07,interpolation,inside_training_range,reliable,0.0031399079097557125,SIG-NIHDA-498,0.05320591205322445,0.059014267185472,0.89063533517275,0.0,0.23831875717975382,0.3177583429063384,-0.6651670863366693,1.2116160267667513,-1.4567197075098592,2.0135025366635513,0.07238390789311779,0.47747551939716004,"[{""name"":""nbo_charge"",""value"":1.4592299461364746}]",nbo_charge,20260916,1.163593648,1,-0.8903691777849589,0.8903691777849589,1,1
S013,three_singleton_scaffolds,SIG-NIHDA-2063,3,0.25718641260897357,0.2571864,1.2608973587457939e-08,interpolation,inside_training_range,reliable,0.02532889428508367,SIG-NIHDA-498,0.05320591205322445,0.4760541320999432,0.9113912313668169,0.0,0.24366199665890323,0.32488266221187095,-0.6832275043489939,1.197600329566941,-1.4776348607407415,2.002459668693809,0.05427841319690998,0.4604921328380136,"[{""name"":""nbo_charge"",""value"":1.4673559665679932}]",nbo_charge,20260916,0.255397799,2,0.0017886136089735882,0.0017886136089735882,1,0
S014,three_singleton_scaffolds,SIG-NIHDA-401,1,1.6794904330017317,1.6794904,3.3001731791770794e-08,interpolation,inside_training_range,reliable,8.737694403571084e-05,SIG-NIHDA-1057,0.027967808232632674,0.0031241970521579854,0.9293532737078188,0.0,0.24838535819306287,0.3311804775907505,0.7740350783017004,2.584945787701763,0.20699408006091735,3.0036949763981875,1.158947419978903,2.049999650129226,"[{""name"":""nbo_charge"",""value"":0.7466779947280884}]",nbo_charge,20260917,0.056166692,2,1.6233237410017318,1.6233237410017318,0,0
S014,three_singleton_scaffolds,SIG-NIHDA-785,2,0.3241885406884535,0.32418847,7.068845347957264e-08,interpolation,inside_training_range,reliable,0.0031507962697902014,SIG-NIHDA-498,0.027967808232632674,0.11265796173880623,0.8969946936923393,0.0,0.23994278293031623,0.31992371057375496,-0.5781999151755977,1.2265769965525046,-1.5640683047559834,2.1439979000626748,0.16276728699429982,0.49342918662392204,"[{""name"":""nbo_charge"",""value"":1.4592299461364746}]",nbo_charge,20260917,1.163593648,1,-0.8394051073115465,0.8394051073115465,1,1
S014,three_singleton_scaffolds,SIG-NIHDA-2064,3,0.2893144503397309,0.2893145,-4.966026906361165e-08,interpolation,inside_training_range,reliable,0.007762665700970839,SIG-NIHDA-2067,0.027967808232632674,0.27755716988624823,0.9439895546783345,0.0,0.2523023256202572,0.3364031008270096,-0.617560282381776,1.1961891830612377,-1.6096405790748123,2.1218765161240123,0.12146896344897158,0.4663355596486532,"[{""name"":""nbo_charge"",""value"":1.477565050125122}]",nbo_charge,20260917,0.028072105,3,0.2612423453397309,0.2612423453397309,1,0
S015,three_singleton_scaffolds,SIG-NIHDA-401,1,1.6799194030972728,1.6799194,3.097272882612856e-09,interpolation,inside_training_range,reliable,8.746300322015621e-05,SIG-NIHDA-1057,0.03576566554482108,0.002445445985355667,0.9293600535242855,0.0,0.24838715844095183,0.3311828779212691,0.7844343567564609,2.5754044494380848,0.22247861183468576,3.0951879956869837,1.1621789737823212,2.08323426592204,"[{""name"":""nbo_charge"",""value"":0.7466779947280884}]",nbo_charge,20260918,0.056166692,3,1.623752711097273,1.623752711097273,0,0
S015,three_singleton_scaffolds,SIG-NIHDA-785,2,0.21490512011143892,0.21490502,1.0011143891652807e-07,interpolation,inside_training_range,reliable,0.0031538995478928022,SIG-NIHDA-498,0.03576566554482108,0.08818232513918622,0.8987867181048983,0.0,0.24040250923453915,0.32053667897938554,-0.6777115838086584,1.107521824031536,-1.6740293562168516,2.1308742819416455,0.0768368030370226,0.36122836011520154,"[{""name"":""nbo_charge"",""value"":1.4592299461364746}]",nbo_charge,20260918,1.163593648,1,-0.9486885278885611,0.9486885278885611,0,1
S015,three_singleton_scaffolds,SIG-NIHDA-2067,3,0.17138325834631019,0.17138314,1.1834631019613795e-07,interpolation,inside_training_range,reliable,0.0077703112954252695,SIG-NIHDA-2064,0.03576566554482108,0.21725616389516403,0.9530963258713512,0.0,0.2547703723413527,0.33969382978847024,-0.7263882519200573,1.0691547686126777,-1.7303698018907196,2.1022269652326875,0.032439169222663364,0.32018777180798297,"[{""name"":""nbo_charge"",""value"":1.4803980588912964}]",nbo_charge,20260918,0.465439555,2,-0.2940562966536898,0.2940562966536898,1,0
S016,three_singleton_scaffolds,SIG-NIHDA-401,1,1.6841086962313767,1.6841087,-3.768623191291454e-09,interpolation,inside_training_range,reliable,8.802304860722199e-05,SIG-NIHDA-1057,0.014370955520823125,0.0061250658301515845,0.9293938533840927,0.0,0.24839613352973322,0.33119484470631094,0.38723993871061957,2.980977453752134,0.11163504082644526,3.3450784218796046,1.2971093039710213,2.141487172502154,"[{""name"":""nbo_charge"",""value"":0.7466779947280884}]",nbo_charge,20260919,0.056166692,3,1.6279420042313768,1.6279420042313768,0,0
S016,three_singleton_scaffolds,SIG-NIHDA-2063,2,0.44237819540128953,0.44237828,-8.459871048138723e-08,sparse_interpolation,inside_training_range,reliable,0.022430576191982077,SIG-NIHDA-785,0.014370955520823125,1.560827055617894,0.9314408381847508,0.0,0.2489402907197587,0.33192038762634496,-0.8547731741669025,1.7395295649694815,-1.7133737980693238,2.756971068769019,0.062021296583144904,0.9817061136425025,"[{""name"":""nbo_charge"",""value"":1.4673559665679932}]",nbo_charge,20260919,0.255397799,2,0.18698039640128955,0.18698039640128955,1,0
S016,three_singleton_scaffolds,SIG-NIHDA-2062,3,0.40232004053275716,0.40232015,-1.0946724282590026e-07,extrapolation,outside:nbo_charge,caution:outside_range,0.028174614833053058,SIG-NIHDA-2067,0.014370955520823125,1.960524809378806,0.9914712588032117,0.013787657323688533,0.2654307510046893,0.35390766800625245,-0.9033667560394489,1.7080068371049633,-1.7722484787315578,2.7379987592264268,0.008487859812125008,0.9522393666733847,"[{""name"":""nbo_charge"",""value"":1.4906049966812134}]",nbo_charge,20260919,0.34352042,1,0.05879962053275717,0.05879962053275717,1,1
S017,three_singleton_scaffolds,SIG-NIHDA-401,1,1.6828089347440311,1.6828089,3.474403120762304e-08,interpolation,inside_training_range,reliable,8.83384002483556e-05,SIG-NIHDA-1057,0.036129580109034,0.0024450436451728115,0.929416637804232,0.0,0.24840218380390328,0.3312029117385377,0.4520072610370214,2.913610608451041,0.12362325420077758,3.2453248264715144,1.181761800886155,2.0671099442569423,"[{""name"":""nbo_charge"",""value"":0.7466779947280884}]",nbo_charge,20260920,0.056166692,2,1.6266422427440312,1.6266422427440312,0,0
S017,three_singleton_scaffolds,SIG-NIHDA-2064,2,0.47956136832482343,0.47956133,3.832482342591703e-08,interpolation,inside_training_range,reliable,0.007848082549163138,SIG-NIHDA-2067,0.036129580109034,0.2172204195420685,0.9645396043431989,0.0,0.25790523547807637,0.3438736473041018,-0.7559159610632531,1.7150386977129,-1.6226847564610682,2.7237148569680363,0.1179698510502007,0.9656381029144928,"[{""name"":""nbo_charge"",""value"":1.477565050125122}]",nbo_charge,20260920,0.028072105,3,0.4514892633248234,0.4514892633248234,1,0
S017,three_singleton_scaffolds,SIG-NIHDA-2062,3,0.4580939147093943,0.45809388,3.470939430316733e-08,extrapolation,outside:nbo_charge,caution:outside_range,0.028275553293685807,SIG-NIHDA-2067,0.036129580109034,0.7826150541565708,0.9983301715653286,0.013787657323688533,0.26738044735109406,0.3565072631347921,-0.7820278215231813,1.69821565094197,-1.6538410930815528,2.714408677476658,0.0881954597239627,0.9456285868570908,"[{""name"":""nbo_charge"",""value"":1.4906049966812134}]",nbo_charge,20260920,0.34352042,1,0.11457349470939432,0.11457349470939432,1,1
S018,three_singleton_scaffolds,SIG-NIHDA-401,1,2.9998946372789845,2.761922,0.23797263727898432,extrapolation,outside:B1_x_nbo_charge,do_not_trust:extrapolation,1.4388157529234225,SIG-NIHDA-724,0.48251455859269576,2.9819115865019272,2.663180993469315,0.4809896854765475,1.1382190005680297,1.5176253340907062,1.5709222208465388,4.42886705371143,0.7821796792360654,5.856739119926387,2.344729555940257,4.389421702868937,"[{""name"":""sterimol_b1"",""value"":1.7339874505996704},{""name"":""nbo_charge"",""value"":0.7466779947280884}]",B1_x_nbo_charge,20260921,0.056166692,3,2.9437279452789844,2.9437279452789844,0,0
S018,three_singleton_scaffolds,SIG-NIHDA-2067,2,-1.9304308208504608,-1.8105049,-0.11992592085046083,extrapolation,outside:B1_x_nbo_charge,do_not_trust:extrapolation,2.7234049909415914,SIG-NIHDA-2063,0.48251455859269576,5.64419237190415,4.0283858241560395,0.9104221352572123,2.443270335465905,3.2576937806212065,-3.7437878243213225,-0.1170738173795991,-8.927026577468414,2.1357995416247366,-5.415732688021308,-1.3087145089477077,"[{""name"":""sterimol_b1"",""value"":4.129640579223633},{""name"":""nbo_charge"",""value"":1.4803980588912964}]",B1_x_nbo_charge,20260921,0.465439555,1,-2.395870375850461,2.395870375850461,0,1
S018,three_singleton_scaffolds,SIG-NIHDA-2062,3,-2.7737927405164555,-2.3873148,-0.38647794051645556,extrapolation,outside:B1_x_nbo_charge,do_not_trust:extrapolation,3.9470690129355415,SIG-NIHDA-2063,0.48251455859269576,8.180207089393493,5.173018705861761,1.3194875572002,3.94787464731367,5.263832863084893,-4.947530240547846,-0.600055240485065,-10.587844893952138,1.4993103742527634,-7.131506942880014,-1.9459296612811392,"[{""name"":""sterimol_b1"",""value"":4.6543474197387695},{""name"":""nbo_charge"",""value"":1.4906049966812134}]",B1_x_nbo_charge,20260921,0.34352042,2,-3.1173131605164555,3.1173131605164555,0,0
S019,three_singleton_scaffolds,SIG-NIHDA-401,1,1.6840312167358746,1.6840312,1.673587468609128e-08,interpolation,inside_training_range,reliable,8.76141550978371e-05,SIG-NIHDA-1057,0.028043735281419346,0.0031241970521625455,0.9292657314509624,0.0,0.24836211423558457,0.3311494856474461,0.4781260013119475,2.889936432159802,0.107250939401758,3.2550753598089788,1.2437655632928584,2.0846743515349746,"[{""name"":""nbo_charge"",""value"":0.7466779947280884}]",nbo_charge,20260922,0.056166692,2,1.6278645247358747,1.6278645247358747,0,0
S019,three_singleton_scaffolds,SIG-NIHDA-2063,2,0.5266460581143235,0.52664614,-8.188567646172373e-08,interpolation,inside_training_range,reliable,0.022326379425769427,SIG-NIHDA-785,0.028043735281419346,0.7961271635794533,0.9229248238434419,0.0,0.24668431863806403,0.32891242485075206,-0.678448518028524,1.731740634257171,-1.5995160811953653,2.700464995345464,0.1580298263698155,0.9259723963657867,"[{""name"":""nbo_charge"",""value"":1.4673559665679932}]",nbo_charge,20260922,0.255397799,1,0.27124825911432354,0.27124825911432354,1,1
S019,three_singleton_scaffolds,SIG-NIHDA-2064,3,0.5102506051466378,0.51025057,3.51466378223364e-08,interpolation,inside_training_range,reliable,0.007783739797749822,SIG-NIHDA-2067,0.028043735281419346,0.27755716988624607,0.9491628509257045,0.0,0.2537014453682016,0.3382685938242688,-0.6982307286766842,1.7187319389699598,-1.6236940466760401,2.6926084161607244,0.13342210672223878,0.9166075132832278,"[{""name"":""nbo_charge"",""value"":1.477565050125122}]",nbo_charge,20260922,0.028072105,3,0.48217850014663777,0.48217850014663777,1,0
S020,three_singleton_scaffolds,SIG-NIHDA-401,1,1.6845451263246787,1.6845452,-7.367532139923583e-08,interpolation,inside_training_range,reliable,8.770115639666898e-05,SIG-NIHDA-1057,0.03586305194301276,0.0024454459853564107,0.9292774655231125,0.0,0.24836522970415137,0.3311536396055352,0.38838855507535897,2.9807016975739984,0.06276630296057428,3.3659608751438412,1.2448663646232632,2.13431856427219,"[{""name"":""nbo_charge"",""value"":0.7466779947280884}]",nbo_charge,20260923,0.056166692,3,1.6283784343246788,1.6283784343246788,0,0
S020,three_singleton_scaffolds,SIG-NIHDA-2063,2,0.41592423726046945,0.4159243,-6.273953057078785e-08,interpolation,inside_training_range,reliable,0.02234854963338806,SIG-NIHDA-785,0.03586305194301276,0.6231636300474492,0.9247523243546052,0.0,0.2471666944856064,0.3295555926474752,-0.8796099751184285,1.7114584496393674,-1.8286987995377557,2.73359744314061,0.05359254324253726,0.9756094953759199,"[{""name"":""nbo_charge"",""value"":1.4673559665679932}]",nbo_charge,20260923,0.255397799,2,0.16052643826046947,0.16052643826046947,1,0
S020,three_singleton_scaffolds,SIG-NIHDA-2067,3,0.39296603483865056,0.39296603,4.838650535798905e-09,interpolation,inside_training_range,reliable,0.007791469090711711,SIG-NIHDA-2064,0.03586305194301276,0.2172561638951571,0.958304657899651,0.0,0.25619254533602387,0.3415900604480318,-0.9072476716636373,1.6931797413409384,-1.862928599055715,2.7221535769696885,0.0217952726776538,0.9546907691462815,"[{""name"":""nbo_charge"",""value"":1.4803980588912964}]",nbo_charge,20260923,0.465439555,1,-0.07247352016134945,0.07247352016134945,1,1
S021,three_singleton_scaffolds,SIG-NIHDA-401,1,1.6835364188615074,1.6835364,1.8861507466994e-08,interpolation,inside_training_range,reliable,8.801195717700327e-05,SIG-NIHDA-1057,0.06416713260692886,0.001371604957262803,0.9292760517286541,0.0,0.24836485433091376,0.331153139107885,0.44765346702761666,2.9194193706953984,0.18490512877877774,3.18116438303854,1.2458524505099602,2.0846344662986427,"[{""name"":""nbo_charge"",""value"":0.7466779947280884}]",nbo_charge,20260924,0.056166692,2,1.6273697268615075,1.6273697268615075,0,0
S021,three_singleton_scaffolds,SIG-NIHDA-2064,2,0.4521313522388368,0.45213127,8.223883685154476e-08,interpolation,inside_training_range,reliable,0.028176986963124984,SIG-NIHDA-2063,0.06416713260692886,0.4391186861306374,0.957681321399973,0.0,0.2560219304797712,0.3413625739730282,-0.7875360633384691,1.6917987678161428,-1.5746576575085944,2.5494824430944667,0.10214952263691401,0.9378384605071112,"[{""name"":""nbo_charge"",""value"":1.477565050125122}]",nbo_charge,20260924,0.028072105,3,0.4240592472388368,0.4240592472388368,1,0
S021,three_singleton_scaffolds,SIG-NIHDA-2067,3,0.4473582736589208,0.44735837,-9.63410792254038e-08,interpolation,inside_training_range,reliable,0.02817106466320274,SIG-NIHDA-2062,0.06416713260692886,0.4390263912176245,0.9649954019271847,0.0,0.25803087510580125,0.344041166807735,-0.7933001390103762,1.6880166863282178,-1.581477940836062,2.5470339656449332,0.09670594189246985,0.9339959987441164,"[{""name"":""nbo_charge"",""value"":1.4803980588912964}]",nbo_charge,20260924,0.465439555,1,-0.018081281341079225,0.018081281341079225,1,1
S022,three_singleton_scaffolds,SIG-NIHDA-498,1,1.4349706169790721,1.0040712,0.4308994169790721,extrapolation,outside:B5_boltz,caution:outside_range,0.45232867718964115,SIG-NIHDA-723,1.224031486021576,0.3695400668652963,1.4066435407596383,0.13438379846459014,0.4076637215372588,0.3623677524775634,0.20325246247420536,2.6666887714839387,-23.404197476836984,29.967886089582468,0.8310329995217334,3.1264037443097683,"[{""name"":""sterimol_b1"",""value"":3.2884652614593506},{""name"":""sterimol_b5"",""value"":7.147030830383301}]",B5_boltz|B1_boltz,20260925,0.112513889,3,1.3224567279790722,1.3224567279790722,0,0
S022,three_singleton_scaffolds,SIG-NIHDA-724,2,0.8555294479559166,1.5570872,-0.7015577520440834,interpolation,inside_training_range,reliable,0.8293625753210999,SIG-NIHDA-2063,1.224031486021576,0.6775663737349978,0.21719720004854645,0.0,0.13173923195841833,0.11710153951859407,-0.24889260274273917,1.9599514986545723,-26.82713720737459,30.029246999918378,-0.29786761552398955,1.3530622443790716,"[{""name"":""sterimol_b1"",""value"":3.515042304992676},{""name"":""sterimol_b5"",""value"":8.266290664672852}]",B5_boltz|B1_boltz,20260925,2.143755427,1,-1.2882259790440833,1.2882259790440833,0,1
S022,three_singleton_scaffolds,SIG-NIHDA-785,3,-0.21915720960629415,0.075703144,-0.29486035360629415,extrapolation,outside:B1_boltz,caution:outside_range,0.06885862812218785,SIG-NIHDA-401,1.224031486021576,0.056255602007425874,1.947699722595405,0.011339158403159032,0.6669334584854596,0.5928297408759641,-1.5595158412784504,1.1212014220658622,-26.620035891592174,28.6328564138676,-1.091602953985057,0.9677357559569373,"[{""name"":""sterimol_b1"",""value"":2.0187768936157227},{""name"":""sterimol_b5"",""value"":9.09225845336914}]",B5_boltz|B1_boltz,20260925,1.163593648,2,-1.3827508576062941,1.3827508576062941,0,0
S023,three_singleton_scaffolds,SIG-NIHDA-498,1,1.590806116295937,1.5610576,0.029748516295937,extrapolation,outside:B5_boltz,caution:outside_range,0.40580227056632,SIG-NIHDA-1058,0.6528156715418386,0.6216184571793208,1.4761638099772847,0.14611897071006108,0.43629422769809334,0.5817256369307912,0.03540172311361456,3.1462105094782595,-6.669006784651541,9.600573232793025,0.7898720481862256,2.0652150311517343,"[{""name"":""sterimol_b5"",""value"":7.147030830383301}]",B5_boltz,20260926,0.112513889,3,1.4782922272959371,1.4782922272959371,1,0
S023,three_singleton_scaffolds,SIG-NIHDA-724,2,0.861329822070843,1.831336,-0.9700061779291571,interpolation,inside_training_range,reliable,0.17210885659763964,SIG-NIHDA-2063,0.6528156715418386,0.26364081639025,0.07762962855600203,0.0,0.12586090846139183,0.1678145446151891,-0.5157654389075716,2.2384250830492576,-8.063362630793389,9.397289407001978,0.4025672420734878,1.2086429326587647,"[{""name"":""sterimol_b5"",""value"":8.266290664672852}]",B5_boltz,20260926,2.143755427,1,-1.282425604929157,1.282425604929157,1,1
S023,three_singleton_scaffolds,SIG-NIHDA-2062,3,0.28853104511415495,-0.08055258,0.36908362511415493,interpolation,inside_training_range,reliable,0.13888277577205,SIG-NIHDA-401,0.6528156715418386,0.2127442428641958,1.0205262333849268,0.0,0.2737819704324037,0.36504262724320496,-1.1762380302470437,1.7533001204753536,-9.158237583736007,9.23766704818101,-0.5485834346530168,0.7705143684356415,"[{""name"":""sterimol_b5"",""value"":9.14515495300293}]",B5_boltz,20260926,0.34352042,2,-0.054989374885845044,0.054989374885845044,1,0
S024,three_singleton_scaffolds,SIG-NIHDA-498,1,1.6075643440944418,1.5812578,0.026306544094441886,extrapolation,outside:B5_boltz,caution:outside_range,0.3457764902082485,SIG-NIHDA-1058,0.34007015614653513,1.0167798730896414,1.4329952068587841,0.13438379846459014,0.4183536089828928,0.5578048119771905,0.17579807921358515,3.0393306089752983,-4.324997432753376,7.310241479270412,0.9389328186058918,2.0659140928482937,"[{""name"":""sterimol_b5"",""value"":7.147030830383301}]",B5_boltz,20260927,0.112513889,3,1.495050455094442,1.495050455094442,0,0
S024,three_singleton_scaffolds,SIG-NIHDA-724,2,0.9624911765566821,1.8202639,-0.8577727234433179,interpolation,inside_training_range,reliable,0.33576842476236723,SIG-NIHDA-2064,0.34007015614653513,0.9873504589967186,0.24133050766118358,0.0,0.13332005913257208,0.17776007884342945,-0.3173502224331033,2.2423325755464676,-5.452140909053532,7.0229476111287505,0.5386389760456651,1.2700596435454088,"[{""name"":""sterimol_b5"",""value"":8.266290664672852}]",B5_boltz,20260927,2.143755427,1,-1.1812642504433177,1.1812642504433177,1,1
S024,three_singleton_scaffolds,SIG-NIHDA-2063,3,0.48924914049359813,0.8882332,-0.3989840595064018,interpolation,inside_training_range,reliable,0.05261181389332126,SIG-NIHDA-401,0.34007015614653513,0.1547087062548676,0.6329049386919066,0.0,0.182224094488658,0.24296545931821067,-0.8179139290711184,1.7964122100583146,-6.279041949900631,6.812181543107728,-0.04934200999090873,0.7949658072012992,"[{""name"":""sterimol_b5"",""value"":9.087408065795898}]",B5_boltz,20260927,0.255397799,2,0.23385134149359815,0.23385134149359815,1,0
S025,three_singleton_scaffolds,SIG-NIHDA-498,1,1.598935656417268,1.5734925,0.02544315641726813,extrapolation,outside:B5_boltz,caution:outside_range,0.34573592349995486,SIG-NIHDA-1058,0.39521793878892575,0.8747981545559403,1.410716754859025,0.13438379846459014,0.40930310891999694,0.5457374785599959,0.2676957725217497,2.9301755403127867,-3.4786615872165867,6.681168904271409,1.0669564879597084,2.0797135357206016,"[{""name"":""sterimol_b5"",""value"":7.147030830383301}]",B5_boltz,20260928,0.112513889,2,1.4864217674172682,1.4864217674172682,0,0
S025,three_singleton_scaffolds,SIG-NIHDA-724,2,0.9750404242339528,1.8046522,-0.8296117757660473,interpolation,inside_training_range,reliable,0.14663351783435008,SIG-NIHDA-2063,0.39521793878892575,0.37101938814741586,0.2191918624892612,0.0,0.13186358179735874,0.175818109063145,-0.21798901058978037,2.168069859057686,-4.5341080776103855,6.361571883315221,0.6308993926941753,1.2785222941304908,"[{""name"":""sterimol_b5"",""value"":8.266290664672852}]",B5_boltz,20260928,2.143755427,1,-1.1687150027660471,1.1687150027660471,1,1
S025,three_singleton_scaffolds,SIG-NIHDA-2064,3,0.8729417693878645,0.81060266,0.062339109387864466,interpolation,inside_training_range,reliable,0.061819144717799826,SIG-NIHDA-2063,0.39521793878892575,0.1564178612621519,0.024202251331537524,0.0,0.12508367842421642,0.1667782378989552,-0.31650915402276136,2.0623926927984906,-4.706828850862857,6.309270752854175,0.5278566652490468,1.171728294162861,"[{""name"":""sterimol_b5"",""value"":8.449454307556152}]",B5_boltz,20260928,0.028072105,3,0.8448696643878645,0.8448696643878645,1,0
S026,three_singleton_scaffolds,SIG-NIHDA-498,1,1.5726530031926131,1.5435758,0.0290772031926132,extrapolation,outside:B5_boltz,caution:outside_range,0.38626117901804036,SIG-NIHDA-1058,0.8522230038886079,0.4532395596640426,1.4320720447045412,0.13438379846459014,0.4179757630320351,0.5573010173760468,0.029090613650041064,3.116215392735185,-6.022822651705388,9.050480189514404,0.8123600591580514,2.095724563678273,"[{""name"":""sterimol_b5"",""value"":7.147030830383301}]",B5_boltz,20260929,0.112513889,3,1.4601391141926132,1.4601391141926132,1,0
S026,three_singleton_scaffolds,SIG-NIHDA-724,2,0.8596338262998415,1.8077564,-0.9481225737001584,interpolation,inside_training_range,reliable,0.16382108896551015,SIG-NIHDA-2063,0.8522230038886079,0.19222795936980225,0.10088318501941568,0.0,0.12645391671709452,0.16860522228945937,-0.5161382767437817,2.2354059293434645,-7.390463820093565,8.783123098977784,0.41790770088834966,1.171302484374337,"[{""name"":""sterimol_b5"",""value"":8.266290664672852}]",B5_boltz,20260929,2.143755427,1,-1.2841216007001583,1.2841216007001583,1,1
S026,three_singleton_scaffolds,SIG-NIHDA-2067,3,0.2502817710172849,0.05466032,0.1956214510172849,interpolation,inside_training_range,reliable,0.23094259166852804,SIG-NIHDA-401,0.8522230038886079,0.27098845092746876,1.0367617674674123,0.0,0.27855356606887893,0.37140475475850526,-1.2154322694971949,1.7159958115317646,-8.559261215527016,8.55463752959547,-0.6459408336859439,0.6329922233054801,"[{""name"":""sterimol_b5"",""value"":9.222819328308105}]",B5_boltz,20260929,0.465439555,2,-0.21515778398271512,0.21515778398271512,1,0
S027,three_singleton_scaffolds,SIG-NIHDA-498,1,1.6751445187445597,1.6394525,0.03569201874455974,interpolation,inside_training_range,reliable,0.34415401358554154,SIG-NIHDA-1058,0.7622395206106237,0.4515037652598262,0.9916978583557509,0.0,0.2654949488953404,0.3539932651937872,0.3971429896265082,2.953146047862611,-5.320965834404366,8.414712849980624,1.086450101668183,2.0034597127578166,"[{""name"":""sterimol_b5"",""value"":7.147030830383301}]",B5_boltz,20260930,0.112513889,3,1.5626306297445598,1.5626306297445598,0,0
S027,three_singleton_scaffolds,SIG-NIHDA-785,2,0.15405221919127143,0.42762327,-0.27357105080872857,interpolation,inside_training_range,reliable,0.057859758459683386,SIG-NIHDA-401,0.7622395206106237,0.07590758140345756,1.0696484533770805,0.0,0.28844968768742574,0.3845995835832343,-1.1354880175525874,1.4435924559351303,-7.858227972707847,7.627748841601038,-0.615434868705222,0.6049892978429396,"[{""name"":""sterimol_b5"",""value"":9.09225845336914}]",B5_boltz,20260930,1.163593648,1,-1.0095414288087285,1.0095414288087285,1,1
S027,three_singleton_scaffolds,SIG-NIHDA-2062,3,0.11268921502892226,-0.33013344,0.44282265502892226,interpolation,inside_training_range,reliable,0.11778412336911837,SIG-NIHDA-401,0.7622395206106237,0.1545237686898765,1.125702564029858,0.0,0.3060294660947709,0.4080392881263612,-1.1856185457228974,1.410996975780742,-7.927223644054313,7.606348959711042,-0.6840949577478626,0.570181700825583,"[{""name"":""sterimol_b5"",""value"":9.14515495300293}]",B5_boltz,20260930,0.34352042,2,-0.23083120497107773,0.23083120497107773,1,0
S028,three_singleton_scaffolds,SIG-NIHDA-498,1,1.6797994058982226,1.6497083,0.030091105898222725,interpolation,inside_training_range,reliable,0.2934851020666578,SIG-NIHDA-1058,0.6500169536742761,0.45150376525982633,0.9943836472584836,0.0,0.2662569768478692,0.3550093024638256,0.41546539496622525,2.94413341683022,-4.329532611541151,7.3804915370659785,1.0675472094172442,1.9666470379210792,"[{""name"":""sterimol_b5"",""value"":7.147030830383301}]",B5_boltz,20260931,0.112513889,3,1.5672855168982227,1.5672855168982227,0,0
S028,three_singleton_scaffolds,SIG-NIHDA-2063,2,0.4005988490674781,0.85698223,-0.45638338093252184,interpolation,inside_training_range,reliable,0.04465538869080998,SIG-NIHDA-401,0.6500169536742761,0.06869880614404224,0.759092752225208,0.0,0.20731740092583445,0.2764232012344459,-0.8339595122294035,1.6351572103643597,-6.520683970028608,6.67248473383296,-0.3329640996464377,0.7016574248002313,"[{""name"":""sterimol_b5"",""value"":9.087408065795898}]",B5_boltz,20260931,0.255397799,2,0.14520105006747813,0.14520105006747813,1,0
S028,three_singleton_scaffolds,SIG-NIHDA-785,3,0.39740121390082095,0.6280427,-0.230641486099179,interpolation,inside_training_range,reliable,0.04934121482465759,SIG-NIHDA-401,0.6500169536742761,0.0759075814034575,0.7634759412169201,0.0,0.20827078754529457,0.2776943833937261,-0.837644500245321,1.632446928046963,-6.5261612211148075,6.670714919521856,-0.3379462265832899,0.6987687035797648,"[{""name"":""sterimol_b5"",""value"":9.09225845336914}]",B5_boltz,20260931,1.163593648,1,-0.766192434099179,0.766192434099179,1,1
S029,three_singleton_scaffolds,SIG-NIHDA-498,1,1.6768029873428532,1.6474609,0.02934208734285315,interpolation,inside_training_range,reliable,0.2948669208828375,SIG-NIHDA-1058,0.6530774349426541,0.45150376525982616,0.9802083307151381,0.0,0.26225833880047966,0.34967778506730623,0.496785048106934,2.8568209265787723,-3.574517550885579,6.736781865471718,1.177820057715283,1.9698723213447025,"[{""name"":""sterimol_b5"",""value"":7.147030830383301}]",B5_boltz,20260932,0.112513889,2,1.5642890983428532,1.5642890983428532,0,0
S029,three_singleton_scaffolds,SIG-NIHDA-2064,2,0.8395525772748442,0.76766014,0.07189243727484418,interpolation,inside_training_range,reliable,0.052723537288281136,SIG-NIHDA-2063,0.6530774349426541,0.08073091254930699,0.20230478008863523,0.0,0.1308467462923873,0.17446232838984974,-0.2773527487660752,1.9564579033157636,-4.977090285574424,6.213950585931881,0.3748804273399813,1.0875028159222553,"[{""name"":""sterimol_b5"",""value"":8.449454307556152}]",B5_boltz,20260932,0.028072105,3,0.8114804722748442,0.8114804722748442,1,0
S029,three_singleton_scaffolds,SIG-NIHDA-785,3,0.42633211241991376,0.6512313,-0.2248991875800862,interpolation,inside_training_range,reliable,0.049573528555670765,SIG-NIHDA-401,0.6530774349426541,0.07590758140345755,0.7859278054911473,0.0,0.21324035934916152,0.28432047913221536,-0.730546813799638,1.5832110386394656,-5.669322562144941,5.955910002404904,-0.31032353756630754,0.7058901124198996,"[{""name"":""sterimol_b5"",""value"":9.09225845336914}]",B5_boltz,20260932,1.163593648,1,-0.7372615355800862,0.7372615355800862,1,1
S030,three_singleton_scaffolds,SIG-NIHDA-498,1,1.6563467654272017,1.6216693,0.03467746542720174,interpolation,inside_training_range,reliable,0.329803442718527,SIG-NIHDA-1058,0.7304555755559103,0.4515037652598263,0.9733924453966696,0.0,0.2603561218221869,0.3471414957629159,0.36954979249474174,2.9431437383596615,-5.362093416896471,8.542824587558268,1.1373994564281225,2.0420636073480978,"[{""name"":""sterimol_b5"",""value"":7.147030830383301}]",B5_boltz,20260933,0.112513889,3,1.5438328764272018,1.5438328764272018,0,0
S030,three_singleton_scaffolds,SIG-NIHDA-785,2,0.17848881642885317,0.44428396,-0.2657951435711468,interpolation,inside_training_range,reliable,0.055447116063119806,SIG-NIHDA-401,0.7304555755559103,0.0759075814034577,1.001999627361034,0.0,0.26842903617595015,0.35790538156793356,-1.1124227158100433,1.4694003486677496,-7.986238943771468,7.714987937545266,-0.6672713290166142,0.603462924437028,"[{""name"":""sterimol_b5"",""value"":9.09225845336914}]",B5_boltz,20260933,1.163593648,1,-0.9851048315711468,0.9851048315711468,1,1
S030,three_singleton_scaffolds,SIG-NIHDA-2067,3,0.07929712051793558,-0.1539998,0.23329692051793557,interpolation,inside_training_range,reliable,0.19718694484454602,SIG-NIHDA-401,0.7304555755559103,0.2699506327875965,1.1345850967010502,0.0,0.3088976202365902,0.4118634936487869,-1.2320456673277407,1.3906399083636118,-8.162367810083822,7.659424734527238,-0.8310875661669115,0.5323603070403037,"[{""name"":""sterimol_b5"",""value"":9.222819328308105}]",B5_boltz,20260933,0.465439555,2,-0.3861424344820644,0.3861424344820644,1,0
S031,three_singleton_scaffolds,SIG-NIHDA-498,1,1.7370604895397719,1.7053561,0.03170438953977195,interpolation,inside_training_range,reliable,0.3355850055817565,SIG-NIHDA-1058,0.7432607021308845,0.4515037652598263,1.0118605917197039,0.0,0.2712659795821928,0.361687972776257,0.3977129315827037,3.07640804749684,-4.182400238524687,7.370940480491436,1.2509233041324657,2.027052330850767,"[{""name"":""sterimol_b5"",""value"":7.147030830383301}]",B5_boltz,20260934,0.112513889,3,1.624546600539772,1.624546600539772,0,0
S031,three_singleton_scaffolds,SIG-NIHDA-2063,2,0.38928397258996483,0.8701334,-0.4808494274100351,interpolation,inside_training_range,reliable,0.05106112289017428,SIG-NIHDA-401,0.7432607021308845,0.06869880614404214,0.9931488045479249,0.0,0.2659063639964246,0.35454181866189943,-0.9472372806775693,1.725805225857499,-6.4106556553917295,6.649613281052453,-0.3652932463139337,0.8621765704381487,"[{""name"":""sterimol_b5"",""value"":9.087408065795898}]",B5_boltz,20260934,0.255397799,2,0.13388617358996485,0.13388617358996485,1,0
S031,three_singleton_scaffolds,SIG-NIHDA-2062,3,0.3491732677825894,-0.044174194,0.3933474617825894,interpolation,inside_training_range,reliable,0.1148514448123481,SIG-NIHDA-401,0.7432607021308845,0.15452376868987666,1.0528191868541183,0.0,0.2833468914583096,0.3777958552777461,-0.99652318981887,1.6948697253840488,-6.476969984315979,6.628146114944153,-0.4282037887376305,0.8370498965041975,"[{""name"":""sterimol_b5"",""value"":9.14515495300293}]",B5_boltz,20260934,0.34352042,1,0.005652847782589399,0.005652847782589399,1,1
S032,three_singleton_scaffolds,SIG-NIHDA-498,1,1.7282403695160156,1.6976223,0.030618069516015645,interpolation,inside_training_range,reliable,0.33870969782855853,SIG-NIHDA-1058,0.7501813359931598,0.45150376525982633,0.999621212951394,0.0,0.2677489384832023,0.35699858464426976,0.46634441885875,2.9901363201732813,-3.7146985426976524,7.138045836545639,1.2759025285634826,2.0179965701973828,"[{""name"":""sterimol_b5"",""value"":7.147030830383301}]",B5_boltz,20260935,0.112513889,2,1.6157264805160156,1.6157264805160156,0,0
S032,three_singleton_scaffolds,SIG-NIHDA-2064,2,0.8545778445043197,0.77955866,0.07501918450431977,interpolation,inside_training_range,reliable,0.06056282383218603,SIG-NIHDA-2063,0.7501813359931598,0.08073091254930694,0.35871582003780617,0.0,0.14338243422077082,0.19117657896102777,-0.3438245741881547,2.052980263196794,-5.154136300245858,6.631465515849543,0.4122215675464105,1.1734306301869508,"[{""name"":""sterimol_b5"",""value"":8.449454307556152}]",B5_boltz,20260935,0.028072105,3,0.8265057395043197,0.8265057395043197,1,0
S032,three_singleton_scaffolds,SIG-NIHDA-2062,3,0.38790353065314775,0.008032322,0.3798712086531478,interpolation,inside_training_range,reliable,0.11592084723846963,SIG-NIHDA-401,0.7501813359931598,0.1545237686898766,1.0842831697880837,0.0,0.2929528560408135,0.390603808054418,-0.8864744645415803,1.6622815258478758,-5.923024296015489,6.3608713026341,-0.30580550035612075,0.7990218663004114,"[{""name"":""sterimol_b5"",""value"":9.14515495300293}]",B5_boltz,20260935,0.34352042,1,0.04438311065314776,0.04438311065314776,1,1
S033,three_singleton_scaffolds,SIG-NIHDA-498,1,1.7696565148352192,1.7293739,0.04028261483521933,interpolation,inside_training_range,reliable,0.40518431489069107,SIG-NIHDA-1058,0.8974107107556903,0.4515037652598263,1.0447494266578121,0.0,0.2809287663574039,0.3745716884765385,0.4504579726437439,3.0888550570266946,-4.595776157643428,8.014261955968855,1.4037647886175137,2.0992102517028353,"[{""name"":""sterimol_b5"",""value"":7.147030830383301}]",B5_boltz,20260936,0.112513889,3,1.6571426258352193,1.6571426258352193,0,0
S033,three_singleton_scaffolds,SIG-NIHDA-2062,2,0.00625232307834267,-0.4935217,0.4997740230783427,extrapolation,outside:B5_boltz,caution:outside_range,0.13867128508863003,SIG-NIHDA-401,0.8974107107556903,0.15452376868987658,1.448138657241658,0.04593947944161838,0.4245865100853817,0.5661153467805089,-1.3849557431176747,1.39746038927436,-7.154725125995299,7.15180734800391,-0.6638466184340359,0.7781566048164557,"[{""name"":""sterimol_b5"",""value"":9.14515495300293}]",B5_boltz,20260936,0.34352042,2,-0.3372680969216573,0.3372680969216573,1,0
S033,three_singleton_scaffolds,SIG-NIHDA-2067,3,-0.06228880678088444,-0.33329296,0.2710041532191156,extrapolation,outside:B5_boltz,caution:outside_range,0.24225658923886506,SIG-NIHDA-401,0.8974107107556903,0.2699506327875962,1.54503383685039,0.08025555971319061,0.4660185081446625,0.62135801085955,-1.4735824970797993,1.3490048835180304,-7.254188002607947,7.11828490683101,-0.7612720894157974,0.7389918034019667,"[{""name"":""sterimol_b5"",""value"":9.222819328308105}]",B5_boltz,20260936,0.465439555,1,-0.5277283617808844,0.5277283617808844,1,1
S034,three_singleton_scaffolds,SIG-NIHDA-498,1,2.639433206281751,2.5974817,0.04195150628175126,sparse_interpolation,inside_training_range,caution:high_leverage,1.5286064785372502,SIG-NIHDA-785,1.521407907269315,1.0047315195573392,3.350807131386979,0.0,1.7289869188219766,1.5368772611750903,1.593436787732818,3.685429624830684,-98.56849982766207,10.174561242505558,-44.26144504906382,3.1564875423959022,"[{""name"":""sterimol_b5"",""value"":7.147030830383301},{""name"":""nbo_charge"",""value"":1.4580800533294678}]",B5_boltz|nbo_charge,20260937,0.112513889,2,2.526919317281751,2.526919317281751,0,0
S034,three_singleton_scaffolds,SIG-NIHDA-2064,2,1.4650809370128854,1.3622942,0.10278673701288543,interpolation,inside_training_range,reliable,0.28541826650453594,SIG-NIHDA-785,1.521407907269315,0.18760140862999478,1.7770524715222953,0.0,0.5761307837919283,0.5121162522594918,0.6701569606808779,2.260004913344893,-101.332363143024,9.780768330970172,-15.029814717055455,1.6994443632496485,"[{""name"":""sterimol_b5"",""value"":8.449454307556152},{""name"":""nbo_charge"",""value"":1.477565050125122}]",B5_boltz|nbo_charge,20260937,0.028072105,3,1.4370088320128855,1.4370088320128855,0,0
S034,three_singleton_scaffolds,SIG-NIHDA-2063,3,0.8668546869414513,1.5031161,-0.6362614130585487,interpolation,inside_training_range,reliable,0.33135683904205115,SIG-NIHDA-785,1.521407907269315,0.21779618566383288,1.228254528203392,0.0,0.3405155980074482,0.30268053156217617,0.1337509953521162,1.5999583785307863,-101.40761489229295,9.547891191031233,-0.14786114781523532,0.9802260191413736,"[{""name"":""sterimol_b5"",""value"":9.087408065795898},{""name"":""nbo_charge"",""value"":1.4673559665679932}]",B5_boltz|nbo_charge,20260937,0.255397799,1,0.6114568879414513,0.6114568879414513,1,1
S035,three_singleton_scaffolds,SIG-NIHDA-498,1,1.726826413319543,1.6956124,0.0312140133195431,interpolation,inside_training_range,reliable,0.32259718049302855,SIG-NIHDA-1058,0.7144949949805712,0.4515037652598262,0.9952424604434985,0.0,0.26650107929566125,0.355334772394215,0.3888522085859556,3.0648006180531304,-4.189003701438679,7.351023803902891,1.2601557737775253,2.018100198186357,"[{""name"":""sterimol_b5"",""value"":7.147030830383301}]",B5_boltz,20260938,0.112513889,3,1.614312524319543,1.614312524319543,0,0
S035,three_singleton_scaffolds,SIG-NIHDA-2063,2,0.39988373042513103,0.87330055,-0.4734168195748689,interpolation,inside_training_range,reliable,0.04908495315105876,SIG-NIHDA-401,0.7144949949805712,0.06869880614404233,0.9321689773133299,0.0,0.24913414318076849,0.332178857574358,-0.9288853020219845,1.7286527628722466,-6.458264375346824,6.586373728387222,-0.36430962893631436,0.850851256171552,"[{""name"":""sterimol_b5"",""value"":9.087408065795898}]",B5_boltz,20260938,0.255397799,2,0.14448593142513105,0.14448593142513105,1,0
S035,three_singleton_scaffolds,SIG-NIHDA-2067,3,0.3072816421853872,0.097284794,0.20999684818538722,interpolation,inside_training_range,reliable,0.19287837601857571,SIG-NIHDA-401,0.7144949949805712,0.2699506327875964,1.06667540802376,0.0,0.2875423465832364,0.38338979544431523,-1.0417611295901716,1.656324413960946,-6.616627113898465,6.53301182008612,-0.5111165608699423,0.7751626712885573,"[{""name"":""sterimol_b5"",""value"":9.222819328308105}]",B5_boltz,20260938,0.465439555,1,-0.15815791281461278,0.15815791281461278,1,1
S036,three_singleton_scaffolds,SIG-NIHDA-498,1,1.7196901973668446,1.6894693,0.030220897366844524,interpolation,inside_training_range,reliable,0.32519420674287447,SIG-NIHDA-1058,0.7202469431362003,0.45150376525982633,0.9824578707539975,0.0,0.2628890668294969,0.35051875577266256,0.46052367420971363,2.9788567205239755,-3.3769411628053527,6.839454577811995,1.3130491041568724,2.0010586897135227,"[{""name"":""sterimol_b5"",""value"":7.147030830383301}]",B5_boltz,20260939,0.112513889,2,1.6071763083668447,1.6071763083668447,0,0
S036,three_singleton_scaffolds,SIG-NIHDA-2064,2,0.8573561343107485,0.78330994,0.07404619431074855,interpolation,inside_training_range,reliable,0.05814619298023427,SIG-NIHDA-2063,0.7202469431362003,0.08073091254930699,0.32167760798855577,0.0,0.13978235478303414,0.1863764730440455,-0.33886516701727953,2.0535774356387764,-4.794308650045495,6.307275496723828,0.3991967042256079,1.152726740046998,"[{""name"":""sterimol_b5"",""value"":8.449454307556152}]",B5_boltz,20260939,0.028072105,3,0.8292840293107485,0.8292840293107485,1,0
S036,three_singleton_scaffolds,SIG-NIHDA-2067,3,0.34531146354197517,0.14199638,0.20331508354197517,interpolation,inside_training_range,reliable,0.19443111806294922,SIG-NIHDA-401,0.7202469431362003,0.2699506327875964,1.096059196817394,0.0,0.29662082327542727,0.395494431033903,-0.930560408440597,1.6211833355245473,-5.635926184890608,5.991273295210315,-0.41332600774459105,0.7424886107759874,"[{""name"":""sterimol_b5"",""value"":9.222819328308105}]",B5_boltz,20260939,0.465439555,1,-0.12012809145802483,0.12012809145802483,1,1
S038,three_singleton_scaffolds,SIG-NIHDA-2062,1,1.323340268604909,0.8071823,0.5161579686049089,extrapolation,outside:B1_x_nbo_charge,do_not_trust:extrapolation,0.756654472049226,SIG-NIHDA-2067,1.4541262994184323,0.5203498983216552,3.1238977173455456,0.21067322952876083,1.5191052783481014,1.3503158029760902,-0.09301638961660896,2.7396969268264266,-18.14904429457936,13.886315056261795,-4.223600161896002,2.320569752853006,"[{""name"":""sterimol_b1"",""value"":4.6543474197387695},{""name"":""sterimol_b5"",""value"":9.14515495300293},{""name"":""nbo_charge"",""value"":1.4906049966812134}]",B5_x_nbo_charge|B1_x_nbo_charge,20260941,0.34352042,3,0.979819848604909,0.979819848604909,1,0
S038,three_singleton_scaffolds,SIG-NIHDA-724,2,1.1610124185122572,1.3126407,-0.15162828148774277,interpolation,inside_training_range,reliable,0.19094676196873955,SIG-NIHDA-723,1.4541262994184323,0.13131373942215843,0.8183519362167778,0.0,0.22067141307282132,0.19615236717584117,0.17507611887504348,2.146948718149471,-6.956748262938621,8.733791863363303,0.5674353859323205,1.854199834017038,"[{""name"":""sterimol_b1"",""value"":3.515042304992676},{""name"":""sterimol_b5"",""value"":8.266290664672852},{""name"":""nbo_charge"",""value"":0.7455700039863586}]",B5_x_nbo_charge|B1_x_nbo_charge,20260941,2.143755427,1,-0.9827430084877427,0.9827430084877427,1,1
S038,three_singleton_scaffolds,SIG-NIHDA-785,3,-1.0194565780257676,-0.6487074,-0.37074917802576757,interpolation,inside_training_range,caution:high_leverage,0.8558376114312779,SIG-NIHDA-498,1.4541262994184323,0.5885579621065682,2.7778545596007302,0.0,1.2273537077563668,1.0909810735612149,-2.3512720754365497,0.3123589193850145,-11.248809478855353,9.81759138022871,-1.751006490117419,2.153150946631456,"[{""name"":""sterimol_b1"",""value"":2.0187768936157227},{""name"":""sterimol_b5"",""value"":9.09225845336914},{""name"":""nbo_charge"",""value"":1.4592299461364746}]",B5_x_nbo_charge|B1_x_nbo_charge,20260941,1.163593648,2,-2.1830502260257676,2.1830502260257676,0,0
S039,three_singleton_scaffolds,SIG-NIHDA-724,1,1.2439553721905412,1.0430262,0.2009291721905413,interpolation,inside_training_range,reliable,0.02544053150067747,SIG-NIHDA-723,1.7686383255322364,0.014384247549889347,0.9588628459377606,0.0,0.25634542247426595,0.22786259775490306,-0.10954926929372477,2.597460013674807,-6.869698140456229,10.801461265799535,0.6771411112148277,1.9229935214224085,"[{""name"":""sterimol_b1"",""value"":3.515042304992676},{""name"":""nbo_charge"",""value"":0.7455700039863586}]",nbo_charge|B1_boltz,20260942,2.143755427,1,-0.8998000548094587,0.8998000548094587,1,1
S039,three_singleton_scaffolds,SIG-NIHDA-785,2,-0.31952178589509117,-0.22648269,-0.09303909589509118,extrapolation,outside:B1_boltz,caution:outside_range,0.2824117062955664,SIG-NIHDA-498,1.7686383255322364,0.15967747742353158,1.806950089521676,0.011339158403159032,0.5914383751460561,0.5257230001298276,-1.8428733108080413,1.203829739017859,-7.676936029578643,9.151296456996683,-1.5932103886182176,1.9607517452615533,"[{""name"":""sterimol_b1"",""value"":2.0187768936157227},{""name"":""nbo_charge"",""value"":1.4592299461364746}]",nbo_charge|B1_boltz,20260942,1.163593648,2,-1.4831154338950912,1.4831154338950912,1,0
S039,three_singleton_scaffolds,SIG-NIHDA-2063,3,-0.32222573298901835,0.046621323,-0.36884705598901835,extrapolation,outside:B1_boltz,caution:outside_range,0.2605942546223612,SIG-NIHDA-498,1.7686383255322364,0.1473417435664471,1.799504560744073,0.003306651432398119,0.5876023805912456,0.5223132271922183,-1.8437402110446712,1.1992887450666345,-7.7225737176311835,9.167380055141134,-1.5948567056545926,1.9409558299964078,"[{""name"":""sterimol_b1"",""value"":2.0376970767974854},{""name"":""nbo_charge"",""value"":1.4673559665679932}]",nbo_charge|B1_boltz,20260942,0.255397799,3,-0.5776235319890184,0.5776235319890184,1,0
S040,three_singleton_scaffolds,SIG-NIHDA-724,1,1.2411638174631392,1.0484635,0.1927003174631392,interpolation,inside_training_range,reliable,0.025573018871511467,SIG-NIHDA-723,1.7794632413551807,0.014371198166496485,0.9596444738309209,0.0,0.25655964516488927,0.228053017924346,-0.13258876554550514,2.6149164004717838,-6.764011461757841,9.747782837415718,0.6923467446369609,1.9214249791088576,"[{""name"":""sterimol_b1"",""value"":3.515042304992676},{""name"":""nbo_charge"",""value"":0.7455700039863586}]",nbo_charge|B1_boltz,20260943,2.143755427,1,-0.9025916095368607,0.9025916095368607,1,1
S040,three_singleton_scaffolds,SIG-NIHDA-2064,2,0.0056321972806543386,0.060602307,-0.05497010971934566,interpolation,inside_training_range,reliable,0.2519148099742527,SIG-NIHDA-2063,1.7794632413551807,0.1415678639039504,1.244971866751139,0.0,0.346422135571688,0.3079307871748338,-1.4163939744307883,1.427658368992097,-8.008931110468714,8.906421735435762,-0.7776018415650874,0.55436252940234,"[{""name"":""sterimol_b1"",""value"":2.7117297649383545},{""name"":""nbo_charge"",""value"":1.477565050125122}]",nbo_charge|B1_boltz,20260943,0.028072105,3,-0.02243990771934566,0.02243990771934566,1,0
S040,three_singleton_scaffolds,SIG-NIHDA-785,3,-0.2505772413090597,-0.16134834,-0.08922890130905967,extrapolation,outside:B1_boltz,caution:outside_range,0.2841401861586677,SIG-NIHDA-498,1.7794632413551807,0.1596774687755145,1.8380178470141573,0.011339158403159032,0.607615657991794,0.5401028071038169,-1.8044236262569942,1.3032691436388748,-7.233160272492759,8.282056226181545,-1.282014223365458,1.591682456007419,"[{""name"":""sterimol_b1"",""value"":2.0187768936157227},{""name"":""nbo_charge"",""value"":1.4592299461364746}]",nbo_charge|B1_boltz,20260943,1.163593648,2,-1.4141708893090597,1.4141708893090597,1,0
S041,three_singleton_scaffolds,SIG-NIHDA-724,1,1.1638911214326129,1.3346591,-0.17076797856738724,interpolation,inside_training_range,reliable,0.18692235296650253,SIG-NIHDA-723,1.729657184371085,0.10806901775421397,0.8183179752272202,0.0,0.22066347265428246,0.19614530902602886,0.09834878976118655,2.229433453104039,-5.662137661145821,7.726028370604278,0.738368190351247,1.825475809803579,"[{""name"":""sterimol_b1"",""value"":3.515042304992676},{""name"":""sterimol_b5"",""value"":8.266290664672852},{""name"":""nbo_charge"",""value"":0.7455700039863586}]",B5_x_nbo_charge|B1_x_nbo_charge,20260944,2.143755427,1,-0.979864305567387,0.979864305567387,1,1
S041,three_singleton_scaffolds,SIG-NIHDA-2067,2,0.5690835219770634,0.3636365,0.20544702197706338,interpolation,inside_training_range,reliable,0.39453104054924876,SIG-NIHDA-2062,1.729657184371085,0.22809782430540007,1.767642193106057,0.0,0.5713655604069702,0.5078804981395291,-0.6398748547494111,1.7780418987035378,-14.01837322141268,11.54718786115333,-2.2753151757937493,1.407881381763417,"[{""name"":""sterimol_b1"",""value"":4.129640579223633},{""name"":""sterimol_b5"",""value"":9.222819328308105},{""name"":""nbo_charge"",""value"":1.4803980588912964}]",B5_x_nbo_charge|B1_x_nbo_charge,20260944,0.465439555,3,0.10364396697706335,0.10364396697706335,1,0
S041,three_singleton_scaffolds,SIG-NIHDA-785,3,-0.9372907298323696,-0.6079564,-0.32933432983236965,interpolation,inside_training_range,caution:high_leverage,0.8323504033154006,SIG-NIHDA-498,1.729657184371085,0.48122275953662386,2.6983981642888453,0.0,1.1651932361482016,1.0357273210206237,-2.3564170811219016,0.4818356214571622,-9.49944083519113,8.467652191309272,-1.7028581995971228,1.7909441640503585,"[{""name"":""sterimol_b1"",""value"":2.0187768936157227},{""name"":""sterimol_b5"",""value"":9.09225845336914},{""name"":""nbo_charge"",""value"":1.4592299461364746}]",B5_x_nbo_charge|B1_x_nbo_charge,20260944,1.163593648,2,-2.1008843778323696,2.1008843778323696,0,0
S044,three_singleton_scaffolds,SIG-NIHDA-2062,1,1.895802833069638,1.72958,0.16622283306963803,extrapolation,outside:B1_boltz,do_not_trust:extrapolation,0.9163187862442514,SIG-NIHDA-1058,0.39536727027240726,2.317639458655517,2.276464306394851,0.3266564202329441,0.86532710546997,1.15376947395996,-0.15553583524299208,3.947141501382268,-2.8001665904948725,6.240087551870881,0.7490519899616345,2.9999246508086626,"[{""name"":""sterimol_b1"",""value"":4.6543474197387695}]",B1_boltz,20260947,0.34352042,3,1.552282413069638,1.552282413069638,1,0
S044,three_singleton_scaffolds,SIG-NIHDA-2067,2,1.5516242219014202,1.499689,0.05193522190142019,extrapolation,outside:B1_boltz,caution:outside_range,0.16783994680752357,SIG-NIHDA-1058,0.39536727027240726,0.42451654304080905,1.5763264617892898,0.059832884602258,0.4799721591624488,0.6399628788832651,-0.2755781021206587,3.3788265459234994,-2.8364557107500223,5.587016360219006,0.688558238314214,2.383586000139303,"[{""name"":""sterimol_b1"",""value"":4.129640579223633}]",B1_boltz,20260947,0.465439555,2,1.0861846669014201,1.0861846669014201,1,0
S044,three_singleton_scaffolds,SIG-NIHDA-724,3,1.1484818114774953,0.8346009,0.3138809114774953,interpolation,inside_training_range,reliable,0.024131247818225177,SIG-NIHDA-723,0.39536727027240726,0.061035016382612536,0.7562427926000247,0.0,0.20670045162278344,0.27560060216371124,-0.5014257152775838,2.7983893382325746,-2.8789617902596363,4.822062682570852,0.5595886152886053,1.6897495538046652,"[{""name"":""sterimol_b1"",""value"":3.515042304992676}]",B1_boltz,20260947,2.143755427,1,-0.9952736155225046,0.9952736155225046,1,1
S048,three_singleton_scaffolds,SIG-NIHDA-2062,1,1.2737144230518425,0.71321344,0.5605009830518425,extrapolation,outside:B1_x_nbo_charge,do_not_trust:extrapolation,0.7494585930451569,SIG-NIHDA-2067,1.462156957444779,0.5125705480722726,3.1669094719587934,0.21067322952876083,1.5577593719403318,1.384674997280295,-0.6584707768541391,3.205899622957824,-19.107258143784406,16.857488473771696,-5.116798916073308,2.5976222725030764,"[{""name"":""sterimol_b1"",""value"":4.6543474197387695},{""name"":""sterimol_b5"",""value"":9.14515495300293},{""name"":""nbo_charge"",""value"":1.4906049966812134}]",B5_x_nbo_charge|B1_x_nbo_charge,20260951,0.34352042,2,0.9301940030518425,0.9301940030518425,1,0
S048,three_singleton_scaffolds,SIG-NIHDA-2063,2,-1.1466903109678697,0.063070774,-1.2097610849678697,interpolation,inside_training_range,caution:high_leverage,0.8652261415702901,SIG-NIHDA-498,1.462156957444779,0.5917464176228611,2.9587639077870627,0.0,1.3756119802890527,1.2227662047013803,-3.0088060130158896,0.71542539108015,-12.281001834067187,12.259158127837503,-2.2627335771633676,3.1997062561842973,"[{""name"":""sterimol_b1"",""value"":2.0376970767974854},{""name"":""sterimol_b5"",""value"":9.087408065795898},{""name"":""nbo_charge"",""value"":1.4673559665679932}]",B5_x_nbo_charge|B1_x_nbo_charge,20260951,0.255397799,3,-1.4020881099678697,1.4020881099678697,1,0
S048,three_singleton_scaffolds,SIG-NIHDA-785,3,-1.1498565076486784,-0.7500081,-0.39984840764867846,interpolation,inside_training_range,caution:high_leverage,0.8563195311131704,SIG-NIHDA-498,1.462156957444779,0.5856549987695222,2.9783830097544493,0.0,1.3922521932562815,1.2375575051166947,-3.0184825173938097,0.7187695020964529,-12.164545410623713,12.194266778839344,-2.270274256601815,3.2281347536885927,"[{""name"":""sterimol_b1"",""value"":2.0187768936157227},{""name"":""sterimol_b5"",""value"":9.09225845336914},{""name"":""nbo_charge"",""value"":1.4592299461364746}]",B5_x_nbo_charge|B1_x_nbo_charge,20260951,1.163593648,1,-2.3134501556486784,2.3134501556486784,0,1
S049,three_singleton_scaffolds,SIG-NIHDA-2062,1,1.296309876203992,0.73632336,0.559986516203992,extrapolation,outside:B1_x_nbo_charge,do_not_trust:extrapolation,0.7458864561113214,SIG-NIHDA-2067,1.4380484353740735,0.5186796478918995,3.1355790037879903,0.21067322952876083,1.5295508127137265,1.3596007224122013,-0.6407041198794363,3.2333238722874205,-19.387945766140156,20.807380379294763,-4.782824890798144,2.486450685336558,"[{""name"":""sterimol_b1"",""value"":4.6543474197387695},{""name"":""sterimol_b5"",""value"":9.14515495300293},{""name"":""nbo_charge"",""value"":1.4906049966812134}]",B5_x_nbo_charge|B1_x_nbo_charge,20260952,0.34352042,2,0.952789456203992,0.952789456203992,1,0
S049,three_singleton_scaffolds,SIG-NIHDA-2064,2,-0.15899061823003535,-0.09125042,-0.06774019823003535,interpolation,inside_training_range,reliable,0.21742088475219273,SIG-NIHDA-2063,1.4380484353740735,0.1511916284625253,1.5037909551619868,0.0,0.4480553195467144,0.39827139515263504,-1.624550714125385,1.3065694776653143,-13.518486919040832,16.861130563430883,-1.137179536162916,3.0283163124340913,"[{""name"":""sterimol_b1"",""value"":2.7117297649383545},{""name"":""sterimol_b5"",""value"":8.449454307556152},{""name"":""nbo_charge"",""value"":1.477565050125122}]",B5_x_nbo_charge|B1_x_nbo_charge,20260952,0.028072105,3,-0.18706272323003537,0.18706272323003537,1,0
S049,three_singleton_scaffolds,SIG-NIHDA-785,3,-1.135647889676477,-0.73592377,-0.39972411967647703,interpolation,inside_training_range,caution:high_leverage,0.8680234848782756,SIG-NIHDA-498,1.4380484353740735,0.6036121340047078,3.127777245049789,0.0,1.5225700706644638,1.3533956183684124,-3.069987273171712,0.7986914938187579,-12.119139943797746,16.053571817147244,-2.148641790522648,5.25020872567398,"[{""name"":""sterimol_b1"",""value"":2.0187768936157227},{""name"":""sterimol_b5"",""value"":9.09225845336914},{""name"":""nbo_charge"",""value"":1.4592299461364746}]",B5_x_nbo_charge|B1_x_nbo_charge,20260952,1.163593648,1,-2.299241537676477,2.299241537676477,0,1
S050,three_singleton_scaffolds,SIG-NIHDA-2062,1,1.4937411453506115,0.91855335,0.5751877953506115,extrapolation,outside:B5_x_nbo_charge|B1_x_nbo_charge,do_not_trust:extrapolation,3.078064688473597,SIG-NIHDA-2063,1.2762273588448552,2.411846656586041,5.144580053006927,0.9662589856684194,3.905957703113822,3.4719624027678417,-1.1983165243133365,4.185798815014559,-18.441118041309522,17.636480811499545,-6.941164903605242,2.832988631933843,"[{""name"":""sterimol_b1"",""value"":4.6543474197387695},{""name"":""sterimol_b5"",""value"":9.14515495300293},{""name"":""nbo_charge"",""value"":1.4906049966812134}]",B5_x_nbo_charge|B1_x_nbo_charge,20260953,0.34352042,3,1.1502207253506116,1.1502207253506116,1,0
S050,three_singleton_scaffolds,SIG-NIHDA-2067,2,0.9197793249977622,0.6692028,0.2505765249977622,extrapolation,outside:B5_x_nbo_charge|B1_x_nbo_charge,do_not_trust:extrapolation,2.1478674370086552,SIG-NIHDA-2063,1.2762273588448552,1.6829818152094334,3.745825181490277,0.6667009204772948,2.129458041469524,1.8928515924173546,-1.2303125890116395,3.069871239007164,-17.17599897228786,16.604668348606026,-5.431290978528393,1.792274081931754,"[{""name"":""sterimol_b1"",""value"":4.129640579223633},{""name"":""sterimol_b5"",""value"":9.222819328308105},{""name"":""nbo_charge"",""value"":1.4803980588912964}]",B5_x_nbo_charge|B1_x_nbo_charge,20260953,0.465439555,2,0.45433976999776216,0.45433976999776216,1,0
S050,three_singleton_scaffolds,SIG-NIHDA-785,3,-1.110459623232046,-0.6974592,-0.4130004232320461,extrapolation,outside:B5_x_nbo_charge,do_not_trust:extrapolation,0.9874816332013479,SIG-NIHDA-498,1.2762273588448552,0.7737505596927038,2.845312564066098,0.08133230589067127,1.2815433696046277,1.1391496618707802,-2.946308058549074,0.7253888120849818,-12.017471173284255,12.583009253904837,-2.122650359228023,2.213593909714343,"[{""name"":""sterimol_b1"",""value"":2.0187768936157227},{""name"":""sterimol_b5"",""value"":9.09225845336914},{""name"":""nbo_charge"",""value"":1.4592299461364746}]",B5_x_nbo_charge|B1_x_nbo_charge,20260953,1.163593648,1,-2.274053271232046,2.274053271232046,0,1
S051,three_singleton_scaffolds,SIG-NIHDA-2064,1,-0.31412495141248087,-0.25396776,-0.06015719141248088,interpolation,inside_training_range,reliable,0.6857667637222112,SIG-NIHDA-498,1.3288341709089813,0.5160664729543465,1.8334440672260561,0.0,0.6052167353780604,0.5379704314471648,-1.8551264223766881,1.2268765195517264,-13.769417016753245,17.24105226464866,-1.1588734694711036,3.200819682877112,"[{""name"":""sterimol_b1"",""value"":2.7117297649383545},{""name"":""sterimol_b5"",""value"":8.449454307556152},{""name"":""nbo_charge"",""value"":1.477565050125122}]",B5_x_nbo_charge|B1_x_nbo_charge,20260954,0.028072105,3,-0.3421970564124809,0.3421970564124809,1,0
S051,three_singleton_scaffolds,SIG-NIHDA-2063,2,-1.2793068194127102,-0.07992411,-1.19938270941271,interpolation,inside_training_range,caution:high_leverage,0.7796906677778772,SIG-NIHDA-498,1.3288341709089813,0.5867479064333019,3.564233511796746,0.0,1.9398229323735665,1.7242870509987258,-3.364742503415404,0.8061288645899838,-12.5017737487262,16.66955200846759,-2.520767556161183,5.530765441137895,"[{""name"":""sterimol_b1"",""value"":2.0376970767974854},{""name"":""sterimol_b5"",""value"":9.087408065795898},{""name"":""nbo_charge"",""value"":1.4673559665679932}]",B5_x_nbo_charge|B1_x_nbo_charge,20260954,0.255397799,2,-1.5347046184127102,1.5347046184127102,1,0
S051,three_singleton_scaffolds,SIG-NIHDA-785,3,-1.2804515726794108,-0.8790126,-0.40143897267941075,interpolation,inside_training_range,caution:high_leverage,0.7687254464662571,SIG-NIHDA-498,1.3288341709089813,0.5784961459415323,3.5797914320411466,0.0,1.9557009567021717,1.7384008504019304,-3.3715114063708853,0.8106082610120637,-12.381030363040594,16.586776259305694,-2.5250510891291778,5.573932520409222,"[{""name"":""sterimol_b1"",""value"":2.0187768936157227},{""name"":""sterimol_b5"",""value"":9.09225845336914},{""name"":""nbo_charge"",""value"":1.4592299461364746}]",B5_x_nbo_charge|B1_x_nbo_charge,20260954,1.163593648,1,-2.4440452206794108,2.4440452206794108,0,1
S052,three_singleton_scaffolds,SIG-NIHDA-2067,1,0.4927389712228205,0.26034546,0.23239351122282054,interpolation,inside_training_range,reliable,0.39008719560924954,SIG-NIHDA-2062,1.7189746600856626,0.22693016055850998,1.863102199780742,0.0,0.6208785438325486,0.5518920389622655,-1.0728233926564703,2.0583013351021116,-15.901521464516929,13.03367108860601,-3.5546164059743597,1.4719815248899664,"[{""name"":""sterimol_b1"",""value"":4.129640579223633},{""name"":""sterimol_b5"",""value"":9.222819328308105},{""name"":""nbo_charge"",""value"":1.4803980588912964}]",B5_x_nbo_charge|B1_x_nbo_charge,20260955,0.465439555,2,0.027299416222820505,0.027299416222820505,1,0
S052,three_singleton_scaffolds,SIG-NIHDA-785,2,-1.120609622949459,-0.7533951,-0.3672145229494591,interpolation,inside_training_range,caution:high_leverage,0.8298317040582122,SIG-NIHDA-498,1.7189746600856626,0.48274807263119207,2.9535746374175402,0.0,1.371229019828022,1.2188702398471305,-3.0141818985636633,0.7729626526647448,-11.192701234707657,9.653545784588498,-2.406807866844545,1.802681938433409,"[{""name"":""sterimol_b1"",""value"":2.0187768936157227},{""name"":""sterimol_b5"",""value"":9.09225845336914},{""name"":""nbo_charge"",""value"":1.4592299461364746}]",B5_x_nbo_charge|B1_x_nbo_charge,20260955,1.163593648,1,-2.284203270949459,2.284203270949459,0,1
S052,three_singleton_scaffolds,SIG-NIHDA-2063,3,-1.1207250061801517,-0.032275677,-1.0884493291801518,interpolation,inside_training_range,caution:high_leverage,0.8402339391375843,SIG-NIHDA-498,1.7189746600856626,0.4887994911430006,2.938695631516883,0.0,1.3587045735280585,1.2077373986916076,-3.0092898904795233,0.7678398781192199,-11.296530762799128,9.704704551154803,-2.4049977212694476,1.7464662258881434,"[{""name"":""sterimol_b1"",""value"":2.0376970767974854},{""name"":""sterimol_b5"",""value"":9.087408065795898},{""name"":""nbo_charge"",""value"":1.4673559665679932}]",B5_x_nbo_charge|B1_x_nbo_charge,20260955,0.255397799,3,-1.3761228051801517,1.3761228051801517,1,0
S053,three_singleton_scaffolds,SIG-NIHDA-2067,1,0.5143169520504784,0.28225088,0.23206607205047847,interpolation,inside_training_range,reliable,0.391190075661816,SIG-NIHDA-2062,1.7016054945243504,0.22989469469899976,1.8439497713244735,0.0,0.6107358227382254,0.5428762868784225,-1.0685112289673786,2.0971451330683353,-17.896772896791155,15.567254421216093,-3.7158322778380555,1.4502728459602052,"[{""name"":""sterimol_b1"",""value"":4.129640579223633},{""name"":""sterimol_b5"",""value"":9.222819328308105},{""name"":""nbo_charge"",""value"":1.4803980588912964}]",B5_x_nbo_charge|B1_x_nbo_charge,20260956,0.465439555,2,0.048877397050478444,0.048877397050478444,1,0
S053,three_singleton_scaffolds,SIG-NIHDA-2064,2,-0.2288703865966113,-0.17729998,-0.0515704065966113,interpolation,inside_training_range,reliable,0.19484667279897824,SIG-NIHDA-2063,1.7016054945243504,0.114507547975122,1.5740062444729999,0.0,0.47892795109142816,0.4257137343034917,-1.7455544509008138,1.2878136777075913,-13.458247809810679,13.080553452695838,-1.0918786274503243,0.9013674376471021,"[{""name"":""sterimol_b1"",""value"":2.7117297649383545},{""name"":""sterimol_b5"",""value"":8.449454307556152},{""name"":""nbo_charge"",""value"":1.477565050125122}]",B5_x_nbo_charge|B1_x_nbo_charge,20260956,0.028072105,3,-0.2569424915966113,0.2569424915966113,1,0
S053,three_singleton_scaffolds,SIG-NIHDA-785,3,-1.1065584344238033,-0.7392864,-0.3672720344238033,interpolation,inside_training_range,caution:high_leverage,0.8408375405430053,SIG-NIHDA-498,1.7016054945243504,0.49414364448678777,3.111494407162955,0.0,1.5080567779723353,1.340494913753187,-3.081663928922374,0.8685470600747673,-12.043708033340543,12.171507884267836,-2.4004099653635347,3.1817222490579673,"[{""name"":""sterimol_b1"",""value"":2.0187768936157227},{""name"":""sterimol_b5"",""value"":9.09225845336914},{""name"":""nbo_charge"",""value"":1.4592299461364746}]",B5_x_nbo_charge|B1_x_nbo_charge,20260956,1.163593648,1,-2.2701520824238033,2.2701520824238033,0,1
