filename,descriptor,stericx,morfeus,absolute_difference,relative_difference
inputs/SIG-NIHDA-1057_be992081/conf_000.xyz,buried_volume,85.16978454589844,85.16979068540967,6.1395112282980335e-06,7.208555027422166e-08
inputs/SIG-NIHDA-1058_219b0b66/conf_000.xyz,buried_volume,92.40034484863281,92.40034496968262,1.2104980839922064e-07,1.310057970443056e-09
inputs/SIG-NIHDA-1058_219b0b66/conf_001.xyz,buried_volume,91.49506378173828,91.49506869443512,4.91269683777773e-06,5.3693569586625475e-08
inputs/SIG-NIHDA-2062_d86f6436/conf_000.xyz,buried_volume,65.22262573242188,65.22263018274585,4.450323970672798e-06,6.823281977748419e-08
inputs/SIG-NIHDA-2062_d86f6436/conf_001.xyz,buried_volume,53.50843048095703,53.508432887161256,2.4062042243144788e-06,4.4968691746003656e-08
inputs/SIG-NIHDA-2062_d86f6436/conf_002.xyz,buried_volume,67.33235168457031,67.33235128772179,3.968485202676675e-07,5.893875866177181e-09
inputs/SIG-NIHDA-2062_d86f6436/conf_003.xyz,buried_volume,70.2035903930664,70.20359234955829,1.956491885835021e-06,2.786882865043773e-08
inputs/SIG-NIHDA-2063_9978c6ba/conf_000.xyz,buried_volume,47.60276794433594,47.602767915589574,2.8746363511800155e-08,6.038800845105043e-10
inputs/SIG-NIHDA-2063_9978c6ba/conf_001.xyz,buried_volume,46.84901428222656,46.84901857053372,4.288307160038585e-06,9.153462102055153e-08
inputs/SIG-NIHDA-2063_9978c6ba/conf_002.xyz,buried_volume,46.84901428222656,46.84901857053372,4.288307160038585e-06,9.153462102055153e-08
inputs/SIG-NIHDA-2063_9978c6ba/conf_003.xyz,buried_volume,46.84124755859375,46.84124795872902,4.001352706950456e-07,8.542369986546849e-09
inputs/SIG-NIHDA-2063_9978c6ba/conf_004.xyz,buried_volume,47.36964797973633,47.36964956144859,1.581712261611301e-06,3.33908373031023e-08
inputs/SIG-NIHDA-2064_f0ba08d0/conf_000.xyz,buried_volume,48.908226013183594,48.90823069877911,4.685595513365115e-06,9.580382374130907e-08
inputs/SIG-NIHDA-2064_f0ba08d0/conf_001.xyz,buried_volume,54.56523513793945,54.5652360926004,9.54660947627417e-07,1.7495772326675203e-08
inputs/SIG-NIHDA-2064_f0ba08d0/conf_002.xyz,buried_volume,54.56523513793945,54.5652360926004,9.54660947627417e-07,1.7495772326675203e-08
inputs/SIG-NIHDA-2064_f0ba08d0/conf_003.xyz,buried_volume,54.56135177612305,54.56135078669805,9.894249970443525e-07,1.8134173417230944e-08
inputs/SIG-NIHDA-2064_f0ba08d0/conf_004.xyz,buried_volume,50.45458221435547,50.454582447914326,2.3355885758746808e-07,4.629091080648173e-09
inputs/SIG-NIHDA-2064_f0ba08d0/conf_005.xyz,buried_volume,50.45458221435547,50.454582447914326,2.3355885758746808e-07,4.629091080648173e-09
inputs/SIG-NIHDA-2064_f0ba08d0/conf_006.xyz,buried_volume,50.540061950683594,50.54005917776602,2.7729175755553115e-06,5.4865736618986695e-08
inputs/SIG-NIHDA-2064_f0ba08d0/conf_007.xyz,buried_volume,50.540061950683594,50.54005917776602,2.7729175755553115e-06,5.4865736618986695e-08
inputs/SIG-NIHDA-2064_f0ba08d0/conf_008.xyz,buried_volume,50.540061950683594,50.54005917776602,2.7729175755553115e-06,5.4865736618986695e-08
inputs/SIG-NIHDA-2064_f0ba08d0/conf_009.xyz,buried_volume,50.540061950683594,50.54005917776602,2.7729175755553115e-06,5.4865736618986695e-08
inputs/SIG-NIHDA-2064_f0ba08d0/conf_010.xyz,buried_volume,49.230712890625,49.230711088674134,1.8019508658539962e-06,3.660217019023614e-08
inputs/SIG-NIHDA-2064_f0ba08d0/conf_011.xyz,buried_volume,49.234596252441406,49.23459639457649,1.4213508592320068e-07,2.8868945077583246e-09
inputs/SIG-NIHDA-2067_1f828bfa/conf_000.xyz,buried_volume,76.62211608886719,76.62211770024014,1.6113729515154773e-06,2.10301281128703e-08
inputs/SIG-NIHDA-2067_1f828bfa/conf_001.xyz,buried_volume,76.62211608886719,76.62211770024014,1.6113729515154773e-06,2.10301281128703e-08
inputs/SIG-NIHDA-2067_1f828bfa/conf_002.xyz,buried_volume,75.13793182373047,75.1379308455425,9.781879697356999e-07,1.3018564109071818e-08
inputs/SIG-NIHDA-2067_1f828bfa/conf_003.xyz,buried_volume,75.13015747070312,75.13016023373781,2.7630346863816158e-06,3.677663774156111e-08
inputs/SIG-NIHDA-2067_1f828bfa/conf_004.xyz,buried_volume,71.16714477539062,71.16714821334102,3.4379503972559178e-06,4.830810962032392e-08
inputs/SIG-NIHDA-2067_1f828bfa/conf_005.xyz,buried_volume,61.6598014831543,61.6598046702911,3.1871368051383797e-06,5.1689051273852065e-08
inputs/SIG-NIHDA-2067_1f828bfa/conf_006.xyz,buried_volume,63.15952682495117,63.15953274859812,5.923646945404926e-06,9.378864420963288e-08
inputs/SIG-NIHDA-2067_1f828bfa/conf_007.xyz,buried_volume,61.05369567871094,61.05369694952454,1.270813605458443e-06,2.081468721720609e-08
inputs/SIG-NIHDA-2067_1f828bfa/conf_008.xyz,buried_volume,76.2491226196289,76.24912833361456,5.713985657962439e-06,7.493837349801438e-08
inputs/SIG-NIHDA-2067_1f828bfa/conf_009.xyz,buried_volume,55.89789581298828,55.897896017106376,2.041180948708643e-07,3.651623932471416e-09
inputs/SIG-NIHDA-2067_1f828bfa/conf_010.xyz,buried_volume,76.64154052734375,76.64154422975189,3.7024081365188977e-06,4.830810983426976e-08
inputs/SIG-NIHDA-401_9d42bff1/conf_000.xyz,buried_volume,43.56204605102539,43.5620497771458,3.726120411329248e-06,8.553592933278597e-08
inputs/SIG-NIHDA-401_9d42bff1/conf_001.xyz,buried_volume,43.558162689208984,43.55816447124345,1.7820344666574783e-06,4.0911606085558424e-08
inputs/SIG-NIHDA-401_9d42bff1/conf_002.xyz,buried_volume,43.558162689208984,43.55816447124345,1.7820344666574783e-06,4.0911606085558424e-08
inputs/SIG-NIHDA-401_9d42bff1/conf_003.xyz,buried_volume,45.62514877319336,45.625147211293545,1.5618998148170249e-06,3.423331014328014e-08
inputs/SIG-NIHDA-401_9d42bff1/conf_004.xyz,buried_volume,45.62514877319336,45.625147211293545,1.5618998148170249e-06,3.423331014328014e-08
inputs/SIG-NIHDA-401_9d42bff1/conf_005.xyz,buried_volume,45.62514877319336,45.625147211293545,1.5618998148170249e-06,3.423331014328014e-08
inputs/SIG-NIHDA-498_7d70a0ce/conf_000.xyz,buried_volume,53.07716369628906,53.077163932000424,2.3571136154032502e-07,4.440918543468253e-09
inputs/SIG-NIHDA-498_7d70a0ce/conf_001.xyz,buried_volume,53.07716369628906,53.077163932000424,2.3571136154032502e-07,4.440918543468253e-09
inputs/SIG-NIHDA-498_7d70a0ce/conf_002.xyz,buried_volume,53.07716369628906,53.077163932000424,2.3571136154032502e-07,4.440918543468253e-09
inputs/SIG-NIHDA-498_7d70a0ce/conf_003.xyz,buried_volume,53.07716369628906,53.077163932000424,2.3571136154032502e-07,4.440918543468253e-09
inputs/SIG-NIHDA-498_7d70a0ce/conf_004.xyz,buried_volume,53.07716369628906,53.077163932000424,2.3571136154032502e-07,4.440918543468253e-09
inputs/SIG-NIHDA-498_7d70a0ce/conf_005.xyz,buried_volume,53.07716369628906,53.077163932000424,2.3571136154032502e-07,4.440918543468253e-09
inputs/SIG-NIHDA-498_7d70a0ce/conf_006.xyz,buried_volume,53.07716369628906,53.077163932000424,2.3571136154032502e-07,4.440918543468253e-09
inputs/SIG-NIHDA-498_7d70a0ce/conf_007.xyz,buried_volume,53.07716369628906,53.077163932000424,2.3571136154032502e-07,4.440918543468253e-09
inputs/SIG-NIHDA-498_7d70a0ce/conf_008.xyz,buried_volume,53.07716369628906,53.077163932000424,2.3571136154032502e-07,4.440918543468253e-09
inputs/SIG-NIHDA-723_1db84e66/conf_000.xyz,buried_volume,80.52296447753906,80.52296482619931,3.486602508928627e-07,4.329948004838254e-09
inputs/SIG-NIHDA-723_1db84e66/conf_001.xyz,buried_volume,80.53073120117188,80.53073543800402,4.236832140236402e-06,5.2611367786378845e-08
inputs/SIG-NIHDA-724_0d5c5a07/conf_000.xyz,buried_volume,75.77123260498047,75.77123570762552,3.102645052877051e-06,4.094753139369489e-08
inputs/SIG-NIHDA-724_0d5c5a07/conf_001.xyz,buried_volume,75.7751235961914,75.77512101352788,2.582663526595752e-06,3.408326495624702e-08
inputs/SIG-NIHDA-785_fe24eb0f/conf_000.xyz,buried_volume,47.53671646118164,47.53671771524963,1.2540679890093998e-06,2.6381038685115163e-08
inputs/SIG-NIHDA-785_fe24eb0f/conf_001.xyz,buried_volume,47.53671646118164,47.53671771524963,1.2540679890093998e-06,2.6381038685115163e-08
inputs/SIG-NIHDA-1057_be992081/conf_000.xyz,near_vbur,65.43631744384766,65.4363220073751,4.563527440382131e-06,6.973997468665479e-08
inputs/SIG-NIHDA-1058_219b0b66/conf_000.xyz,near_vbur,71.1010971069336,71.10109801300108,9.060674841521177e-07,1.2743368379296199e-08
inputs/SIG-NIHDA-1058_219b0b66/conf_001.xyz,near_vbur,72.48814392089844,72.48815222013995,8.299241514464484e-06,1.1449100660285062e-07
inputs/SIG-NIHDA-2062_d86f6436/conf_000.xyz,near_vbur,61.15470886230469,61.15471490298563,6.040680943897314e-06,9.877702730656345e-08
inputs/SIG-NIHDA-2062_d86f6436/conf_001.xyz,near_vbur,53.33747863769531,53.33747942745786,7.897625451391832e-07,1.4806896644100087e-08
inputs/SIG-NIHDA-2062_d86f6436/conf_002.xyz,near_vbur,61.395599365234375,61.39560386893132,4.503696942492752e-06,7.335536518392006e-08
inputs/SIG-NIHDA-2062_d86f6436/conf_003.xyz,near_vbur,61.22076416015625,61.22076510332558,9.431693328565416e-07,1.5406036354898603e-08
inputs/SIG-NIHDA-2063_9978c6ba/conf_000.xyz,near_vbur,47.60276794433594,47.602767915589574,2.8746363511800155e-08,6.038800845105043e-10
inputs/SIG-NIHDA-2063_9978c6ba/conf_001.xyz,near_vbur,46.84901809692383,46.84901857053372,4.736098944135847e-07,1.0109281023689738e-08
inputs/SIG-NIHDA-2063_9978c6ba/conf_002.xyz,near_vbur,46.84901809692383,46.84901857053372,4.736098944135847e-07,1.0109281023689738e-08
inputs/SIG-NIHDA-2063_9978c6ba/conf_003.xyz,near_vbur,46.84124755859375,46.84124795872902,4.001352706950456e-07,8.542369986546849e-09
inputs/SIG-NIHDA-2063_9978c6ba/conf_004.xyz,near_vbur,47.36964797973633,47.3696495614486,1.5817122687167284e-06,3.3390837453101874e-08
inputs/SIG-NIHDA-2064_f0ba08d0/conf_000.xyz,near_vbur,48.908226013183594,48.90823069877911,4.685595513365115e-06,9.580382374130907e-08
inputs/SIG-NIHDA-2064_f0ba08d0/conf_001.xyz,near_vbur,52.91009521484375,52.910095778199384,5.633556341422263e-07,1.0647412858669337e-08
inputs/SIG-NIHDA-2064_f0ba08d0/conf_002.xyz,near_vbur,52.91009521484375,52.910095778199384,5.633556341422263e-07,1.0647412858669337e-08
inputs/SIG-NIHDA-2064_f0ba08d0/conf_003.xyz,near_vbur,52.91009521484375,52.910095778199384,5.633556341422263e-07,1.0647412858669337e-08
inputs/SIG-NIHDA-2064_f0ba08d0/conf_004.xyz,near_vbur,50.45458221435547,50.454582447914326,2.3355885758746808e-07,4.629091080648173e-09
inputs/SIG-NIHDA-2064_f0ba08d0/conf_005.xyz,near_vbur,50.45458221435547,50.454582447914326,2.3355885758746808e-07,4.629091080648173e-09
inputs/SIG-NIHDA-2064_f0ba08d0/conf_006.xyz,near_vbur,50.54005432128906,50.54005917776601,4.856476948589261e-06,9.60916355777787e-08
inputs/SIG-NIHDA-2064_f0ba08d0/conf_007.xyz,near_vbur,50.54005432128906,50.54005917776601,4.856476948589261e-06,9.60916355777787e-08
inputs/SIG-NIHDA-2064_f0ba08d0/conf_008.xyz,near_vbur,50.54005432128906,50.54005917776601,4.856476948589261e-06,9.60916355777787e-08
inputs/SIG-NIHDA-2064_f0ba08d0/conf_009.xyz,near_vbur,50.540061950683594,50.54005917776601,2.772917582660739e-06,5.486573675957671e-08
inputs/SIG-NIHDA-2064_f0ba08d0/conf_010.xyz,near_vbur,49.230712890625,49.230711088674134,1.8019508658539962e-06,3.660217019023614e-08
inputs/SIG-NIHDA-2064_f0ba08d0/conf_011.xyz,near_vbur,49.234596252441406,49.23459639457649,1.4213508592320068e-07,2.8868945077583246e-09
inputs/SIG-NIHDA-2067_1f828bfa/conf_000.xyz,near_vbur,60.10179138183594,60.101797003448844,5.621612906736573e-06,9.353485564523113e-08
inputs/SIG-NIHDA-2067_1f828bfa/conf_001.xyz,near_vbur,60.10179138183594,60.101797003448844,5.621612906736573e-06,9.353485564523113e-08
inputs/SIG-NIHDA-2067_1f828bfa/conf_002.xyz,near_vbur,60.29217529296875,60.292176992663975,1.699695225454434e-06,2.819097452164057e-08
inputs/SIG-NIHDA-2067_1f828bfa/conf_003.xyz,near_vbur,60.288291931152344,60.288291686761625,2.4439071921733557e-07,4.053701181103461e-09
inputs/SIG-NIHDA-2067_1f828bfa/conf_004.xyz,near_vbur,58.6253776550293,58.62538076055591,3.105526616309362e-06,5.297239141172128e-08
inputs/SIG-NIHDA-2067_1f828bfa/conf_005.xyz,near_vbur,57.755069732666016,57.75507223842957,2.5057635539837975e-06,4.338603445320411e-08
inputs/SIG-NIHDA-2067_1f828bfa/conf_006.xyz,near_vbur,58.88957977294922,58.88958156191571,1.7889664931658444e-06,3.0378318977949424e-08
inputs/SIG-NIHDA-2067_1f828bfa/conf_007.xyz,near_vbur,57.929908752441406,57.92991100403531,2.2515939051004352e-06,3.886755332566612e-08
inputs/SIG-NIHDA-2067_1f828bfa/conf_008.xyz,near_vbur,66.15510559082031,66.15510359930981,1.9915105013978973e-06,3.010365630231852e-08
inputs/SIG-NIHDA-2067_1f828bfa/conf_009.xyz,near_vbur,55.84349822998047,55.84350173447348,3.5044930086769455e-06,6.27556098709609e-08
inputs/SIG-NIHDA-2067_1f828bfa/conf_010.xyz,near_vbur,59.61613464355469,59.61613376565512,8.778995663760725e-07,1.4725872191360232e-08
inputs/SIG-NIHDA-401_9d42bff1/conf_000.xyz,near_vbur,43.562049865722656,43.5620497771458,8.857685429575213e-08,2.033349090524723e-09
inputs/SIG-NIHDA-401_9d42bff1/conf_001.xyz,near_vbur,43.558162689208984,43.55816447124346,1.7820344737629057e-06,4.0911606248683456e-08
inputs/SIG-NIHDA-401_9d42bff1/conf_002.xyz,near_vbur,43.558162689208984,43.55816447124346,1.7820344737629057e-06,4.0911606248683456e-08
inputs/SIG-NIHDA-401_9d42bff1/conf_003.xyz,near_vbur,45.625144958496094,45.62514721129353,2.2527974365971204e-06,4.937622285719417e-08
inputs/SIG-NIHDA-401_9d42bff1/conf_004.xyz,near_vbur,45.625144958496094,45.62514721129353,2.2527974365971204e-06,4.937622285719417e-08
inputs/SIG-NIHDA-401_9d42bff1/conf_005.xyz,near_vbur,45.625144958496094,45.62514721129353,2.2527974365971204e-06,4.937622285719417e-08
inputs/SIG-NIHDA-498_7d70a0ce/conf_000.xyz,near_vbur,52.393348693847656,52.39335009318686,1.3993392045108521e-06,2.6708336115594558e-08
inputs/SIG-NIHDA-498_7d70a0ce/conf_001.xyz,near_vbur,52.393348693847656,52.39335009318686,1.3993392045108521e-06,2.6708336115594558e-08
inputs/SIG-NIHDA-498_7d70a0ce/conf_002.xyz,near_vbur,52.393348693847656,52.39335009318686,1.3993392045108521e-06,2.6708336115594558e-08
inputs/SIG-NIHDA-498_7d70a0ce/conf_003.xyz,near_vbur,52.393348693847656,52.39335009318686,1.3993392045108521e-06,2.6708336115594558e-08
inputs/SIG-NIHDA-498_7d70a0ce/conf_004.xyz,near_vbur,52.393348693847656,52.39335009318686,1.3993392045108521e-06,2.6708336115594558e-08
inputs/SIG-NIHDA-498_7d70a0ce/conf_005.xyz,near_vbur,52.393348693847656,52.39335009318686,1.3993392045108521e-06,2.6708336115594558e-08
inputs/SIG-NIHDA-498_7d70a0ce/conf_006.xyz,near_vbur,52.393348693847656,52.39335009318686,1.3993392045108521e-06,2.6708336115594558e-08
inputs/SIG-NIHDA-498_7d70a0ce/conf_007.xyz,near_vbur,52.393348693847656,52.39335009318686,1.3993392045108521e-06,2.6708336115594558e-08
inputs/SIG-NIHDA-498_7d70a0ce/conf_008.xyz,near_vbur,52.393348693847656,52.39335009318686,1.3993392045108521e-06,2.6708336115594558e-08
inputs/SIG-NIHDA-723_1db84e66/conf_000.xyz,near_vbur,61.25961685180664,61.25961816234908,1.3105424372383823e-06,2.1393251811743383e-08
inputs/SIG-NIHDA-723_1db84e66/conf_001.xyz,near_vbur,61.26350402832031,61.26350346825143,5.600688837148482e-07,9.141966293277572e-09
inputs/SIG-NIHDA-724_0d5c5a07/conf_000.xyz,near_vbur,60.439815521240234,60.43981861695327,3.0957130334741123e-06,5.121976048759634e-08
inputs/SIG-NIHDA-724_0d5c5a07/conf_001.xyz,near_vbur,60.4398193359375,60.43981861695327,7.189842321508877e-07,1.1895870116810937e-08
inputs/SIG-NIHDA-785_fe24eb0f/conf_000.xyz,near_vbur,47.53671646118164,47.53671771524964,1.2540679961148271e-06,2.638103883458756e-08
inputs/SIG-NIHDA-785_fe24eb0f/conf_001.xyz,near_vbur,47.53671646118164,47.53671771524964,1.2540679961148271e-06,2.638103883458756e-08
inputs/SIG-NIHDA-1057_be992081/conf_000.xyz,far_vbur,19.73346710205078,19.733468678034566,1.5759837843631885e-06,7.986349536802037e-08
inputs/SIG-NIHDA-1058_219b0b66/conf_000.xyz,far_vbur,21.299245834350586,21.299246956681525,1.1223309392960346e-06,5.269345632634969e-08
inputs/SIG-NIHDA-1058_219b0b66/conf_001.xyz,far_vbur,19.006916046142578,19.006916474295153,4.2815257472739177e-07,2.252614595883677e-08
inputs/SIG-NIHDA-2062_d86f6436/conf_000.xyz,far_vbur,4.067914962768555,4.067915279760226,3.169916711343035e-07,7.792484585691467e-08
inputs/SIG-NIHDA-2062_d86f6436/conf_001.xyz,far_vbur,0.17095345258712769,0.1709534597033906,7.1162629122767385e-09,4.16269019920607e-08
inputs/SIG-NIHDA-2062_d86f6436/conf_002.xyz,far_vbur,5.936747074127197,5.936747418790472,3.4466327480942027e-07,5.805591016362298e-08
inputs/SIG-NIHDA-2062_d86f6436/conf_003.xyz,far_vbur,8.982827186584473,8.982827246232706,5.964823301951583e-08,6.640251602804853e-09
inputs/SIG-NIHDA-2063_9978c6ba/conf_000.xyz,far_vbur,0.0,0.0,0.0,
inputs/SIG-NIHDA-2063_9978c6ba/conf_001.xyz,far_vbur,0.0,0.0,0.0,
inputs/SIG-NIHDA-2063_9978c6ba/conf_002.xyz,far_vbur,0.0,0.0,0.0,
inputs/SIG-NIHDA-2063_9978c6ba/conf_003.xyz,far_vbur,0.0,0.0,0.0,
inputs/SIG-NIHDA-2063_9978c6ba/conf_004.xyz,far_vbur,0.0,0.0,0.0,
inputs/SIG-NIHDA-2064_f0ba08d0/conf_000.xyz,far_vbur,0.0,0.0,0.0,
inputs/SIG-NIHDA-2064_f0ba08d0/conf_001.xyz,far_vbur,1.6551401615142822,1.6551403144010088,1.5288672661206704e-07,9.237085537814137e-08
inputs/SIG-NIHDA-2064_f0ba08d0/conf_002.xyz,far_vbur,1.6551401615142822,1.6551403144010088,1.5288672661206704e-07,9.237085537814137e-08
inputs/SIG-NIHDA-2064_f0ba08d0/conf_003.xyz,far_vbur,1.6512548923492432,1.6512550084986592,1.1614941608506513e-07,7.034008404956758e-08
inputs/SIG-NIHDA-2064_f0ba08d0/conf_004.xyz,far_vbur,0.0,0.0,0.0,
inputs/SIG-NIHDA-2064_f0ba08d0/conf_005.xyz,far_vbur,0.0,0.0,0.0,
inputs/SIG-NIHDA-2064_f0ba08d0/conf_006.xyz,far_vbur,0.0,0.0,0.0,
inputs/SIG-NIHDA-2064_f0ba08d0/conf_007.xyz,far_vbur,0.0,0.0,0.0,
inputs/SIG-NIHDA-2064_f0ba08d0/conf_008.xyz,far_vbur,0.0,0.0,0.0,
inputs/SIG-NIHDA-2064_f0ba08d0/conf_009.xyz,far_vbur,0.0,0.0,0.0,
inputs/SIG-NIHDA-2064_f0ba08d0/conf_010.xyz,far_vbur,0.0,0.0,0.0,
inputs/SIG-NIHDA-2064_f0ba08d0/conf_011.xyz,far_vbur,0.0,0.0,0.0,
inputs/SIG-NIHDA-2067_1f828bfa/conf_000.xyz,far_vbur,16.520320892333984,16.520320696791288,1.955426967015228e-07,1.1836495204327523e-08
inputs/SIG-NIHDA-2067_1f828bfa/conf_001.xyz,far_vbur,16.520320892333984,16.520320696791288,1.955426967015228e-07,1.1836495204327523e-08
inputs/SIG-NIHDA-2067_1f828bfa/conf_002.xyz,far_vbur,14.845752716064453,14.845753852878532,1.1368140793166503e-06,7.657503219994629e-08
inputs/SIG-NIHDA-2067_1f828bfa/conf_003.xyz,far_vbur,14.841867446899414,14.841868546976182,1.1000767674573808e-06,7.411982958719208e-08
inputs/SIG-NIHDA-2067_1f828bfa/conf_004.xyz,far_vbur,12.541767120361328,12.541767452785109,3.324237809465558e-07,2.650533764064773e-08
inputs/SIG-NIHDA-2067_1f828bfa/conf_005.xyz,far_vbur,3.9047322273254395,3.9047324318615346,2.045360951719033e-07,5.238159047799164e-08
inputs/SIG-NIHDA-2067_1f828bfa/conf_006.xyz,far_vbur,4.269950866699219,4.269951186682415,3.199831963840438e-07,7.49383733898509e-08
inputs/SIG-NIHDA-2067_1f828bfa/conf_007.xyz,far_vbur,3.123785972595215,3.123785945489228,2.7105986788455994e-08,8.677286876073329e-09
inputs/SIG-NIHDA-2067_1f828bfa/conf_008.xyz,far_vbur,10.094023704528809,10.094024734304744,1.0297759356348024e-06,1.0201836856364027e-07
inputs/SIG-NIHDA-2067_1f828bfa/conf_009.xyz,far_vbur,0.05439428240060806,0.05439428263289701,2.322889450234733e-10,4.2704661920293026e-09
inputs/SIG-NIHDA-2067_1f828bfa/conf_010.xyz,far_vbur,17.025409698486328,17.025410464096762,7.656104337172565e-07,4.49686916701232e-08
inputs/SIG-NIHDA-401_9d42bff1/conf_000.xyz,far_vbur,0.0,0.0,0.0,
inputs/SIG-NIHDA-401_9d42bff1/conf_001.xyz,far_vbur,0.0,0.0,0.0,
inputs/SIG-NIHDA-401_9d42bff1/conf_002.xyz,far_vbur,0.0,0.0,0.0,
inputs/SIG-NIHDA-401_9d42bff1/conf_003.xyz,far_vbur,0.0,0.0,0.0,
inputs/SIG-NIHDA-401_9d42bff1/conf_004.xyz,far_vbur,0.0,0.0,0.0,
inputs/SIG-NIHDA-401_9d42bff1/conf_005.xyz,far_vbur,0.0,0.0,0.0,
inputs/SIG-NIHDA-498_7d70a0ce/conf_000.xyz,far_vbur,0.6838138699531555,0.6838138388135624,3.113959312628367e-08,4.553811484761964e-08
inputs/SIG-NIHDA-498_7d70a0ce/conf_001.xyz,far_vbur,0.6838138699531555,0.6838138388135624,3.113959312628367e-08,4.553811484761964e-08
inputs/SIG-NIHDA-498_7d70a0ce/conf_002.xyz,far_vbur,0.6838138699531555,0.6838138388135624,3.113959312628367e-08,4.553811484761964e-08
inputs/SIG-NIHDA-498_7d70a0ce/conf_003.xyz,far_vbur,0.6838138699531555,0.6838138388135624,3.113959312628367e-08,4.553811484761964e-08
inputs/SIG-NIHDA-498_7d70a0ce/conf_004.xyz,far_vbur,0.6838138699531555,0.6838138388135624,3.113959312628367e-08,4.553811484761964e-08
inputs/SIG-NIHDA-498_7d70a0ce/conf_005.xyz,far_vbur,0.6838138699531555,0.6838138388135624,3.113959312628367e-08,4.553811484761964e-08
inputs/SIG-NIHDA-498_7d70a0ce/conf_006.xyz,far_vbur,0.6838138699531555,0.6838138388135624,3.113959312628367e-08,4.553811484761964e-08
inputs/SIG-NIHDA-498_7d70a0ce/conf_007.xyz,far_vbur,0.6838138699531555,0.6838138388135624,3.113959312628367e-08,4.553811484761964e-08
inputs/SIG-NIHDA-498_7d70a0ce/conf_008.xyz,far_vbur,0.6838138699531555,0.6838138388135624,3.113959312628367e-08,4.553811484761964e-08
inputs/SIG-NIHDA-723_1db84e66/conf_000.xyz,far_vbur,19.263347625732422,19.26334666385024,9.61882182792806e-07,4.9933285195862786e-08
inputs/SIG-NIHDA-723_1db84e66/conf_001.xyz,far_vbur,19.26723289489746,19.26723196975259,9.251448709335364e-07,4.8016491024030377e-08
inputs/SIG-NIHDA-724_0d5c5a07/conf_000.xyz,far_vbur,15.331417083740234,15.331417090672256,6.932021179295589e-09,4.521448433826173e-10
inputs/SIG-NIHDA-724_0d5c5a07/conf_001.xyz,far_vbur,15.335302352905273,15.335302396574606,4.366933303856513e-08,2.8476342956444992e-09
inputs/SIG-NIHDA-785_fe24eb0f/conf_000.xyz,far_vbur,0.0,0.0,0.0,
inputs/SIG-NIHDA-785_fe24eb0f/conf_001.xyz,far_vbur,0.0,0.0,0.0,
inputs/SIG-NIHDA-1057_be992081/conf_000.xyz,qvbur_min,12.401896476745605,12.401896440300519,3.644508694833348e-08,2.938670478645793e-09
inputs/SIG-NIHDA-1058_219b0b66/conf_000.xyz,qvbur_min,14.604864120483398,14.604864886932846,7.664494479087125e-07,5.24790509081987e-08
inputs/SIG-NIHDA-1058_219b0b66/conf_001.xyz,qvbur_min,14.86129379272461,14.861295076487933,1.2837633232010148e-06,8.63830047511847e-08
inputs/SIG-NIHDA-2062_d86f6436/conf_000.xyz,qvbur_min,9.802626609802246,9.80262679162851,1.8182626426721527e-07,1.8548728634909956e-08
inputs/SIG-NIHDA-2062_d86f6436/conf_001.xyz,qvbur_min,9.744346618652344,9.744347203093264,5.844409205479906e-07,5.997743187583304e-08
inputs/SIG-NIHDA-2062_d86f6436/conf_002.xyz,qvbur_min,10.746755599975586,10.746756125899507,5.259239213017963e-07,4.893792276855788e-08
inputs/SIG-NIHDA-2062_d86f6436/conf_003.xyz,qvbur_min,10.29217529296875,10.292175335324583,4.2355832619023204e-08,4.115343087252938e-09
inputs/SIG-NIHDA-2063_9978c6ba/conf_000.xyz,qvbur_min,9.359701156616211,9.359701918760635,7.621444240157871e-07,8.142827951477182e-08
inputs/SIG-NIHDA-2063_9978c6ba/conf_001.xyz,qvbur_min,9.709379196166992,9.709379449972115,2.538051226963489e-07,2.614020020579975e-08
inputs/SIG-NIHDA-2063_9978c6ba/conf_002.xyz,qvbur_min,9.709379196166992,9.709379449972115,2.538051226963489e-07,2.614020020579975e-08
inputs/SIG-NIHDA-2063_9978c6ba/conf_003.xyz,qvbur_min,9.709379196166992,9.709379449972115,2.538051226963489e-07,2.614020020579975e-08
inputs/SIG-NIHDA-2063_9978c6ba/conf_004.xyz,qvbur_min,9.756002426147461,9.756003120800314,6.946528525730855e-07,7.120260663837315e-08
inputs/SIG-NIHDA-2064_f0ba08d0/conf_000.xyz,qvbur_min,9.278109550476074,9.27811049481129,9.443352162463725e-07,1.0178098404567228e-07
inputs/SIG-NIHDA-2064_f0ba08d0/conf_001.xyz,qvbur_min,9.767659187316895,9.767659038507361,1.488095335844264e-07,1.523492302482813e-08
inputs/SIG-NIHDA-2064_f0ba08d0/conf_002.xyz,qvbur_min,9.767659187316895,9.767659038507361,1.488095335844264e-07,1.523492302482813e-08
inputs/SIG-NIHDA-2064_f0ba08d0/conf_003.xyz,qvbur_min,9.767659187316895,9.767659038507361,1.488095335844264e-07,1.523492302482813e-08
inputs/SIG-NIHDA-2064_f0ba08d0/conf_004.xyz,qvbur_min,9.767659187316895,9.767659038507361,1.488095335844264e-07,1.523492302482813e-08
inputs/SIG-NIHDA-2064_f0ba08d0/conf_005.xyz,qvbur_min,9.767659187316895,9.767659038507361,1.488095335844264e-07,1.523492302482813e-08
inputs/SIG-NIHDA-2064_f0ba08d0/conf_006.xyz,qvbur_min,9.639443397521973,9.63944394372982,5.462078469520293e-07,5.6663833530285916e-08
inputs/SIG-NIHDA-2064_f0ba08d0/conf_007.xyz,qvbur_min,9.639443397521973,9.63944394372982,5.462078469520293e-07,5.6663833530285916e-08
inputs/SIG-NIHDA-2064_f0ba08d0/conf_008.xyz,qvbur_min,9.639443397521973,9.63944394372982,5.462078469520293e-07,5.6663833530285916e-08
inputs/SIG-NIHDA-2064_f0ba08d0/conf_009.xyz,qvbur_min,9.639443397521973,9.63944394372982,5.462078469520293e-07,5.6663833530285916e-08
inputs/SIG-NIHDA-2064_f0ba08d0/conf_010.xyz,qvbur_min,9.49957275390625,9.499572931245227,1.7733897728078318e-07,1.866809998347338e-08
inputs/SIG-NIHDA-2064_f0ba08d0/conf_011.xyz,qvbur_min,9.49957275390625,9.499572931245227,1.7733897728078318e-07,1.866809998347338e-08
inputs/SIG-NIHDA-2067_1f828bfa/conf_000.xyz,qvbur_min,10.128992080688477,10.128992487425892,4.067374153038372e-07,4.015576236321234e-08
inputs/SIG-NIHDA-2067_1f828bfa/conf_001.xyz,qvbur_min,10.128992080688477,10.128992487425892,4.067374153038372e-07,4.015576236321234e-08
inputs/SIG-NIHDA-2067_1f828bfa/conf_002.xyz,qvbur_min,9.686067581176758,9.686067614558016,3.338125864615904e-08,3.4463169135829178e-09
inputs/SIG-NIHDA-2067_1f828bfa/conf_003.xyz,qvbur_min,9.686067581176758,9.686067614558016,3.338125864615904e-08,3.4463169135829178e-09
inputs/SIG-NIHDA-2067_1f828bfa/conf_004.xyz,qvbur_min,9.790970802307129,9.790970873921461,7.161433224212033e-08,7.314323897425454e-09
inputs/SIG-NIHDA-2067_1f828bfa/conf_005.xyz,qvbur_min,9.837594032287598,9.837594544749658,5.124620603425001e-07,5.2092211974318665e-08
inputs/SIG-NIHDA-2067_1f828bfa/conf_006.xyz,qvbur_min,9.954153060913086,9.954153721820152,6.609070659635563e-07,6.63951034345396e-08
inputs/SIG-NIHDA-2067_1f828bfa/conf_007.xyz,qvbur_min,9.802626609802246,9.80262679162851,1.8182626426721527e-07,1.8548728634909956e-08
inputs/SIG-NIHDA-2067_1f828bfa/conf_008.xyz,qvbur_min,9.779314994812012,9.779314956214412,3.859759978297461e-08,3.94686130427236e-09
inputs/SIG-NIHDA-2067_1f828bfa/conf_009.xyz,qvbur_min,9.977465629577637,9.97746555723425,7.234338639250382e-08,7.250677637273385e-09
inputs/SIG-NIHDA-2067_1f828bfa/conf_010.xyz,qvbur_min,9.779314994812012,9.779314956214412,3.859759978297461e-08,3.94686130427236e-09
inputs/SIG-NIHDA-401_9d42bff1/conf_000.xyz,qvbur_min,9.732691764831543,9.732691285386213,4.794453296597112e-07,4.926133128044509e-08
inputs/SIG-NIHDA-401_9d42bff1/conf_001.xyz,qvbur_min,9.732691764831543,9.732691285386213,4.794453296597112e-07,4.926133128044509e-08
inputs/SIG-NIHDA-401_9d42bff1/conf_002.xyz,qvbur_min,9.732691764831543,9.732691285386213,4.794453296597112e-07,4.926133128044509e-08
inputs/SIG-NIHDA-401_9d42bff1/conf_003.xyz,qvbur_min,9.511228561401367,9.511228848952276,2.875509093058781e-07,3.0232782101290066e-08
inputs/SIG-NIHDA-401_9d42bff1/conf_004.xyz,qvbur_min,9.511228561401367,9.511228848952276,2.875509093058781e-07,3.0232782101290066e-08
inputs/SIG-NIHDA-401_9d42bff1/conf_005.xyz,qvbur_min,9.511228561401367,9.511228848952276,2.875509093058781e-07,3.0232782101290066e-08
inputs/SIG-NIHDA-498_7d70a0ce/conf_000.xyz,qvbur_min,9.779314994812012,9.779314956214412,3.859759978297461e-08,3.94686130427236e-09
inputs/SIG-NIHDA-498_7d70a0ce/conf_001.xyz,qvbur_min,9.779314994812012,9.779314956214412,3.859759978297461e-08,3.94686130427236e-09
inputs/SIG-NIHDA-498_7d70a0ce/conf_002.xyz,qvbur_min,9.779314994812012,9.779314956214412,3.859759978297461e-08,3.94686130427236e-09
inputs/SIG-NIHDA-498_7d70a0ce/conf_003.xyz,qvbur_min,9.779314994812012,9.779314956214412,3.859759978297461e-08,3.94686130427236e-09
inputs/SIG-NIHDA-498_7d70a0ce/conf_004.xyz,qvbur_min,9.779314994812012,9.779314956214412,3.859759978297461e-08,3.94686130427236e-09
inputs/SIG-NIHDA-498_7d70a0ce/conf_005.xyz,qvbur_min,9.779314994812012,9.779314956214412,3.859759978297461e-08,3.94686130427236e-09
inputs/SIG-NIHDA-498_7d70a0ce/conf_006.xyz,qvbur_min,9.779314994812012,9.779314956214412,3.859759978297461e-08,3.94686130427236e-09
inputs/SIG-NIHDA-498_7d70a0ce/conf_007.xyz,qvbur_min,9.779314994812012,9.779314956214412,3.859759978297461e-08,3.94686130427236e-09
inputs/SIG-NIHDA-498_7d70a0ce/conf_008.xyz,qvbur_min,9.779314994812012,9.779314956214412,3.859759978297461e-08,3.94686130427236e-09
inputs/SIG-NIHDA-723_1db84e66/conf_000.xyz,qvbur_min,10.070712089538574,10.070712898890646,8.093520715846125e-07,8.036690944429245e-08
inputs/SIG-NIHDA-723_1db84e66/conf_001.xyz,qvbur_min,10.070712089538574,10.070712898890646,8.093520715846125e-07,8.036690944429245e-08
inputs/SIG-NIHDA-724_0d5c5a07/conf_000.xyz,qvbur_min,9.581164360046387,9.581164355194572,4.851814949802247e-09,5.063909531174843e-10
inputs/SIG-NIHDA-724_0d5c5a07/conf_001.xyz,qvbur_min,9.581164360046387,9.581164355194572,4.851814949802247e-09,5.063909531174843e-10
inputs/SIG-NIHDA-785_fe24eb0f/conf_000.xyz,qvbur_min,9.359701156616211,9.359701918760635,7.621444240157871e-07,8.142827951477182e-08
inputs/SIG-NIHDA-785_fe24eb0f/conf_001.xyz,qvbur_min,9.359701156616211,9.359701918760635,7.621444240157871e-07,8.142827951477182e-08
inputs/SIG-NIHDA-1057_be992081/conf_000.xyz,qvbur_max,37.08913040161133,37.089130143831056,2.577802717951272e-07,6.950291656759256e-09
inputs/SIG-NIHDA-1058_219b0b66/conf_000.xyz,qvbur_max,37.32224655151367,37.32224849797204,1.9464583687067716e-06,5.2152762682895036e-08
inputs/SIG-NIHDA-1058_219b0b66/conf_001.xyz,qvbur_max,35.95850372314453,35.95850612624727,2.4031027408000227e-06,6.682988254192018e-08
inputs/SIG-NIHDA-2062_d86f6436/conf_000.xyz,qvbur_max,23.89463233947754,23.894631299451184,1.0400263548149269e-06,4.352552428121435e-08
inputs/SIG-NIHDA-2062_d86f6436/conf_001.xyz,qvbur_max,18.766027450561523,18.766027508349467,5.7787943319453916e-08,3.0793913785825284e-09
inputs/SIG-NIHDA-2062_d86f6436/conf_002.xyz,qvbur_max,27.298158645629883,27.298159269909597,6.242797141453593e-07,2.286893075730182e-08
inputs/SIG-NIHDA-2062_d86f6436/conf_003.xyz,qvbur_max,28.510374069213867,28.51037471144273,6.422288620910876e-07,2.252614595883677e-08
inputs/SIG-NIHDA-2063_9978c6ba/conf_000.xyz,qvbur_max,15.409122467041016,15.409123208719253,7.416782370484043e-07,4.8132410066571835e-08
inputs/SIG-NIHDA-2063_9978c6ba/conf_001.xyz,qvbur_max,13.847229957580566,13.847230235974637,2.7839407046315046e-07,2.0104675499645558e-08
inputs/SIG-NIHDA-2063_9978c6ba/conf_002.xyz,qvbur_max,13.847229957580566,13.847230235974637,2.7839407046315046e-07,2.0104675499645558e-08
inputs/SIG-NIHDA-2063_9978c6ba/conf_003.xyz,qvbur_max,13.847229957580566,13.847230235974637,2.7839407046315046e-07,2.0104675499645558e-08
inputs/SIG-NIHDA-2063_9978c6ba/conf_004.xyz,qvbur_max,14.208562850952148,14.20856368489317,8.339410211277709e-07,5.869284465497619e-08
inputs/SIG-NIHDA-2064_f0ba08d0/conf_000.xyz,qvbur_max,16.00357437133789,16.003575011778768,6.404408772198167e-07,4.001861313790492e-08
inputs/SIG-NIHDA-2064_f0ba08d0/conf_001.xyz,qvbur_max,20.700908660888672,20.70090984771966,1.1868309890417095e-06,5.733231040433938e-08
inputs/SIG-NIHDA-2064_f0ba08d0/conf_002.xyz,qvbur_max,20.700908660888672,20.70090984771966,1.1868309890417095e-06,5.733231040433938e-08
inputs/SIG-NIHDA-2064_f0ba08d0/conf_003.xyz,qvbur_max,20.700908660888672,20.70090984771966,1.1868309890417095e-06,5.733231040433938e-08
inputs/SIG-NIHDA-2064_f0ba08d0/conf_004.xyz,qvbur_max,16.166757583618164,16.16675785967746,2.760592963113595e-07,1.707573644063146e-08
inputs/SIG-NIHDA-2064_f0ba08d0/conf_005.xyz,qvbur_max,16.166757583618164,16.16675785967746,2.760592963113595e-07,1.707573644063146e-08
inputs/SIG-NIHDA-2064_f0ba08d0/conf_006.xyz,qvbur_max,16.866111755371094,16.86611292210042,1.1667293264849832e-06,6.91759465784298e-08
inputs/SIG-NIHDA-2064_f0ba08d0/conf_007.xyz,qvbur_max,16.866111755371094,16.86611292210042,1.1667293264849832e-06,6.91759465784298e-08
inputs/SIG-NIHDA-2064_f0ba08d0/conf_008.xyz,qvbur_max,16.866111755371094,16.86611292210042,1.1667293264849832e-06,6.91759465784298e-08
inputs/SIG-NIHDA-2064_f0ba08d0/conf_009.xyz,qvbur_max,16.866111755371094,16.86611292210042,1.1667293264849832e-06,6.91759465784298e-08
inputs/SIG-NIHDA-2064_f0ba08d0/conf_010.xyz,qvbur_max,15.304219245910645,15.304219949355806,7.034451616760862e-07,4.596413041657154e-08
inputs/SIG-NIHDA-2064_f0ba08d0/conf_011.xyz,qvbur_max,15.315875053405762,15.315875867062855,8.136570937011811e-07,5.3125077583774984e-08
inputs/SIG-NIHDA-2067_1f828bfa/conf_000.xyz,qvbur_max,36.36646270751953,36.366463245994,5.384744667935593e-07,1.4806896759554304e-08
inputs/SIG-NIHDA-2067_1f828bfa/conf_001.xyz,qvbur_max,36.36646270751953,36.366463245994,5.384744667935593e-07,1.4806896759554304e-08
inputs/SIG-NIHDA-2067_1f828bfa/conf_002.xyz,qvbur_max,33.90706253051758,33.90706460980658,2.079289004086604e-06,6.132317934372983e-08
inputs/SIG-NIHDA-2067_1f828bfa/conf_003.xyz,qvbur_max,33.90706253051758,33.90706460980658,2.079289004086604e-06,6.132317934372983e-08
inputs/SIG-NIHDA-2067_1f828bfa/conf_004.xyz,qvbur_max,33.76719284057617,33.76719359732199,7.567458197854648e-07,2.2410681468224853e-08
inputs/SIG-NIHDA-2067_1f828bfa/conf_005.xyz,qvbur_max,24.83875846862793,24.838760633722185,2.165094254991118e-06,8.716595352393274e-08
inputs/SIG-NIHDA-2067_1f828bfa/conf_006.xyz,qvbur_max,25.67798614501953,25.677986708629735,5.636102038408808e-07,2.194915864067588e-08
inputs/SIG-NIHDA-2067_1f828bfa/conf_007.xyz,qvbur_max,23.078718185424805,23.07871705995773,1.1254670759797136e-06,4.876644889123551e-08
inputs/SIG-NIHDA-2067_1f828bfa/conf_008.xyz,qvbur_max,29.477815628051758,29.477815881127828,2.5307607032232227e-07,8.585306026161376e-09
inputs/SIG-NIHDA-2067_1f828bfa/conf_009.xyz,qvbur_max,17.612091064453125,17.61209165535158,5.908984554992003e-07,3.3550725664072437e-08
inputs/SIG-NIHDA-2067_1f828bfa/conf_010.xyz,qvbur_max,36.23824691772461,36.23824815121645,1.2334918437773013e-06,3.403839607892014e-08
inputs/SIG-NIHDA-401_9d42bff1/conf_000.xyz,qvbur_max,13.532520294189453,13.532520457884305,1.6369485145162344e-07,1.2096405245502636e-08
inputs/SIG-NIHDA-401_9d42bff1/conf_001.xyz,qvbur_max,13.532520294189453,13.532520457884305,1.6369485145162344e-07,1.2096405245502636e-08
inputs/SIG-NIHDA-401_9d42bff1/conf_002.xyz,qvbur_max,13.532520294189453,13.532520457884305,1.6369485145162344e-07,1.2096405245502636e-08
inputs/SIG-NIHDA-401_9d42bff1/conf_003.xyz,qvbur_max,15.85204792022705,15.852048081587128,1.6136007729983248e-07,1.0179131205592262e-08
inputs/SIG-NIHDA-401_9d42bff1/conf_004.xyz,qvbur_max,15.85204792022705,15.852048081587128,1.6136007729983248e-07,1.0179131205592262e-08
inputs/SIG-NIHDA-401_9d42bff1/conf_005.xyz,qvbur_max,15.85204792022705,15.852048081587128,1.6136007729983248e-07,1.0179131205592262e-08
inputs/SIG-NIHDA-498_7d70a0ce/conf_000.xyz,qvbur_max,18.532909393310547,18.53290915420848,2.3910206792265853e-07,1.2901485996242685e-08
inputs/SIG-NIHDA-498_7d70a0ce/conf_001.xyz,qvbur_max,18.532909393310547,18.53290915420848,2.3910206792265853e-07,1.2901485996242685e-08
inputs/SIG-NIHDA-498_7d70a0ce/conf_002.xyz,qvbur_max,18.532909393310547,18.53290915420848,2.3910206792265853e-07,1.2901485996242685e-08
inputs/SIG-NIHDA-498_7d70a0ce/conf_003.xyz,qvbur_max,18.532909393310547,18.53290915420848,2.3910206792265853e-07,1.2901485996242685e-08
inputs/SIG-NIHDA-498_7d70a0ce/conf_004.xyz,qvbur_max,18.532909393310547,18.53290915420848,2.3910206792265853e-07,1.2901485996242685e-08
inputs/SIG-NIHDA-498_7d70a0ce/conf_005.xyz,qvbur_max,18.532909393310547,18.53290915420848,2.3910206792265853e-07,1.2901485996242685e-08
inputs/SIG-NIHDA-498_7d70a0ce/conf_006.xyz,qvbur_max,18.532909393310547,18.53290915420848,2.3910206792265853e-07,1.2901485996242685e-08
inputs/SIG-NIHDA-498_7d70a0ce/conf_007.xyz,qvbur_max,18.532909393310547,18.53290915420848,2.3910206792265853e-07,1.2901485996242685e-08
inputs/SIG-NIHDA-498_7d70a0ce/conf_008.xyz,qvbur_max,18.532909393310547,18.53290915420848,2.3910206792265853e-07,1.2901485996242685e-08
inputs/SIG-NIHDA-723_1db84e66/conf_000.xyz,qvbur_max,36.611236572265625,36.611237517842035,9.455764100607666e-07,2.5827491070192632e-08
inputs/SIG-NIHDA-723_1db84e66/conf_001.xyz,qvbur_max,36.611236572265625,36.611237517842035,9.455764100607666e-07,2.5827491070192632e-08
inputs/SIG-NIHDA-724_0d5c5a07/conf_000.xyz,qvbur_max,33.219364166259766,33.219365465090675,1.298830909490789e-06,3.909860683087686e-08
inputs/SIG-NIHDA-724_0d5c5a07/conf_001.xyz,qvbur_max,33.219364166259766,33.219365465090675,1.298830909490789e-06,3.909860683087686e-08
inputs/SIG-NIHDA-785_fe24eb0f/conf_000.xyz,qvbur_max,15.43243408203125,15.432435044133351,9.621021010985942e-07,6.234285764671582e-08
inputs/SIG-NIHDA-785_fe24eb0f/conf_001.xyz,qvbur_max,15.43243408203125,15.432435044133351,9.621021010985942e-07,6.234285764671582e-08
inputs/SIG-NIHDA-1057_be992081/conf_000.xyz,ovbur_min,0.0,0.0,0.0,
inputs/SIG-NIHDA-1058_219b0b66/conf_000.xyz,ovbur_min,0.0,0.0,0.0,
inputs/SIG-NIHDA-1058_219b0b66/conf_001.xyz,ovbur_min,0.0,0.0,0.0,
inputs/SIG-NIHDA-2062_d86f6436/conf_000.xyz,ovbur_min,0.0,0.0,0.0,
inputs/SIG-NIHDA-2062_d86f6436/conf_001.xyz,ovbur_min,0.0,0.0,0.0,
inputs/SIG-NIHDA-2062_d86f6436/conf_002.xyz,ovbur_min,0.0,0.0,0.0,
inputs/SIG-NIHDA-2062_d86f6436/conf_003.xyz,ovbur_min,0.0,0.0,0.0,
inputs/SIG-NIHDA-2063_9978c6ba/conf_000.xyz,ovbur_min,0.0,0.0,0.0,
inputs/SIG-NIHDA-2063_9978c6ba/conf_001.xyz,ovbur_min,0.0,0.0,0.0,
inputs/SIG-NIHDA-2063_9978c6ba/conf_002.xyz,ovbur_min,0.0,0.0,0.0,
inputs/SIG-NIHDA-2063_9978c6ba/conf_003.xyz,ovbur_min,0.0,0.0,0.0,
inputs/SIG-NIHDA-2063_9978c6ba/conf_004.xyz,ovbur_min,0.0,0.0,0.0,
inputs/SIG-NIHDA-2064_f0ba08d0/conf_000.xyz,ovbur_min,0.0,0.0,0.0,
inputs/SIG-NIHDA-2064_f0ba08d0/conf_001.xyz,ovbur_min,0.0,0.0,0.0,
inputs/SIG-NIHDA-2064_f0ba08d0/conf_002.xyz,ovbur_min,0.0,0.0,0.0,
inputs/SIG-NIHDA-2064_f0ba08d0/conf_003.xyz,ovbur_min,0.0,0.0,0.0,
inputs/SIG-NIHDA-2064_f0ba08d0/conf_004.xyz,ovbur_min,0.0,0.0,0.0,
inputs/SIG-NIHDA-2064_f0ba08d0/conf_005.xyz,ovbur_min,0.0,0.0,0.0,
inputs/SIG-NIHDA-2064_f0ba08d0/conf_006.xyz,ovbur_min,0.0,0.0,0.0,
inputs/SIG-NIHDA-2064_f0ba08d0/conf_007.xyz,ovbur_min,0.0,0.0,0.0,
inputs/SIG-NIHDA-2064_f0ba08d0/conf_008.xyz,ovbur_min,0.0,0.0,0.0,
inputs/SIG-NIHDA-2064_f0ba08d0/conf_009.xyz,ovbur_min,0.0,0.0,0.0,
inputs/SIG-NIHDA-2064_f0ba08d0/conf_010.xyz,ovbur_min,0.0,0.0,0.0,
inputs/SIG-NIHDA-2064_f0ba08d0/conf_011.xyz,ovbur_min,0.0,0.0,0.0,
inputs/SIG-NIHDA-2067_1f828bfa/conf_000.xyz,ovbur_min,0.0,0.0,0.0,
inputs/SIG-NIHDA-2067_1f828bfa/conf_001.xyz,ovbur_min,0.0,0.0,0.0,
inputs/SIG-NIHDA-2067_1f828bfa/conf_002.xyz,ovbur_min,0.0,0.0,0.0,
inputs/SIG-NIHDA-2067_1f828bfa/conf_003.xyz,ovbur_min,0.0,0.0,0.0,
inputs/SIG-NIHDA-2067_1f828bfa/conf_004.xyz,ovbur_min,0.0,0.0,0.0,
inputs/SIG-NIHDA-2067_1f828bfa/conf_005.xyz,ovbur_min,0.0,0.0,0.0,
inputs/SIG-NIHDA-2067_1f828bfa/conf_006.xyz,ovbur_min,0.0,0.0,0.0,
inputs/SIG-NIHDA-2067_1f828bfa/conf_007.xyz,ovbur_min,0.0,0.0,0.0,
inputs/SIG-NIHDA-2067_1f828bfa/conf_008.xyz,ovbur_min,0.0,0.0,0.0,
inputs/SIG-NIHDA-2067_1f828bfa/conf_009.xyz,ovbur_min,0.0,0.0,0.0,
inputs/SIG-NIHDA-2067_1f828bfa/conf_010.xyz,ovbur_min,0.0,0.0,0.0,
inputs/SIG-NIHDA-401_9d42bff1/conf_000.xyz,ovbur_min,0.0,0.0,0.0,
inputs/SIG-NIHDA-401_9d42bff1/conf_001.xyz,ovbur_min,0.0,0.0,0.0,
inputs/SIG-NIHDA-401_9d42bff1/conf_002.xyz,ovbur_min,0.0,0.0,0.0,
inputs/SIG-NIHDA-401_9d42bff1/conf_003.xyz,ovbur_min,0.0,0.0,0.0,
inputs/SIG-NIHDA-401_9d42bff1/conf_004.xyz,ovbur_min,0.0,0.0,0.0,
inputs/SIG-NIHDA-401_9d42bff1/conf_005.xyz,ovbur_min,0.0,0.0,0.0,
inputs/SIG-NIHDA-498_7d70a0ce/conf_000.xyz,ovbur_min,0.0,0.0,0.0,
inputs/SIG-NIHDA-498_7d70a0ce/conf_001.xyz,ovbur_min,0.0,0.0,0.0,
inputs/SIG-NIHDA-498_7d70a0ce/conf_002.xyz,ovbur_min,0.0,0.0,0.0,
inputs/SIG-NIHDA-498_7d70a0ce/conf_003.xyz,ovbur_min,0.0,0.0,0.0,
inputs/SIG-NIHDA-498_7d70a0ce/conf_004.xyz,ovbur_min,0.0,0.0,0.0,
inputs/SIG-NIHDA-498_7d70a0ce/conf_005.xyz,ovbur_min,0.0,0.0,0.0,
inputs/SIG-NIHDA-498_7d70a0ce/conf_006.xyz,ovbur_min,0.0,0.0,0.0,
inputs/SIG-NIHDA-498_7d70a0ce/conf_007.xyz,ovbur_min,0.0,0.0,0.0,
inputs/SIG-NIHDA-498_7d70a0ce/conf_008.xyz,ovbur_min,0.0,0.0,0.0,
inputs/SIG-NIHDA-723_1db84e66/conf_000.xyz,ovbur_min,0.0,0.0,0.0,
inputs/SIG-NIHDA-723_1db84e66/conf_001.xyz,ovbur_min,0.0,0.0,0.0,
inputs/SIG-NIHDA-724_0d5c5a07/conf_000.xyz,ovbur_min,0.0,0.0,0.0,
inputs/SIG-NIHDA-724_0d5c5a07/conf_001.xyz,ovbur_min,0.0,0.0,0.0,
inputs/SIG-NIHDA-785_fe24eb0f/conf_000.xyz,ovbur_min,0.0,0.0,0.0,
inputs/SIG-NIHDA-785_fe24eb0f/conf_001.xyz,ovbur_min,0.0,0.0,0.0,
inputs/SIG-NIHDA-1057_be992081/conf_000.xyz,ovbur_max,20.84078025817871,20.84078086020425,6.020255405303487e-07,2.8886899419393855e-08
inputs/SIG-NIHDA-1058_219b0b66/conf_000.xyz,ovbur_max,21.050586700439453,21.05058737893114,6.784916877222713e-07,3.2231484827893776e-08
inputs/SIG-NIHDA-1058_219b0b66/conf_001.xyz,ovbur_max,20.549381256103516,20.549382917528018,1.6614245019752616e-06,8.085033544039493e-08
inputs/SIG-NIHDA-2062_d86f6436/conf_000.xyz,ovbur_max,19.756778717041016,19.756780513448664,1.7964076484133784e-06,9.092613278719898e-08
inputs/SIG-NIHDA-2062_d86f6436/conf_001.xyz,ovbur_max,18.591188430786133,18.591188742743725,3.1195759220281616e-07,1.677986257466056e-08
inputs/SIG-NIHDA-2062_d86f6436/conf_002.xyz,ovbur_max,21.563447952270508,21.563447758041313,1.9422919450562404e-07,9.007334851320019e-09
inputs/SIG-NIHDA-2062_d86f6436/conf_003.xyz,ovbur_max,21.866500854492188,21.866501618424596,7.63932408887058e-07,3.493619702949523e-08
inputs/SIG-NIHDA-2063_9978c6ba/conf_000.xyz,ovbur_max,15.409122467041016,15.409123208719253,7.416782370484043e-07,4.8132410066571835e-08
inputs/SIG-NIHDA-2063_9978c6ba/conf_001.xyz,ovbur_max,13.847229957580566,13.847230235974637,2.7839407046315046e-07,2.0104675499645558e-08
inputs/SIG-NIHDA-2063_9978c6ba/conf_002.xyz,ovbur_max,13.847229957580566,13.847230235974637,2.7839407046315046e-07,2.0104675499645558e-08
inputs/SIG-NIHDA-2063_9978c6ba/conf_003.xyz,ovbur_max,13.847229957580566,13.847230235974637,2.7839407046315046e-07,2.0104675499645558e-08
inputs/SIG-NIHDA-2063_9978c6ba/conf_004.xyz,ovbur_max,14.208562850952148,14.20856368489317,8.339410211277709e-07,5.869284465497619e-08
inputs/SIG-NIHDA-2064_f0ba08d0/conf_000.xyz,ovbur_max,16.00357437133789,16.003575011778768,6.404408772198167e-07,4.001861313790492e-08
inputs/SIG-NIHDA-2064_f0ba08d0/conf_001.xyz,ovbur_max,19.057424545288086,19.0574254510257,9.057376146870411e-07,4.752675627747466e-08
inputs/SIG-NIHDA-2064_f0ba08d0/conf_002.xyz,ovbur_max,19.057424545288086,19.0574254510257,9.057376146870411e-07,4.752675627747466e-08
inputs/SIG-NIHDA-2064_f0ba08d0/conf_003.xyz,ovbur_max,19.057424545288086,19.0574254510257,9.057376146870411e-07,4.752675627747466e-08
inputs/SIG-NIHDA-2064_f0ba08d0/conf_004.xyz,ovbur_max,16.166757583618164,16.16675785967746,2.760592963113595e-07,1.707573644063146e-08
inputs/SIG-NIHDA-2064_f0ba08d0/conf_005.xyz,ovbur_max,16.166757583618164,16.16675785967746,2.760592963113595e-07,1.707573644063146e-08
inputs/SIG-NIHDA-2064_f0ba08d0/conf_006.xyz,ovbur_max,16.866111755371094,16.86611292210042,1.1667293264849832e-06,6.91759465784298e-08
inputs/SIG-NIHDA-2064_f0ba08d0/conf_007.xyz,ovbur_max,16.866111755371094,16.86611292210042,1.1667293264849832e-06,6.91759465784298e-08
inputs/SIG-NIHDA-2064_f0ba08d0/conf_008.xyz,ovbur_max,16.866111755371094,16.86611292210042,1.1667293264849832e-06,6.91759465784298e-08
inputs/SIG-NIHDA-2064_f0ba08d0/conf_009.xyz,ovbur_max,16.866111755371094,16.86611292210042,1.1667293264849832e-06,6.91759465784298e-08
inputs/SIG-NIHDA-2064_f0ba08d0/conf_010.xyz,ovbur_max,15.304219245910645,15.304219949355806,7.034451616760862e-07,4.596413041657154e-08
inputs/SIG-NIHDA-2064_f0ba08d0/conf_011.xyz,ovbur_max,15.315875053405762,15.315875867062855,8.136570937011811e-07,5.3125077583774984e-08
inputs/SIG-NIHDA-2067_1f828bfa/conf_000.xyz,ovbur_max,21.470199584960938,21.47020041638492,8.314239821061165e-07,3.872455617468842e-08
inputs/SIG-NIHDA-2067_1f828bfa/conf_001.xyz,ovbur_max,21.470199584960938,21.47020041638492,8.314239821061165e-07,3.872455617468842e-08
inputs/SIG-NIHDA-2067_1f828bfa/conf_002.xyz,ovbur_max,21.714975357055664,21.714974688232957,6.688227074391762e-07,3.080006848000619e-08
inputs/SIG-NIHDA-2067_1f828bfa/conf_003.xyz,ovbur_max,21.714975357055664,21.714974688232957,6.688227074391762e-07,3.080006848000619e-08
inputs/SIG-NIHDA-2067_1f828bfa/conf_004.xyz,ovbur_max,21.645038604736328,21.645039181990658,5.772543296700405e-07,2.6669128423215515e-08
inputs/SIG-NIHDA-2067_1f828bfa/conf_005.xyz,ovbur_max,20.88740348815918,20.887404531032452,1.0428732721834422e-06,4.992833219819359e-08
inputs/SIG-NIHDA-2067_1f828bfa/conf_006.xyz,ovbur_max,21.63338279724121,21.63338326428361,4.670423976449456e-07,2.1588967011739935e-08
inputs/SIG-NIHDA-2067_1f828bfa/conf_007.xyz,ovbur_max,19.93161964416504,19.931619279054402,3.651106368351975e-07,1.8318162298980013e-08
inputs/SIG-NIHDA-2067_1f828bfa/conf_008.xyz,ovbur_max,22.052995681762695,22.052996301737384,6.199746884760771e-07,2.811294574185523e-08
inputs/SIG-NIHDA-2067_1f828bfa/conf_009.xyz,ovbur_max,17.55381202697754,17.553812066816334,3.983879537372559e-08,2.2695238630836607e-09
inputs/SIG-NIHDA-2067_1f828bfa/conf_010.xyz,ovbur_max,20.98065185546875,20.980651872688846,1.7220095571701677e-08,8.20760750247117e-10
inputs/SIG-NIHDA-401_9d42bff1/conf_000.xyz,ovbur_max,13.532520294189453,13.532520457884305,1.6369485145162344e-07,1.2096405245502636e-08
inputs/SIG-NIHDA-401_9d42bff1/conf_001.xyz,ovbur_max,13.532520294189453,13.532520457884305,1.6369485145162344e-07,1.2096405245502636e-08
inputs/SIG-NIHDA-401_9d42bff1/conf_002.xyz,ovbur_max,13.532520294189453,13.532520457884305,1.6369485145162344e-07,1.2096405245502636e-08
inputs/SIG-NIHDA-401_9d42bff1/conf_003.xyz,ovbur_max,15.85204792022705,15.852048081587128,1.6136007729983248e-07,1.0179131205592262e-08
inputs/SIG-NIHDA-401_9d42bff1/conf_004.xyz,ovbur_max,15.85204792022705,15.852048081587128,1.6136007729983248e-07,1.0179131205592262e-08
inputs/SIG-NIHDA-401_9d42bff1/conf_005.xyz,ovbur_max,15.85204792022705,15.852048081587128,1.6136007729983248e-07,1.0179131205592262e-08
inputs/SIG-NIHDA-498_7d70a0ce/conf_000.xyz,ovbur_max,17.833553314208984,17.83355409178552,7.775765347162178e-07,4.3601882760676665e-08
inputs/SIG-NIHDA-498_7d70a0ce/conf_001.xyz,ovbur_max,17.833553314208984,17.83355409178552,7.775765347162178e-07,4.3601882760676665e-08
inputs/SIG-NIHDA-498_7d70a0ce/conf_002.xyz,ovbur_max,17.833553314208984,17.83355409178552,7.775765347162178e-07,4.3601882760676665e-08
inputs/SIG-NIHDA-498_7d70a0ce/conf_003.xyz,ovbur_max,17.833553314208984,17.83355409178552,7.775765347162178e-07,4.3601882760676665e-08
inputs/SIG-NIHDA-498_7d70a0ce/conf_004.xyz,ovbur_max,17.833553314208984,17.83355409178552,7.775765347162178e-07,4.3601882760676665e-08
inputs/SIG-NIHDA-498_7d70a0ce/conf_005.xyz,ovbur_max,17.833553314208984,17.83355409178552,7.775765347162178e-07,4.3601882760676665e-08
inputs/SIG-NIHDA-498_7d70a0ce/conf_006.xyz,ovbur_max,17.833553314208984,17.83355409178552,7.775765347162178e-07,4.3601882760676665e-08
inputs/SIG-NIHDA-498_7d70a0ce/conf_007.xyz,ovbur_max,17.833553314208984,17.83355409178552,7.775765347162178e-07,4.3601882760676665e-08
inputs/SIG-NIHDA-498_7d70a0ce/conf_008.xyz,ovbur_max,17.833553314208984,17.83355409178552,7.775765347162178e-07,4.3601882760676665e-08
inputs/SIG-NIHDA-723_1db84e66/conf_000.xyz,ovbur_max,20.700908660888672,20.70090984771966,1.1868309890417095e-06,5.733231040433938e-08
inputs/SIG-NIHDA-723_1db84e66/conf_001.xyz,ovbur_max,20.700908660888672,20.70090984771966,1.1868309890417095e-06,5.733231040433938e-08
inputs/SIG-NIHDA-724_0d5c5a07/conf_000.xyz,ovbur_max,20.327919006347656,20.327920481094083,1.4747464263109578e-06,7.254782542476693e-08
inputs/SIG-NIHDA-724_0d5c5a07/conf_001.xyz,ovbur_max,20.327919006347656,20.327920481094083,1.4747464263109578e-06,7.254782542476693e-08
inputs/SIG-NIHDA-785_fe24eb0f/conf_000.xyz,ovbur_max,15.43243408203125,15.432435044133351,9.621021010985942e-07,6.234285764671582e-08
inputs/SIG-NIHDA-785_fe24eb0f/conf_001.xyz,ovbur_max,15.43243408203125,15.432435044133351,9.621021010985942e-07,6.234285764671582e-08
inputs/SIG-NIHDA-1057_be992081/conf_000.xyz,max_delta_qvbur,21.808223724365234,21.80822202988935,1.6944758840509166e-06,7.769894683429698e-08
inputs/SIG-NIHDA-1058_219b0b66/conf_000.xyz,max_delta_qvbur,18.20654296875,18.206543458411094,4.896610938942558e-07,2.6894786207650046e-08
inputs/SIG-NIHDA-1058_219b0b66/conf_001.xyz,max_delta_qvbur,16.283315658569336,16.283317036747956,1.3781786201150226e-06,8.463746158137e-08
inputs/SIG-NIHDA-2062_d86f6436/conf_000.xyz,max_delta_qvbur,8.963401794433594,8.963400716720956,1.0777126373540113e-06,1.2023479384822889e-07
inputs/SIG-NIHDA-2062_d86f6436/conf_001.xyz,max_delta_qvbur,9.02168083190918,9.021680305256202,5.266529772285367e-07,5.837637329286636e-08
inputs/SIG-NIHDA-2062_d86f6436/conf_002.xyz,max_delta_qvbur,15.665553092956543,15.665553398274337,3.053177941580998e-07,1.948975477570633e-08
inputs/SIG-NIHDA-2062_d86f6436/conf_003.xyz,max_delta_qvbur,16.120134353637695,16.120134188849264,1.6478843178902025e-07,1.0222522335019326e-08
inputs/SIG-NIHDA-2063_9978c6ba/conf_000.xyz,max_delta_qvbur,6.049421310424805,6.049421289958618,2.0466186967382782e-08,3.383164436134483e-09
inputs/SIG-NIHDA-2063_9978c6ba/conf_001.xyz,max_delta_qvbur,4.102883338928223,4.102883032881373,3.060468500848401e-07,7.459312089379978e-08
inputs/SIG-NIHDA-2063_9978c6ba/conf_002.xyz,max_delta_qvbur,4.102883338928223,4.102883032881373,3.060468500848401e-07,7.459312089379978e-08
inputs/SIG-NIHDA-2063_9978c6ba/conf_003.xyz,max_delta_qvbur,4.102883338928223,4.102883032881373,3.060468500848401e-07,7.459312089379978e-08
inputs/SIG-NIHDA-2063_9978c6ba/conf_004.xyz,max_delta_qvbur,4.4525604248046875,4.452560564092856,1.392881685546854e-07,3.128271172276874e-08
inputs/SIG-NIHDA-2064_f0ba08d0/conf_000.xyz,max_delta_qvbur,6.725464820861816,6.725464516967477,3.038943390265558e-07,4.518562818372912e-08
inputs/SIG-NIHDA-2064_f0ba08d0/conf_001.xyz,max_delta_qvbur,10.933249473571777,10.9332508092123,1.3356405226261359e-06,1.2216316500310522e-07
inputs/SIG-NIHDA-2064_f0ba08d0/conf_002.xyz,max_delta_qvbur,10.933249473571777,10.9332508092123,1.3356405226261359e-06,1.2216316500310522e-07
inputs/SIG-NIHDA-2064_f0ba08d0/conf_003.xyz,max_delta_qvbur,10.933249473571777,10.9332508092123,1.3356405226261359e-06,1.2216316500310522e-07
inputs/SIG-NIHDA-2064_f0ba08d0/conf_004.xyz,max_delta_qvbur,6.3990983963012695,6.399098821170099,4.248688298957859e-07,6.639510371213442e-08
inputs/SIG-NIHDA-2064_f0ba08d0/conf_005.xyz,max_delta_qvbur,6.3990983963012695,6.399098821170099,4.248688298957859e-07,6.639510371213442e-08
inputs/SIG-NIHDA-2064_f0ba08d0/conf_006.xyz,max_delta_qvbur,7.226668357849121,7.226668978370601,6.205214795329539e-07,8.586549091845398e-08
inputs/SIG-NIHDA-2064_f0ba08d0/conf_007.xyz,max_delta_qvbur,7.226668357849121,7.226668978370601,6.205214795329539e-07,8.586549091845398e-08
inputs/SIG-NIHDA-2064_f0ba08d0/conf_008.xyz,max_delta_qvbur,7.226668357849121,7.226668978370601,6.205214795329539e-07,8.586549091845398e-08
inputs/SIG-NIHDA-2064_f0ba08d0/conf_009.xyz,max_delta_qvbur,7.226668357849121,7.226668978370601,6.205214795329539e-07,8.586549091845398e-08
inputs/SIG-NIHDA-2064_f0ba08d0/conf_010.xyz,max_delta_qvbur,5.245162010192871,5.24516296817221,9.579793385228186e-07,1.8264052887124063e-07
inputs/SIG-NIHDA-2064_f0ba08d0/conf_011.xyz,max_delta_qvbur,5.256817817687988,5.256818885879259,1.0681912705479135e-06,2.0320107915782743e-07
inputs/SIG-NIHDA-2067_1f828bfa/conf_000.xyz,max_delta_qvbur,23.13699722290039,23.13699664849298,5.744074123015253e-07,2.4826360180976172e-08
inputs/SIG-NIHDA-2067_1f828bfa/conf_001.xyz,max_delta_qvbur,23.13699722290039,23.13699664849298,5.744074123015253e-07,2.4826360180976172e-08
inputs/SIG-NIHDA-2067_1f828bfa/conf_002.xyz,max_delta_qvbur,24.22099494934082,24.220996995248566,2.045907745440445e-06,8.446835387667117e-08
inputs/SIG-NIHDA-2067_1f828bfa/conf_003.xyz,max_delta_qvbur,24.22099494934082,24.220996995248566,2.045907745440445e-06,8.446835387667117e-08
inputs/SIG-NIHDA-2067_1f828bfa/conf_004.xyz,max_delta_qvbur,22.61248016357422,22.612480351675757,1.8810153790127515e-07,8.3184831993601e-09
inputs/SIG-NIHDA-2067_1f828bfa/conf_005.xyz,max_delta_qvbur,13.695701599121094,13.695703305782997,1.7066619033556663e-06,1.246129435817312e-07
inputs/SIG-NIHDA-2067_1f828bfa/conf_006.xyz,max_delta_qvbur,15.362499237060547,15.362499537891052,3.0083050539531087e-07,1.9582132754720235e-08
inputs/SIG-NIHDA-2067_1f828bfa/conf_007.xyz,max_delta_qvbur,13.276091575622559,13.276090268329218,1.3072933402469289e-06,9.84697538073798e-08
inputs/SIG-NIHDA-2067_1f828bfa/conf_008.xyz,max_delta_qvbur,17.693681716918945,17.693683079300925,1.3623819796748649e-06,7.699821306671061e-08
inputs/SIG-NIHDA-2067_1f828bfa/conf_009.xyz,max_delta_qvbur,7.622969627380371,7.622970180410281,5.530299098666092e-07,7.254782542476693e-08
inputs/SIG-NIHDA-2067_1f828bfa/conf_010.xyz,max_delta_qvbur,26.45893096923828,26.45893319500204,2.225763758190169e-06,8.412144744409441e-08
inputs/SIG-NIHDA-401_9d42bff1/conf_000.xyz,max_delta_qvbur,3.79982852935791,3.7998291724980913,6.431401811113346e-07,1.6925502487484723e-07
inputs/SIG-NIHDA-401_9d42bff1/conf_001.xyz,max_delta_qvbur,3.79982852935791,3.7998291724980913,6.431401811113346e-07,1.6925502487484723e-07
inputs/SIG-NIHDA-401_9d42bff1/conf_002.xyz,max_delta_qvbur,3.79982852935791,3.7998291724980913,6.431401811113346e-07,1.6925502487484723e-07
inputs/SIG-NIHDA-401_9d42bff1/conf_003.xyz,max_delta_qvbur,6.340819358825684,6.340819232634852,1.2619083200604564e-07,1.9901345137954444e-08
inputs/SIG-NIHDA-401_9d42bff1/conf_004.xyz,max_delta_qvbur,6.340819358825684,6.340819232634852,1.2619083200604564e-07,1.9901345137954444e-08
inputs/SIG-NIHDA-401_9d42bff1/conf_005.xyz,max_delta_qvbur,6.340819358825684,6.340819232634852,1.2619083200604564e-07,1.9901345137954444e-08
inputs/SIG-NIHDA-498_7d70a0ce/conf_000.xyz,max_delta_qvbur,8.648691177368164,8.648690938630622,2.387375417356452e-07,2.7603893286241694e-08
inputs/SIG-NIHDA-498_7d70a0ce/conf_001.xyz,max_delta_qvbur,8.648691177368164,8.648690938630622,2.387375417356452e-07,2.7603893286241694e-08
inputs/SIG-NIHDA-498_7d70a0ce/conf_002.xyz,max_delta_qvbur,8.648691177368164,8.648690938630622,2.387375417356452e-07,2.7603893286241694e-08
inputs/SIG-NIHDA-498_7d70a0ce/conf_003.xyz,max_delta_qvbur,8.648691177368164,8.648690938630622,2.387375417356452e-07,2.7603893286241694e-08
inputs/SIG-NIHDA-498_7d70a0ce/conf_004.xyz,max_delta_qvbur,8.648691177368164,8.648690938630622,2.387375417356452e-07,2.7603893286241694e-08
inputs/SIG-NIHDA-498_7d70a0ce/conf_005.xyz,max_delta_qvbur,8.648691177368164,8.648690938630622,2.387375417356452e-07,2.7603893286241694e-08
inputs/SIG-NIHDA-498_7d70a0ce/conf_006.xyz,max_delta_qvbur,8.648691177368164,8.648690938630622,2.387375417356452e-07,2.7603893286241694e-08
inputs/SIG-NIHDA-498_7d70a0ce/conf_007.xyz,max_delta_qvbur,8.648691177368164,8.648690938630622,2.387375417356452e-07,2.7603893286241694e-08
inputs/SIG-NIHDA-498_7d70a0ce/conf_008.xyz,max_delta_qvbur,8.648691177368164,8.648690938630622,2.387375417356452e-07,2.7603893286241694e-08
inputs/SIG-NIHDA-723_1db84e66/conf_000.xyz,max_delta_qvbur,25.514802932739258,25.514803860731046,9.279917883020516e-07,3.637072004814788e-08
inputs/SIG-NIHDA-723_1db84e66/conf_001.xyz,max_delta_qvbur,25.50314712524414,25.503147943023997,8.177798562769567e-07,3.206583979765714e-08
inputs/SIG-NIHDA-724_0d5c5a07/conf_000.xyz,max_delta_qvbur,23.638198852539062,23.6382011098961,2.2573570390704845e-06,9.549614323762754e-08
inputs/SIG-NIHDA-724_0d5c5a07/conf_001.xyz,max_delta_qvbur,23.638198852539062,23.6382011098961,2.2573570390704845e-06,9.549614323762754e-08
inputs/SIG-NIHDA-785_fe24eb0f/conf_000.xyz,max_delta_qvbur,6.072732925415039,6.072733125372716,1.999576770828071e-07,3.2927130660057554e-08
inputs/SIG-NIHDA-785_fe24eb0f/conf_001.xyz,max_delta_qvbur,6.072732925415039,6.072733125372716,1.999576770828071e-07,3.2927130660057554e-08
inputs/SIG-NIHDA-1057_be992081/conf_000.xyz,percent_buried_volume,47.42341232299805,47.42341640706127,4.08406322094379e-06,8.6119127012867e-08
inputs/SIG-NIHDA-1058_219b0b66/conf_000.xyz,percent_buried_volume,51.449466705322266,51.44946348217377,3.2231484965450363e-06,6.264688256004446e-08
inputs/SIG-NIHDA-1058_219b0b66/conf_001.xyz,percent_buried_volume,50.945396423339844,50.945396330910356,9.242948806331697e-08,1.8142853863173651e-09
inputs/SIG-NIHDA-2062_d86f6436/conf_000.xyz,percent_buried_volume,36.31663131713867,36.31663205261335,7.354746784926647e-07,2.025173142231783e-08
inputs/SIG-NIHDA-2062_d86f6436/conf_001.xyz,percent_buried_volume,29.79404640197754,29.79404638283143,1.91461104748214e-08,6.426153141069883e-10
inputs/SIG-NIHDA-2062_d86f6436/conf_002.xyz,percent_buried_volume,37.49134826660156,37.49134648667359,1.7799279703467619e-06,4.7475701385636884e-08
inputs/SIG-NIHDA-2062_d86f6436/conf_003.xyz,percent_buried_volume,39.09008026123047,39.09008307372794,2.812497470472408e-06,7.194913004323238e-08
inputs/SIG-NIHDA-2063_9978c6ba/conf_000.xyz,percent_buried_volume,26.505712509155273,26.505711318795427,1.1903598462481568e-06,4.490956050683546e-08
inputs/SIG-NIHDA-2063_9978c6ba/conf_001.xyz,percent_buried_volume,26.086013793945312,26.086015922464522,2.128519209776414e-06,8.159617843150186e-08
inputs/SIG-NIHDA-2063_9978c6ba/conf_002.xyz,percent_buried_volume,26.086013793945312,26.086015922464522,2.128519209776414e-06,8.159617843150186e-08
inputs/SIG-NIHDA-2063_9978c6ba/conf_003.xyz,percent_buried_volume,26.081689834594727,26.081689165801315,6.687934117621808e-07,2.5642258348784873e-08
inputs/SIG-NIHDA-2063_9978c6ba/conf_004.xyz,percent_buried_volume,26.37590789794922,26.37590861889927,7.209500516580647e-07,2.7333657470343163e-08
inputs/SIG-NIHDA-2064_f0ba08d0/conf_000.xyz,percent_buried_volume,27.23260498046875,27.232606438213914,1.4577451636910155e-06,5.352940296032213e-08
inputs/SIG-NIHDA-2064_f0ba08d0/conf_001.xyz,percent_buried_volume,30.382484436035156,30.382485289027347,8.529921906585969e-07,2.8075128895615908e-08
inputs/SIG-NIHDA-2064_f0ba08d0/conf_002.xyz,percent_buried_volume,30.382484436035156,30.382485289027347,8.529921906585969e-07,2.8075128895615908e-08
inputs/SIG-NIHDA-2064_f0ba08d0/conf_003.xyz,percent_buried_volume,30.38032341003418,30.380321910695745,1.4993384347405936e-06,4.935228925973737e-08
inputs/SIG-NIHDA-2064_f0ba08d0/conf_004.xyz,percent_buried_volume,28.0936336517334,28.093631014191764,2.637541633987439e-06,9.388397080658815e-08
inputs/SIG-NIHDA-2064_f0ba08d0/conf_005.xyz,percent_buried_volume,28.0936336517334,28.093631014191764,2.637541633987439e-06,9.388397080658815e-08
inputs/SIG-NIHDA-2064_f0ba08d0/conf_006.xyz,percent_buried_volume,28.14122772216797,28.14122533748702,2.384680950484608e-06,8.473976956888109e-08
inputs/SIG-NIHDA-2064_f0ba08d0/conf_007.xyz,percent_buried_volume,28.14122772216797,28.14122533748702,2.384680950484608e-06,8.473976956888109e-08
inputs/SIG-NIHDA-2064_f0ba08d0/conf_008.xyz,percent_buried_volume,28.14122772216797,28.14122533748702,2.384680950484608e-06,8.473976956888109e-08
inputs/SIG-NIHDA-2064_f0ba08d0/conf_009.xyz,percent_buried_volume,28.14122772216797,28.14122533748702,2.384680950484608e-06,8.473976956888109e-08
inputs/SIG-NIHDA-2064_f0ba08d0/conf_010.xyz,percent_buried_volume,27.412166595458984,27.41216683973693,2.442779454270294e-07,8.911296463908933e-09
inputs/SIG-NIHDA-2064_f0ba08d0/conf_011.xyz,percent_buried_volume,27.414331436157227,27.41433021806854,1.2180886876933528e-06,4.443255326699616e-08
inputs/SIG-NIHDA-2067_1f828bfa/conf_000.xyz,percent_buried_volume,42.66398620605469,42.66398407753549,2.128519199118273e-06,4.989030549162975e-08
inputs/SIG-NIHDA-2067_1f828bfa/conf_001.xyz,percent_buried_volume,42.66398620605469,42.66398407753549,2.128519199118273e-06,4.989030549162975e-08
inputs/SIG-NIHDA-2067_1f828bfa/conf_002.xyz,percent_buried_volume,41.83757781982422,41.83757355486326,4.264960956845698e-06,1.0194092521290429e-07
inputs/SIG-NIHDA-2067_1f828bfa/conf_003.xyz,percent_buried_volume,41.83324432373047,41.83324679820007,2.4744696034417757e-06,5.9150790168843475e-08
inputs/SIG-NIHDA-2067_1f828bfa/conf_004.xyz,percent_buried_volume,39.62660217285156,39.62660089996538,1.2728861804589542e-06,3.2122012778039366e-08
inputs/SIG-NIHDA-2067_1f828bfa/conf_005.xyz,percent_buried_volume,34.33281326293945,34.33281412253375,8.595942944111812e-07,2.5037105648936635e-08
inputs/SIG-NIHDA-2067_1f828bfa/conf_006.xyz,percent_buried_volume,35.167877197265625,35.16787815853236,9.612667355440863e-07,2.7333657470343163e-08
inputs/SIG-NIHDA-2067_1f828bfa/conf_007.xyz,percent_buried_volume,33.99532699584961,33.99532710280374,1.0695413266148535e-07,3.146142184131665e-09
inputs/SIG-NIHDA-2067_1f828bfa/conf_008.xyz,percent_buried_volume,42.456298828125,42.45629975770163,9.295766290051688e-07,2.1894904509113336e-08
inputs/SIG-NIHDA-2067_1f828bfa/conf_009.xyz,percent_buried_volume,31.124523162841797,31.12452405676705,8.939252538198161e-07,2.8720929264313045e-08
inputs/SIG-NIHDA-2067_1f828bfa/conf_010.xyz,percent_buried_volume,42.674800872802734,42.6748009691935,9.639076381517953e-08,2.2587279056031927e-09
inputs/SIG-NIHDA-401_9d42bff1/conf_000.xyz,percent_buried_volume,24.255796432495117,24.255797853928694,1.4214335770645903e-06,5.860180669482128e-08
inputs/SIG-NIHDA-401_9d42bff1/conf_001.xyz,percent_buried_volume,24.253633499145508,24.253634475597092,9.764515844778998e-07,4.026001074026085e-08
inputs/SIG-NIHDA-401_9d42bff1/conf_002.xyz,percent_buried_volume,24.253633499145508,24.253634475597092,9.764515844778998e-07,4.026001074026085e-08
inputs/SIG-NIHDA-401_9d42bff1/conf_003.xyz,percent_buried_volume,25.40455436706543,25.404551748009695,2.6190557349536903e-06,1.0309395579707005e-07
inputs/SIG-NIHDA-401_9d42bff1/conf_004.xyz,percent_buried_volume,25.40455436706543,25.404551748009695,2.6190557349536903e-06,1.0309395579707005e-07
inputs/SIG-NIHDA-401_9d42bff1/conf_005.xyz,percent_buried_volume,25.40455436706543,25.404551748009695,2.6190557349536903e-06,1.0309395579707005e-07
inputs/SIG-NIHDA-498_7d70a0ce/conf_000.xyz,percent_buried_volume,29.553911209106445,29.553911388023533,1.7891708736783585e-07,6.053922440883424e-09
inputs/SIG-NIHDA-498_7d70a0ce/conf_001.xyz,percent_buried_volume,29.553911209106445,29.553911388023533,1.7891708736783585e-07,6.053922440883424e-09
inputs/SIG-NIHDA-498_7d70a0ce/conf_002.xyz,percent_buried_volume,29.553911209106445,29.553911388023533,1.7891708736783585e-07,6.053922440883424e-09
inputs/SIG-NIHDA-498_7d70a0ce/conf_003.xyz,percent_buried_volume,29.553911209106445,29.553911388023533,1.7891708736783585e-07,6.053922440883424e-09
inputs/SIG-NIHDA-498_7d70a0ce/conf_004.xyz,percent_buried_volume,29.553911209106445,29.553911388023533,1.7891708736783585e-07,6.053922440883424e-09
inputs/SIG-NIHDA-498_7d70a0ce/conf_005.xyz,percent_buried_volume,29.553911209106445,29.553911388023533,1.7891708736783585e-07,6.053922440883424e-09
inputs/SIG-NIHDA-498_7d70a0ce/conf_006.xyz,percent_buried_volume,29.553911209106445,29.553911388023533,1.7891708736783585e-07,6.053922440883424e-09
inputs/SIG-NIHDA-498_7d70a0ce/conf_007.xyz,percent_buried_volume,29.553911209106445,29.553911388023533,1.7891708736783585e-07,6.053922440883424e-09
inputs/SIG-NIHDA-498_7d70a0ce/conf_008.xyz,percent_buried_volume,29.553911209106445,29.553911388023533,1.7891708736783585e-07,6.053922440883424e-09
inputs/SIG-NIHDA-723_1db84e66/conf_000.xyz,percent_buried_volume,44.83601760864258,44.83601592246452,1.6861780594012998e-06,3.760766929687126e-08
inputs/SIG-NIHDA-723_1db84e66/conf_001.xyz,percent_buried_volume,44.8403434753418,44.84034267912772,7.962140742279189e-07,1.7756645615434615e-08
inputs/SIG-NIHDA-724_0d5c5a07/conf_000.xyz,percent_buried_volume,42.19020462036133,42.190204222914495,3.974468327783143e-07,9.42035811626746e-09
inputs/SIG-NIHDA-724_0d5c5a07/conf_001.xyz,percent_buried_volume,42.1923713684082,42.192367601246104,3.7671620987111964e-06,8.928539242722984e-08
inputs/SIG-NIHDA-785_fe24eb0f/conf_000.xyz,percent_buried_volume,26.46893310546875,26.468933887158187,7.816894367351779e-07,2.953233553220013e-08
inputs/SIG-NIHDA-785_fe24eb0f/conf_001.xyz,percent_buried_volume,26.46893310546875,26.468933887158187,7.816894367351779e-07,2.953233553220013e-08
