descriptor,comparison,N,R2,pearson_r,MAE,RMSE,median_absolute_error,maximum_absolute_error,slope,intercept,mean_signed_error,SSE,SST,target_0_99999_SSE_budget
buried_volume,native_vs_morfeus_same_export,31611,0.9999999999783127,0.9999999999891578,1.0270324307779575e-05,9.206603609026585e-05,1.9482679860516328e-06,0.002092403553703548,0.9999999780154277,2.3250656369100398e-06,8.839769286623454e-07,0.0002679397357484378,12354673.38839475,123.54673388394751
qvbur_min,native_vs_morfeus_same_export,31611,0.9999999997449273,0.9999999998724958,2.1574737692169375e-06,4.282362888784637e-05,3.4069840815220687e-07,0.0010467838605592306,1.0000000169110503,4.858560807008416e-07,6.808476264146269e-07,5.797024933462044e-05,227269.49848500197,2.2726949848500198
qvbur_max,native_vs_morfeus_same_export,31611,0.9999999999667619,0.9999999999833831,3.2686974116552996e-06,5.228969511470045e-05,6.30041615323762e-07,0.0020925058716052547,0.9999999655387786,1.252391307104972e-06,4.6641953517006645e-07,8.643118233431824e-05,2600366.776488078,26.00366776488078
max_delta_qvbur,native_vs_morfeus_same_export,31611,0.9999999999083489,0.9999999999541752,5.180096097546018e-06,6.987831665402713e-05,6.137484724888509e-07,0.003138315984454465,0.9999999843994626,-1.841034773519823e-07,-3.440813739510735e-07,0.0001543558535439778,1684167.6616447296,16.841676616447298
ovbur_min,native_vs_morfeus_same_export,31611,0.9999999998817095,0.9999999999411472,1.0443234899237396e-07,1.0189541862610402e-05,0.0,0.0010460305791575308,0.9999992457261009,8.778260951469719e-09,-1.0308953449374261e-07,3.282067816885588e-06,27745.839526831987,0.2774583952683199
ovbur_max,native_vs_morfeus_same_export,31611,0.9999999998102489,0.9999999999051302,2.276841056403516e-06,4.241848435279967e-05,5.326312830788993e-07,0.0020914598592476352,0.9999999165401806,1.7447904099299194e-06,2.1682535499431008e-07,5.687855155328592e-05,299753.50426924,2.9975350426924003
near_vbur,native_vs_morfeus_same_export,31611,0.9999999999237001,0.9999999999618516,8.694155430425719e-06,8.302234983398493e-05,1.9059553579836574e-06,0.002096182518016576,1.0000000044886352,2.1357016777301396e-07,4.759481886810436e-07,0.0002178854738901194,2855647.83932099,28.5564783932099
far_vbur,native_vs_morfeus_same_export,31611,0.9999999999889335,0.9999999999944676,1.8024817015464984e-06,3.990037528218854e-05,2.4088180339276732e-08,0.001049421998267519,1.0000000048772193,3.853040206891478e-07,4.19913488210938e-07,5.03259747854639e-05,4547606.8134993985,45.47606813499399
sterimol_l,native_vs_morfeus_same_export,31611,0.9999999999999392,0.9999999999999771,3.0901335240060267e-07,3.816547792227063e-07,2.7135517832732603e-07,2.9812243234061953e-06,0.9999998789918199,9.991235678796784e-07,-5.492785337637461e-09,4.604469971987172e-09,75641.81371622955,0.7564181371622956
sterimol_b1,native_vs_morfeus_same_export,31611,0.9999982241776085,0.9999991121767978,0.0007530720022340446,0.0010012294486656712,0.0005736427311702208,0.006078156874997909,0.9999852155345175,5.744344333624696e-05,-2.0637252337496904e-06,0.03168877598495914,17844.563812486747,0.1784456381248675
sterimol_b5,native_vs_morfeus_same_export,31611,0.9999999999993893,0.9999999999998624,8.775093226739326e-07,1.1654215912925476e-06,6.411160384800496e-07,5.700444219769452e-06,1.000000126379994,-1.0686342033494611e-07,8.421036072360566e-07,4.2934296822586935e-08,70294.88613201372,0.7029488613201372
pyr_p,native_vs_morfeus_same_export,31611,0.9999999999995349,0.9999999999997672,1.8323758631976005e-08,2.266611142576435e-08,1.6123608892470997e-08,1.3311917090863545e-07,0.9999999978844359,2.224351480784037e-09,2.551910535088166e-10,1.624023366509804e-11,34.91615856447399,0.0003491615856447399
pyr_alpha,native_vs_morfeus_same_export,31611,0.9999999999997621,0.9999999999998812,1.5868185529647925e-06,2.0939401986405046e-06,1.2400092259667872e-06,1.744534267089648e-05,0.9999999984342729,2.2068320504331496e-09,-2.5444448382011396e-08,1.3860113399436161e-07,582502.77052663,5.8250277052663
percent_buried_volume,native_vs_morfeus_same_export,31611,0.9999999999783127,0.9999999999891573,5.718622323289689e-06,5.126331685589715e-05,1.0848156719589497e-06,0.001165071843203691,0.9999999780154276,1.2946204890340596e-06,4.922074557741268e-07,8.307142110435799e-05,3830414.5997126475,38.304145997126476
buried_volume,native_vs_minimal_same_export,5476,0.9999999999790589,0.9999999999895335,1.0692290476522264e-05,9.376335843899034e-05,1.97450281191891e-06,0.0010550421311990021,0.9999999104701733,5.781333953791545e-06,-4.131074767324247e-08,4.814262300441398e-05,2298945.8392945332,22.989458392945334
buried_volume,morfeus_vs_minimal_same_export,5476,1.0,0.9999999999999998,0.0,0.0,0.0,0.0,0.9999999999999998,1.4210854715202004e-14,0.0,0.0,2298945.8392945332,22.989458392945334
qvbur_min,native_vs_minimal_same_export,5476,0.9999999997788472,0.9999999998894243,2.322870637081847e-06,4.469869344150467e-05,3.44519946793298e-07,0.0010464795983953223,0.9999999811385551,3.1847731563061643e-07,9.564017193061571e-08,1.0940901217887806e-05,49472.15475054178,0.4947215475054178
qvbur_min,morfeus_vs_minimal_same_export,5476,1.0,0.9999999999999999,0.0,0.0,0.0,0.0,1.0,0.0,0.0,0.0,49472.15475054178,0.4947215475054178
qvbur_max,native_vs_minimal_same_export,5476,0.9999999999569508,0.9999999999784779,3.8161651569080805e-06,5.99594940949271e-05,5.937161500213506e-07,0.002092048601447516,1.0000000206469648,1.4862838426665803e-07,6.048095845030634e-07,1.9686991744286917e-05,457313.97477253503,4.57313974772535
qvbur_max,morfeus_vs_minimal_same_export,5476,1.0,1.0,0.0,0.0,0.0,0.0,1.0000000000000002,-3.552713678800501e-15,0.0,0.0,457313.97477253503,4.57313974772535
max_delta_qvbur,native_vs_minimal_same_export,5476,0.9999999998845571,0.9999999999422822,5.519002851583155e-06,7.872203098049356e-05,5.861363483461446e-07,0.003138315984454465,1.0000000626813046,-2.275099646453782e-07,3.545097366680923e-07,3.3935638093435186e-05,293960.3088649226,2.939603088649226
max_delta_qvbur,morfeus_vs_minimal_same_export,5476,1.0,1.0,0.0,0.0,0.0,0.0,1.0,0.0,0.0,0.0,293960.3088649226,2.939603088649226
ovbur_min,native_vs_minimal_same_export,5476,0.9999999998505212,0.9999999999252774,1.9857940785301397e-07,1.4133967227852046e-05,0.0,0.001045907317224426,0.9999999338437627,-1.8189302203319713e-07,-1.9619632333578183e-07,1.093935206078624e-06,7318.332171349348,0.07318332171349348
ovbur_min,morfeus_vs_minimal_same_export,5476,1.0,1.0,0.0,0.0,0.0,0.0,0.9999999999999997,8.326672684688674e-17,0.0,0.0,7318.332171349348,0.07318332171349348
ovbur_max,native_vs_minimal_same_export,5476,0.9999999998266841,0.999999999913354,2.325918478301736e-06,4.23921295668784e-05,5.26523795230105e-07,0.0010470704491716276,1.0000001479368117,-2.5120473559070433e-06,1.443475410639723e-07,9.840879347101374e-06,56780.017208525875,0.5678001720852588
ovbur_max,morfeus_vs_minimal_same_export,5476,1.0,1.0,0.0,0.0,0.0,0.0,1.0,0.0,0.0,0.0,56780.017208525875,0.5678001720852588
near_vbur,native_vs_minimal_same_export,5476,0.9999999999270714,0.9999999999635454,9.096670767062798e-06,8.487603743056153e-05,1.8922458693282351e-06,0.0010510013762967674,0.9999998696737372,6.992312123088595e-06,-5.926292245485849e-07,3.9448784913009506e-05,540924.1233817008,5.409241233817009
near_vbur,morfeus_vs_minimal_same_export,5476,1.0,0.9999999999999998,0.0,0.0,0.0,0.0,1.0000000000000002,-1.4210854715202004e-14,0.0,0.0,540924.1233817008,5.409241233817009
far_vbur,native_vs_minimal_same_export,5476,0.9999999999897068,0.9999999999948557,1.8027874884305624e-06,3.9969063895155134e-05,8.780568265531752e-09,0.001046472461926129,1.000000052548973,2.3538280746748796e-07,5.946165580494827e-07,8.748052751954746e-06,849887.8241384813,8.498878241384814
far_vbur,morfeus_vs_minimal_same_export,5476,1.0,0.9999999999999999,0.0,0.0,0.0,0.0,1.0000000000000009,-6.217248937900877e-15,0.0,0.0,849887.8241384813,8.498878241384814
sterimol_l,native_vs_minimal_same_export,5476,0.9999999999999287,0.999999999999974,3.1507919181273475e-07,3.8762117567651944e-07,2.7887983700125574e-07,2.2432804929195527e-06,0.9999998640601613,1.1054793471743096e-06,-2.5276058836733976e-08,8.22769962860671e-10,11542.450401219246,0.11542450401219248
sterimol_l,morfeus_vs_minimal_same_export,5476,1.0,1.0,1.1045462085752106e-15,1.5696106909559487e-15,8.881784197001252e-16,7.105427357601002e-15,1.0,1.7763568394002505e-15,3.299041098740056e-16,1.3491099201089744e-26,11542.450401219246,0.11542450401219248
sterimol_b1,native_vs_minimal_same_export,5476,0.9999964532498711,0.9999993743163429,0.0011568724121419245,0.0014714050028005973,0.0009345385559891284,0.005515657601908863,1.0003195229251438,-0.00016985037481731524,0.0011568723424150843,0.011855718968092042,3342.6992421436416,0.033426992421436416
sterimol_b1,morfeus_vs_minimal_same_export,5476,0.9999965227209263,0.9999993925459195,0.0011452079229833055,0.0014569233548376074,0.0009228632839888284,0.005937311595173966,1.0003362369891589,-0.00025091491136386423,0.0011452079229833055,0.01162349812440707,3342.6992421436416,0.033426992421436416
sterimol_b5,native_vs_minimal_same_export,5476,0.9999999999999709,0.999999999999985,1.9309385763841313e-07,2.450995171388681e-07,1.6443533112919795e-07,2.2424013437216672e-06,1.0000000012830847,2.04017434057846e-08,2.989422062486891e-08,3.2896398260014384e-10,11314.292729063367,0.11314292729063367
sterimol_b5,morfeus_vs_minimal_same_export,5476,0.9999999999994335,0.999999999999873,7.826357003203194e-07,1.0818931236206449e-06,5.474439741526282e-07,5.015905157890188e-06,0.9999998762640628,1.3278364008328936e-07,-7.82635700319995e-07,6.4096181946144966e-09,11314.292729063367,0.11314292729063367
pyr_p,native_vs_minimal_same_export,5476,0.9999999999996971,0.9999999999998485,1.886014062761861e-08,2.346478203499967e-08,1.622539813617152e-08,1.1005864464230797e-07,1.0000000049918973,-4.167680311972788e-09,4.317653374033747e-10,3.0150636738224377e-12,9.955787742063507,9.955787742063507e-05
pyr_p,morfeus_vs_minimal_same_export,5476,1.0,1.0,8.795201070733334e-17,1.1902609506410431e-16,1.1102230246251565e-16,4.440892098500626e-16,1.0000000000000002,0.0,-9.750790849461718e-19,7.757964911280156e-29,9.955787742063507,9.955787742063507e-05
pyr_alpha,native_vs_minimal_same_export,5476,0.9999999999998112,0.9999999999999057,1.6982625968183077e-06,2.194757351844993e-06,1.347924058592298e-06,1.1795756957866388e-05,1.0000000018370332,-8.134409412718924e-08,-4.6762351948466196e-08,2.6377672048123596e-08,139649.48721700103,1.3964948721700106
pyr_alpha,morfeus_vs_minimal_same_export,5476,1.0,1.0,8.210703442525491e-15,1.1133666118963464e-14,7.105427357601002e-15,8.43769498715119e-14,1.0,0.0,1.3081006126518462e-16,6.787968623570869e-25,139649.48721700103,1.3964948721700106
percent_buried_volume,native_vs_minimal_same_export,5476,0.9999999999790589,0.9999999999895334,5.953577430803221e-06,5.220840341617348e-05,1.0994234962424798e-06,0.000587458321930967,0.9999999104701733,3.2191062686592886e-06,-2.300224959519971e-08,1.4926028412668147e-05,712759.894976599,7.127598949765991
percent_buried_volume,morfeus_vs_minimal_same_export,5476,1.0,1.0,0.0,0.0,0.0,0.0,1.0,0.0,0.0,0.0,712759.894976599,7.127598949765991
