Source_ID,kraken_published,stericx_on_dft
1,2.762234192,2.6925182
2,2.246603198,2.3078718
3,2.33027557,2.412775
4,2.075074834,2.1330338
5,3.358399846,3.3918715
6,1.445440232,1.4453335
7,2.411856133,2.4244318
8,1.383731858,1.352087
9,2.932716651,2.9256363
10,2.476702222,2.774108
11,1.484138705,1.3987112
12,6.593382942,6.131014
13,3.91900474,4.650711
14,6.057879759,6.364132
15,2.924349414,2.9023237
16,1.351308814,1.3287745
17,1.337712053,1.2821503
18,1.355492432,1.2588387
19,5.239982319,5.1402597
20,1.351308814,1.2588406
21,1.392099095,1.3171186
22,0.711215165,0.6993551
23,3.998493494,3.9397001
24,2.630450206,2.5643005
25,5.982574624,6.072733
26,2.37524947,2.3311834
27,6.307850971,6.3175077
28,2.106451974,2.121377
29,3.830102845,3.7998285
30,2.722489816,2.7507963
31,4.481701444,5.0470123
32,1.767578866,1.8766031
33,4.712846373,4.7439575
34,2.801978569,2.8090763
35,5.546432383,5.5249043
36,24.53587729,24.244307
37,22.97434164,23.20693
38,6.017089477,6.0843887
39,5.115519665,4.7905827
40,2.509125266,2.6808615
41,5.951197484,6.002797
42,3.930509692,4.3942804
43,12.4483572,12.448519
44,3.186871482,3.5433989
45,3.266360236,3.0421944
46,5.339343261,5.3384104
47,3.20883548,3.6016788
48,3.514239639,3.2636566
49,5.531789718,5.641466
50,6.635219128,6.550626
51,5.393730303,5.478279
52,3.335389943,3.3918743
53,4.307035367,4.37097
54,1.169321404,1.1539354
55,4.814299125,4.8022385
56,3.049857972,2.9722595
57,4.015227969,3.5200863
58,6.331906778,5.5831842
59,4.04032968,3.8697653
60,3.296691471,3.298624
61,1.342941576,1.2938061
62,1.312610341,1.2238712
63,4.942945397,4.9304523
64,7.058810513,6.9236135
65,3.325976801,3.3335924
66,2.592797638,2.5759583
67,2.206858821,2.6342373
68,3.027893975,2.8790112
69,3.017434928,2.9256363
70,0.899478003,0.83922577
71,4.793381031,5.2917843
72,2.354331377,2.3078718
73,3.000700454,3.0771627
74,2.865778753,2.9256353
75,2.324000142,2.2729025
76,2.852181993,2.820732
77,3.217202717,3.182065
78,2.022779602,1.8649464
79,1.448577946,1.4103651
80,3.22243224,3.112131
81,3.701456572,3.6949263
82,1.325161197,1.2821503
83,1.390007286,1.3637428
84,2.747591527,2.8207312
85,2.162930825,2.237936
86,1.359676051,1.3287745
87,2.425452894,2.7507982
88,2.366882233,2.7158298
89,11.82499802,11.819098
90,19.39734772,19.162329
91,4.633357619,4.1495075
92,24.10705638,23.708136
93,3.982804924,3.834797
94,12.63243642,12.471831
95,4.683561043,4.6273994
99,28.97469664,28.918333
100,28.96214579,29.116482
101,4.487976872,4.0329466
102,5.560029143,5.5132484
103,9.993618974,10.105681
104,6.450094004,6.352475
105,9.333653137,8.706972
106,8.816976237,8.299014
107,9.852421845,9.47626
108,3.293553757,3.3102798
109,3.453577169,3.3452482
110,1.216387113,1.2005596
111,2.257062244,2.1446896
113,2.226731009,2.3078709
114,1.488322323,1.4103651
115,2.410810229,2.4244308
116,2.166068539,2.2262802
117,1.491460037,1.410366
118,1.411971284,1.3753986
119,3.656482672,3.5550556
120,2.95258884,2.948946
121,3.674263051,3.6366463
122,4.378156884,4.429249
123,9.416279604,9.39467
124,1.158862357,1.2821503
125,8.956081556,9.021681
126,1.326207102,1.2821503
127,14.85916743,15.001165
128,5.487861722,5.233508
129,2.291577098,2.237937
130,4.544455724,4.6390553
131,1.72574268,1.6901073
132,1.565719268,1.4919577
133,1.333528434,1.2821503
134,2.259154054,1.9581938
135,3.521560972,3.4967747
136,0.799071156,0.89750576
137,1.643116212,1.5735493
138,4.510986775,4.3243446
139,4.13236929,4.3360004
140,4.174205476,4.82555
141,3.175366531,3.6716137
142,5.43347468,5.408346
143,3.05822521,3.648303
144,2.717260292,3.2869692
145,6.737717784,6.0960445
146,4.392799549,4.464217
147,1.581407838,1.5618925
148,1.591866884,1.5618925
149,3.094831873,3.1004734
150,1.540617556,1.53858
151,1.874261141,1.7600441
152,2.254970435,2.1446896
153,2.340734617,2.296215
154,2.980828265,2.832387
155,1.580361933,1.4919577
156,0.262522068,0.25642967
157,1.897271043,1.8066664
158,2.203721107,2.237936
159,1.77071658,1.829979
160,1.987218844,1.946538
161,2.55723688,2.599269
162,2.142012732,2.2262793
163,8.406981613,6.900304
164,2.358514996,2.6109266
165,2.61789935,2.7857647
166,2.732948862,2.832388
167,3.42010822,3.2753124
168,2.039514076,2.0747528
169,3.972345878,4.009635
170,3.162815675,2.995572
171,2.804070379,2.9722586
172,3.750614091,3.7998295
173,3.325976801,3.2636566
174,2.510171171,2.704173
175,2.108543783,2.0514421
176,1.30110539,1.352087
177,7.186410881,6.772089
178,2.154563588,1.9931622
179,5.241028224,5.3966894
180,2.321908333,2.004818
181,2.248695007,2.3078709
182,3.618830105,3.659957
183,2.66496506,2.7158298
184,1.973622083,1.8766031
185,2.319816524,2.3661509
186,1.463220612,1.4336777
187,1.481000991,1.4569902
188,3.833240559,3.9163876
189,4.503665442,4.522496
190,3.191055101,3.240345
191,2.914936272,2.8673553
192,10.32517075,10.432047
193,3.020572642,3.0771618
194,9.326331804,9.546196
195,2.855319707,2.7857637
196,2.98187417,2.9606028
197,1.308426723,1.2588387
198,2.909706749,2.9023228
199,1.351308814,1.2821503
200,2.935854365,2.8556995
201,2.864732849,2.8323889
202,2.826034376,2.7507963
203,14.84243295,15.047789
204,9.225924957,9.371358
205,4.246372897,4.417592
206,6.738763689,6.7604313
207,6.757589973,7.005206
208,4.994194725,5.0936365
209,2.982920075,3.356904
210,3.892857124,4.417592
211,1.735155822,1.7483883
212,3.775715803,3.881421
213,4.268336895,4.0446033
214,15.02337446,14.2785
215,6.256601643,6.550625
216,3.912729312,4.6740236
217,2.600118971,2.412774
218,2.595935352,2.4477434
219,2.843814756,2.8440447
220,1.962117132,2.0397854
221,1.500873179,1.5385809
222,3.11888768,3.123786
223,3.282048806,3.2520008
224,3.935739215,3.9280443
225,1.465312421,1.5036125
226,2.161884921,1.9815063
227,7.645563024,7.716217
228,1.326207102,1.3287754
229,5.834056163,5.897895
230,1.599188217,1.5968609
231,1.834516764,1.7600431
232,1.360721955,1.3171177
233,1.323069388,1.2821512
234,10.50402044,10.560262
235,1.135852455,1.2588387
236,1.456945184,1.5036144
237,4.748407131,4.70899
238,4.095762627,4.231097
239,1.405695856,1.3404303
240,1.46740423,1.5502367
241,2.464151366,2.4011192
242,1.362813765,1.3054619
243,0.6066247,0.66438675
244,2.42022337,2.412775
245,7.817091388,7.669594
246,1.334574339,1.2704954
247,4.581062387,4.3243456
248,3.099015491,3.5783672
249,1.322023483,1.2821512
250,4.718075896,4.7905836
251,0.982104471,1.0257215
252,2.206858821,2.1446886
253,3.105290919,3.0188847
254,5.745154267,2.6225805
255,3.312380041,3.3219366
256,3.728650093,3.7298946
257,2.252878626,2.2029676
258,7.637195787,6.550625
259,2.877283704,2.7507963
260,3.98175902,4.079571
261,1.278095488,1.2122154
262,4.584200101,4.6973352
263,1.843929906,2.0747528
264,1.722604966,1.6318283
265,3.249625761,3.1354418
266,4.184664523,4.231098
267,3.532020018,3.7998295
268,4.308081272,4.429249
269,9.102508208,8.765251
271,4.173159571,4.126196
272,2.397213468,2.2612476
273,2.088671595,2.0397854
274,5.926095772,5.8512707
275,1.816736385,1.7134199
276,23.33204103,23.171963
277,2.849044279,2.8673573
278,2.385708517,2.3428383
279,1.347125195,1.293807
280,6.303667353,6.655529
281,4.067523201,4.359312
282,3.783037135,3.7998285
284,2.878329609,2.8557005
285,3.159677961,3.4618082
286,6.953174143,7.063486
287,4.348871553,4.231098
288,2.022779602,1.8532906
289,3.81336837,3.9163885
290,3.273681569,3.1470985
291,11.08972705,10.210583
292,20.56771503,19.488695
293,8.130862784,7.7978086
294,4.178389095,4.2777205
295,21.99746669,21.714973
296,21.9085648,20.747532
297,5.759796932,5.8629265
298,7.393500003,7.494755
299,22.09578173,20.805813
300,2.069845311,1.9348822
301,3.374088415,3.473464
302,2.493436696,2.5759583
303,8.874500993,9.639443
304,15.28380472,15.164349
305,2.944221602,2.9023237
306,4.224408899,4.6973352
307,7.622553122,7.1567345
308,5.241028224,5.3850327
309,9.158987059,9.79097
310,23.14064048,21.924782
311,3.100061396,3.5084324
312,2.395121659,2.3778076
313,4.786059699,3.8581085
314,3.705640191,4.009636
315,8.667411872,8.357292
316,4.871823881,5.116949
317,5.654160562,5.956174
318,5.715868937,5.851269
319,4.506803156,4.0795727
320,2.091809309,2.2729034
321,3.232891287,3.2753143
322,16.42488669,15.712175
323,20.45266552,19.220608
324,2.025917316,2.121377
326,5.270313554,4.7439575
327,2.535272882,2.7857647
328,3.079143303,2.9722576
329,2.272750814,2.4127731
330,21.38247476,20.596008
331,2.120048735,2.2612495
332,2.327137856,2.4011192
333,2.555145071,2.8673553
334,2.336550998,2.48271
335,4.377110979,4.4409046
336,11.27066856,10.187271
337,2.279026242,2.471054
338,4.713892278,4.953765
339,1.038583322,1.0490332
340,20.30414706,19.278887
341,2.112727402,2.179656
342,3.758981328,3.706582
343,4.301805844,4.37097
344,11.80094222,12.4018955
345,4.031962443,4.1495056
346,7.825458625,7.9260244
347,8.458230941,8.905121
348,7.329699819,7.145076
349,4.083211771,4.487528
350,6.79524254,6.888646
351,2.651368299,2.5992699
352,5.679262274,6.0261106
353,3.888673505,3.7998285
354,1.334574339,1.293807
355,2.364790424,2.3311834
356,2.935854365,3.1004753
357,3.085418731,3.2286901
358,4.671010187,5.2917852
363,5.427199252,5.256819
364,3.970254068,3.9047327
365,5.168860802,5.4666243
366,1.345033386,1.3054628
368,3.473449358,3.473464
369,8.725982532,9.464605
370,17.17689214,16.714584
371,6.34131992,6.5622816
372,3.333298134,3.648303
373,5.416740206,5.373378
374,3.386639271,3.415184
375,1.12120979,1.1889038
376,1.312610341,1.3054628
377,2.181757109,2.1097212
378,2.584430401,2.48271
379,2.66496506,2.8440447
380,2.651368299,2.7507973
381,1.082511317,1.0723448
382,3.753751805,3.6716137
383,5.738878839,5.7580233
384,2.188032537,2.063097
385,2.173389872,2.1446877
386,2.263337672,2.179657
387,4.489022777,4.662366
388,3.243350334,3.3802156
389,2.262291768,2.2029676
390,3.673217147,3.8114853
391,0.562696704,0.5944519
392,2.447416891,2.3661509
393,3.039398926,2.9955702
394,2.500758029,2.482709
395,2.324000142,2.237936
396,4.366651932,4.3826256
397,3.264268427,2.9955702
398,2.116911021,1.9348812
399,1.418246711,1.4336786
400,3.063454733,2.7624512
401,2.396167563,2.412775
402,2.357469091,2.354495
403,2.830217995,2.5992699
404,2.395121659,2.4244308
405,3.28309471,3.007227
406,4.724351324,4.359312
407,6.423946388,6.305852
408,2.86054923,2.5409899
409,2.8312639,2.6109257
410,2.999654549,2.7274847
411,2.434866036,2.412775
412,0.722720116,0.7692909
413,1.337712053,1.235528
414,0.837769628,0.9208174
415,3.975483592,4.534151
416,3.458806692,3.8464527
417,1.585591456,1.5502377
418,3.519469162,3.356904
423,5.029755483,4.5108404
424,9.6850771,7.7511835
425,8.077521647,6.958584
426,4.144920146,2.948948
427,3.951427785,2.890667
428,6.025456714,6.6788406
429,6.55468447,6.7953997
430,5.118657379,4.4525595
431,16.70309733,15.700521
432,4.899017402,4.9654217
433,1.586637361,1.9348812
434,1.359676051,1.6901073
435,7.331791628,7.529723
436,6.234637645,6.422409
437,3.58640706,3.415183
438,3.216156813,2.9955702
439,3.667987623,3.7881737
440,1.989310653,1.8649473
441,4.500527728,4.662368
442,4.666826568,5.2218523
443,4.832079504,4.6157436
444,3.517377353,3.4618073
445,0.561650799,0.5944519
446,1.206973971,1.235527
447,1.596050503,1.6085167
448,3.716099237,3.834797
449,3.418016411,3.298627
450,4.380248693,4.6973352
451,1.395236809,1.3287745
452,2.262291768,2.3195276
453,1.083557222,1.1422796
454,0.848228675,0.8392267
455,1.260315109,1.2588396
456,3.11888768,3.0888186
457,1.305289009,1.1655922
458,3.462990311,3.6249905
459,4.787105604,4.067915
460,1.69436554,1.6318283
461,2.024871411,1.8766022
462,1.428705758,1.3520861
463,2.430682417,2.354497
464,2.565604117,2.3661509
465,2.780014572,2.6925163
466,2.99756274,3.1937218
467,2.850090183,2.774109
468,3.985942638,3.123786
469,1.366997383,1.3870535
470,3.684722098,2.4943657
471,7.854743955,8.019271
472,3.407557364,3.240345
473,3.79977161,3.7298927
474,10.67136519,10.338799
475,3.149218915,3.1937218
476,4.152241478,4.1611624
477,2.942129793,2.4943666
478,0.858687721,1.235527
479,0.789658014,1.3870544
480,3.418016411,3.648302
481,1.416154902,1.2238712
482,3.255901189,4.1495056
483,3.206743671,3.2053776
484,3.944106452,4.4991837
485,1.84706762,1.8766022
486,1.386869572,1.3404312
487,1.426613949,1.3870544
488,2.737132481,2.7274857
489,1.743523059,1.7367315
490,3.880306268,3.893076
491,2.547823738,2.7274837
492,4.928302732,5.3850336
493,2.04265179,1.9815063
494,14.98467598,14.896262
495,2.462059557,2.4477434
496,8.033593651,8.030928
497,4.694020089,4.5108404
498,5.581993141,5.431658
499,3.070776066,3.1354418
500,3.429521362,4.079571
501,1.488322323,1.8416357
502,4.587337815,3.0421944
503,4.543409819,4.6856794
504,4.585246005,4.2077866
505,2.710984864,3.1704092
506,4.017319778,3.543398
507,3.063454733,2.7857647
508,2.813483521,2.832388
509,2.774785048,2.7391415
510,3.070776066,3.4618073
511,4.002677113,3.8581085
512,2.70993896,3.2170343
513,7.62882855,6.527315
514,4.835217218,4.417593
515,2.959910172,3.6249905
516,2.580246783,2.5759583
517,4.401166786,4.4409046
518,3.795587991,3.7998295
519,1.557352031,1.8532906
520,11.19327161,12.669981
521,4.775600652,3.6949244
522,1.13480655,1.118967
523,1.489368228,1.5152693
524,1.460082898,1.5152693
525,0.920396096,1.2704954
527,4.039283776,4.231097
528,3.299829185,3.415184
529,3.881352173,3.9746675
530,2.277980337,2.3428402
531,3.374088415,3.4501524
532,4.005814827,4.2660666
533,5.588268569,5.0936365
534,12.54353452,12.425209
535,1.692273731,1.5852051
536,3.791404372,3.5433989
537,1.637886689,1.6318283
538,0.832540105,0.9907532
539,18.21024594,17.565466
540,4.256831944,5.699744
541,2.331321475,2.2729034
542,4.798610555,4.3942823
543,2.144104542,2.1913128
544,2.291577098,2.1680012
545,2.357469091,2.3428383
547,2.982920075,2.9606037
548,3.516331448,3.531744
549,3.676354861,3.8114834
550,1.699595064,1.7483883
551,3.020572642,2.9955711
552,0.840907342,0.87419415
553,1.359676051,1.3171186
554,0.977920852,1.0257206
555,3.824873321,3.5667114
556,1.571994696,1.5385809
557,0.922487905,0.9907532
558,3.594774297,3.648302
559,6.974092236,5.7463675
560,1.390007286,1.3404312
561,1.311564437,1.235527
562,1.327253007,1.2355261
563,8.793966335,8.800219
564,2.580246783,2.715828
565,3.972345878,5.5015936
566,1.231029778,1.2238722
567,1.853343048,2.0864096
568,5.982574624,6.6322184
569,2.902385416,2.3778076
570,2.793611332,2.8090763
574,5.726327983,6.5040016
575,4.005814827,5.8745823
576,3.922142454,4.0329466
577,1.309472627,1.3520861
578,2.248695007,2.0164738
579,1.28541682,1.2471838
580,1.31679396,1.2588387
581,1.324115293,1.2821512
582,1.386869572,1.3171177
583,1.365951479,1.2938061
584,3.566534872,3.5667114
586,3.58640706,3.648302
587,5.382225352,5.53656
588,1.547938889,1.5269251
589,1.634748975,1.6201735
590,2.706801246,3.3102808
591,5.171998516,3.9746675
594,4.403258595,4.312689
595,4.258923753,4.639056
598,4.128185671,4.2194414
600,3.86043408,4.767271
602,4.125047957,4.778925
604,1.416154902,1.352087
606,10.19234086,9.126582
607,4.041375585,4.126194
608,6.416625055,6.352475
609,2.776876858,2.6925154
610,2.284255765,2.237936
611,2.811391711,2.7274847
612,8.596290355,7.3898516
614,3.077051493,3.0421944
615,5.50773391,4.7323017
617,2.046835409,2.2262793
618,2.667056869,2.704173
622,4.992102916,4.8721743
623,3.39082289,3.415184
625,2.01336646,2.0514412
638,7.093325367,7.063487
639,5.864387398,6.3874426
640,2.661827346,3.1121302
641,8.739579293,8.602068
642,3.514239639,3.3102818
643,2.929578937,3.0538502
644,1.076235889,0.9674406
645,2.261245863,2.471055
646,1.597096407,1.5502367
647,4.102038055,4.056259
648,4.437773449,4.5691204
649,3.230799478,3.065507
650,3.982804924,4.2194424
651,4.936669969,4.8605175
652,3.450439455,3.4967756
653,2.378387184,2.2495918
654,4.866594357,5.012044
655,2.340734617,2.6342373
656,5.483678103,5.548218
657,4.941899492,4.4409065
658,1.983035225,2.004816
659,1.069960462,1.0840006
660,6.300529639,6.177637
661,3.895994838,3.893076
662,4.149103764,3.7648602
663,2.78629,3.123786
664,3.162815675,3.4035282
665,3.028939879,3.182066
666,3.126209012,2.7041721
667,3.169091103,3.182066
668,2.866824658,2.9023228
669,2.37524947,2.3078718
670,4.097854436,4.4991837
671,4.027778824,4.0912275
672,3.862525889,3.893076
673,3.696227049,3.893077
674,3.022664451,3.2636585
675,3.529928209,3.3452482
676,3.146081201,3.1587543
677,1.318885769,1.2821512
678,3.461944406,3.2170334
679,5.530743813,5.3966904
680,1.3481711,1.3404303
681,2.570833641,2.7274857
682,4.200353092,4.417592
683,1.335620244,1.293807
684,7.690536924,7.6929064
685,4.967001204,4.883829
686,3.828011035,3.8464518
687,2.912844463,3.0538511
688,4.063339583,4.545807
689,1.40883357,1.3287745
690,1.456945184,1.410367
691,1.460082898,1.4220219
692,1.833470859,2.063097
693,2.500758029,2.5759583
694,6.104945468,6.014453
695,2.289485289,2.3428411
696,3.273681569,3.2170343
697,0.850320484,0.885849
698,1.133760645,1.0140648
699,0.933992856,0.9324722
700,2.30099024,2.6692038
701,2.851136088,2.9722576
702,4.575832863,4.8605185
703,1.341895672,1.2005596
704,4.37292736,4.5691195
705,1.644162117,1.771699
706,2.468334985,2.412774
707,3.597912011,3.3918724
708,4.756774369,4.5224953
709,4.575832863,5.2684746
710,6.737717784,7.9843054
712,0.852412293,0.885849
714,3.199422338,2.8557005
715,3.95038188,3.8231401
716,2.821850758,2.8673553
717,3.382455653,3.7765179
718,3.849975033,4.2077856
720,3.72342057,3.9047318
721,4.052880536,4.0912275
722,5.720052555,5.116947
723,19.68183379,19.278889
724,27.06487474,26.598804
725,9.153757536,9.126583
726,4.860318929,5.2917843
727,3.213019099,3.6133356
728,1.792680578,1.771699
729,3.676354861,3.764862
730,4.659505236,5.3384104
731,3.192101005,3.2753124
732,4.984781583,4.953765
733,3.243350334,3.1587543
734,7.041030134,6.8769913
735,1.734109917,1.7017632
736,5.743062458,6.0960445
737,8.478103129,8.135831
738,1.046950559,1.0490322
739,0.718536498,0.74597836
740,4.158516906,4.0795717
741,2.382570803,2.6925163
756,1.460082898,1.3987112
757,2.412902038,2.3428392
758,1.90563828,1.8416348
759,1.364905574,1.3287745
760,1.366997383,1.4103651
761,1.527020796,1.4336777
762,1.405695856,1.3637409
763,1.471587849,1.4453335
764,1.77071658,1.7017641
765,4.878099308,4.9187965
766,5.00883739,4.8138933
767,1.622198119,1.5502386
768,1.98408113,1.8999157
769,5.483678103,5.524905
770,1.879490664,1.8532906
771,4.880191118,5.3384104
772,2.176527586,3.6366472
773,2.611623922,2.599269
774,4.094716722,4.825548
775,4.385478216,5.012045
776,4.502619538,5.1052904
777,2.198491584,2.179657
778,3.268452045,3.2170334
779,21.9995585,20.864092
780,2.442187368,2.7507963
781,23.02559097,21.866503
782,2.895064084,3.1937218
783,21.97236498,20.945683
784,3.340619466,3.6832705
785,6.719937405,6.608904
790,3.089602349,2.9372911
791,2.657643727,2.715828
792,2.053110837,2.1330338
793,1.629519452,1.5968609
794,2.309357477,2.4477434
795,1.370135097,1.3287745
796,1.337712053,1.3753986
797,1.399420428,1.3287745
798,1.436027091,1.3404303
799,6.662412649,6.7487764
800,0.889018956,0.9907532
820,3.980713115,3.5200872
821,3.98175902,3.5200872
830,4.414763547,4.3942804
831,5.064270337,5.2684755
832,4.360376505,4.0912275
833,4.706570945,4.534151
835,8.114128309,7.541376
836,3.252763475,3.112131
837,3.37513432,3.2286901
838,1.325161197,1.3054628
839,20.10333336,18.521255
840,5.972115577,6.0843897
848,4.727489038,5.070325
851,3.563397158,3.7648602
852,1.33039072,1.2122154
853,4.326907556,4.4991837
862,6.785829398,6.772087
864,3.893903029,3.893076
865,23.33622465,23.067059
866,5.846607019,5.827959
867,2.291577098,2.1097221
870,2.165022635,2.3428383
871,3.018480833,2.9606037
872,1.843929906,1.9115696
873,2.351193663,1.5618925
874,6.244050787,5.606497
875,4.955496253,4.0329475
876,3.727604189,3.0421944
877,3.890765315,3.5084305
878,6.366421632,5.3966894
879,7.812907769,8.427228
880,0.877514005,1.1073122
881,1.047996464,2.1330328
882,2.616853446,2.48271
883,2.645092871,2.5526447
884,5.352940022,6.1077013
885,7.395591812,6.3175087
886,0.880651719,0.9907532
887,7.274266872,7.704561
888,3.401281936,3.9280453
889,2.509125266,3.1004734
891,1.878444759,2.063098
892,2.43800375,2.6342373
893,1.397328618,1.4803009
894,2.226731009,2.645893
896,3.783037135,3.1004744
897,3.014297214,3.3685598
898,6.697973407,6.6205616
899,4.168975953,4.895485
902,0.889018956,0.9907532
908,3.398144222,3.4501514
909,0.948635522,0.9208174
910,4.25160242,4.231098
911,4.792335127,4.650712
912,5.569442285,3.5433998
913,3.101107301,3.3918715
915,3.703548382,2.9955702
916,5.302736598,5.000388
917,5.311103835,4.883829
918,13.22023483,12.82151
919,1.871123427,2.3078728
920,6.313080494,4.650712
921,4.855089406,3.893076
922,0.860779531,0.94412994
923,1.753982106,1.8999157
924,5.272405363,5.350066
925,2.197445679,2.237936
926,4.724351324,4.5108404
927,11.96410334,10.641854
928,1.525974891,1.3171186
929,3.628243246,3.8114853
930,1.774900199,2.0164738
931,0.914120668,1.002409
933,1.387915476,1.6901083
934,1.911913708,2.237936
935,1.939107229,2.0281286
936,0.806392489,0.90916157
937,2.070891216,2.2029676
945,3.646023626,3.706582
949,1.833470859,1.8649483
950,6.387339725,6.550626
951,1.552122507,1.5502377
952,4.902155116,5.058669
953,6.77955397,6.550625
955,5.425107443,5.420001
956,0.989425803,0.944129
957,1.746660773,2.0514412
958,2.010228746,2.0164738
959,1.872169332,1.8999157
960,2.937946174,3.0188808
961,2.327137856,2.179656
962,0.969553615,1.0140638
963,1.245672443,1.2238722
964,1.049042368,1.0723438
965,4.984781583,5.0353565
966,1.518653558,1.5968609
967,2.892972274,2.7857647
970,4.229638423,4.778926
972,3.434750885,2.9606028
973,3.685768002,3.3918724
974,4.572695149,3.6016788
976,1.07414408,1.0840006
977,6.626851891,6.6788406
978,1.965254846,2.2146244
980,6.397798771,6.4457216
982,16.05777416,16.411531
983,4.044513299,4.126196
984,12.7182006,12.64667
985,4.135507004,3.776516
986,11.90657859,11.294585
987,3.744338663,3.8114853
988,18.46963029,18.789337
989,4.916797781,4.534152
990,4.501573633,5.186884
991,3.658574481,4.405937
992,5.146896805,4.9654207
993,3.621967818,4.312689
994,13.7076264,12.681638
995,5.668803227,5.2218513
996,2.838585232,3.1121302
997,3.424291839,3.0888176
998,3.021618547,2.9839144
999,3.538295446,2.948947
1000,2.941083888,2.9606028
1001,2.655551918,3.007227
1002,2.522722027,2.6109266
1003,4.027778824,4.0912275
1004,5.87380054,5.6880875
1005,2.942129793,3.123787
1006,4.63126581,4.534151
1007,2.927487128,3.0421944
1008,6.102853659,7.2849474
1009,0.980012661,0.96744156
1011,6.155148892,7.0518303
1012,4.815345029,5.4549694
1013,3.601049725,4.5108395
1015,1.020802943,1.0024099
1016,5.113427856,4.0212917
1017,0.941314189,0.85088253
1018,3.473449358,4.0912266
1019,10.36177741,12.203746
1020,4.741085799,4.172821
1021,13.66056069,14.499961
1022,7.625690836,7.716219
1023,6.87159358,6.900301
1024,7.546202082,7.6346245
1025,7.851606241,7.9959593
1026,4.113543006,4.07957
1027,3.786174849,3.834796
1028,1.411971284,1.3287745
1029,7.316103058,8.089206
1031,0.68088393,0.6993542
1032,1.625335833,1.6085167
1033,1.591866884,1.6085167
1034,1.284370916,1.2588387
1035,2.882513228,2.657549
1036,5.049627672,4.883828
1037,1.589775075,1.6318283
1038,1.871123427,2.0164738
1039,3.279956996,3.3102808
1040,3.462990311,3.7532043
1041,1.416154902,1.3870535
1042,8.509480269,7.2616386
1043,7.164446883,6.1659803
1044,2.24032777,2.237936
1045,2.056248551,2.0281286
1046,1.334574339,1.2821512
1047,1.465312421,1.4336777
1048,2.586522211,2.5526466
1049,9.396407416,9.627788
1050,4.549685247,4.82555
1051,6.989780806,6.9119596
1052,10.53644349,10.770066
1053,10.43080712,10.676821
1054,9.130747634,9.39467
1055,13.05184418,13.380992
1056,16.45417202,16.912735
1057,16.5828183,16.120132
1058,15.53168412,15.350844
1059,2.356423187,2.354495
1060,0.720628307,0.78094673
1061,2.447416891,2.4593992
1063,19.70902731,18.171577
1064,22.67625881,20.141426
1065,2.275888528,2.2262802
1066,23.80478994,23.917942
1067,13.47438966,12.378586
1068,24.48358206,24.60564
1069,22.5842192,22.122929
1070,22.99212202,22.356049
1071,11.26439313,9.884217
1072,17.43941421,16.714584
1073,10.53539758,9.849249
1074,14.06950941,12.728263
1075,1.363859669,1.2704945
1076,1.495643656,1.5385809
1083,5.466943629,5.478282
1084,3.274727473,3.5667105
1085,8.890189563,8.299014
1086,4.059155964,3.99798
1087,4.128185671,4.0912266
1088,11.34074417,10.793381
1089,14.48787127,14.068691
1090,24.02652172,23.708136
1091,4.785013794,4.1495047
1092,10.79164422,10.02409
1093,15.90611799,14.849638
1094,4.244281088,3.7532043
1095,17.27102356,16.318285
1096,4.460783351,4.475872
1097,6.444864481,6.061076
1098,3.11679587,3.182064
1099,11.02069734,10.7351
1100,10.4946073,8.963402
1101,8.547132836,7.5180664
1102,4.069615011,4.359314
1103,5.120749188,4.708989
1104,3.534111827,3.4618063
1105,3.849975033,3.0888186
1106,3.346894894,3.0421944
1107,3.96397864,3.3102808
1108,2.718306197,2.9139805
1109,5.394776208,5.606498
1110,5.356077736,5.5249043
1111,8.128770975,8.13583
1112,5.368628591,5.6181517
1113,15.24928986,14.651486
1114,3.145035296,3.7998295
1115,3.553984016,3.9863224
1118,5.37281221,5.2801304
1119,3.428475457,3.3335934
1121,5.877984158,5.886237
1122,2.125278258,2.3428392
1127,14.71169487,14.87295
1128,3.953519594,3.8581085
1129,4.110405292,4.3476562
1130,15.75759952,15.968608
1131,2.014412365,2.2612476
1132,2.015458269,2.2612476
1136,5.85811197,6.5040016
1137,6.230454027,6.7953997
1138,5.962702435,6.550625
1139,6.001400907,6.6322165
1140,2.331321475,2.5643015
1141,17.81071036,17.96177
1142,27.06487474,27.216568
1143,4.149103764,3.9397001
1144,3.753751805,3.659958
1145,6.025456714,6.189291
1146,3.14817301,3.182065
1147,4.925165018,5.3966913
1148,4.896925592,4.650709
1149,4.179434999,3.7298927
1150,3.897040743,3.3219357
1151,3.464036216,3.1004744
1152,1.641024403,1.7134199
1153,1.558397935,1.7600441
1154,2.885650942,2.774108
1155,3.313425945,3.3452492
1156,2.170252158,2.3778076
1157,3.580131632,3.4384966
1158,3.513193734,3.356905
1159,5.253579079,5.2218523
1160,2.641955157,2.657548
1161,2.012320555,2.1097202
1162,2.162930825,2.004818
1163,3.037307117,2.9023247
1164,1.793726482,1.6318293
1165,1.717375443,1.5968609
1166,3.297737376,4.079571
1167,3.085418731,3.8464527
1168,1.844975811,1.7833548
1169,1.540617556,1.4336777
1170,5.846607019,5.1402597
1171,2.999654549,3.7415504
1172,5.608140757,5.361724
1173,8.062878981,8.2174225
1174,3.22452405,4.0212917
1176,3.050903877,3.8464527
1177,2.410810229,2.354495
1178,1.819874099,1.7017632
1179,5.295415266,4.7323027
1180,3.077051493,3.7182379
1181,1.736201726,1.6201725
1182,1.871123427,1.7716999
1183,5.687629511,5.478281
1184,1.843929906,1.7483873
1185,1.742477154,1.5968609
1186,5.719006651,5.315098
1187,2.412902038,2.3894634
1188,1.643116212,1.468646
1189,1.358630146,1.2821503
1190,11.6618369,10.525293
1196,8.382925806,8.508821
1197,10.6284831,10.397078
1198,3.54143316,3.4618073
1199,1.589775075,2.0747547
1201,24.45011311,24.477428
1202,23.72320937,23.743107
1203,3.848929128,3.6249905
1204,2.032192744,2.1680002
1205,2.083442072,2.179657
1206,2.277980337,2.2029696
1207,2.009182841,1.9348822
1208,2.537364692,2.4593983
1209,2.680653629,2.6808615
1210,13.07276228,13.031316
1211,13.00896209,13.008003
1212,5.457530487,4.9770765
1214,17.98537644,17.612091
1215,2.495528506,2.3661528
1216,6.665550363,6.0261087
1217,1.231029778,1.2122154
1218,2.651368299,2.6342373
1219,5.960610626,6.131011
1220,6.37269706,6.317507
1221,3.830102845,3.8114843
1222,2.528997455,2.6692057
1223,5.466943629,5.5715294
1224,3.659620386,3.7648602
1225,3.072867875,3.0421953
1226,2.999654549,2.9839153
1227,3.050903877,3.065506
1228,2.93480846,2.9722576
1229,2.862641039,2.8673553
1230,2.919119891,2.9606037
1231,2.901339512,2.948948
1232,2.022779602,2.0864086
1233,1.941199039,2.004818
1234,1.915051422,1.9581966
1235,1.931785897,1.946537
1236,1.882628378,1.9581928
1237,6.368513441,7.960991
1238,11.32087198,10.280518
1239,5.761888742,5.8046465
1241,7.29623087,7.529723
1242,8.739579293,8.893467
1243,2.471472699,2.4593992
1244,8.322263336,8.427229
1245,2.349101854,2.6925173
1246,4.845676264,3.9163876
1247,8.20407611,8.415571
1249,2.51226298,2.3078709
1250,4.428360307,5.000389
1251,4.877053404,5.0936346
1252,6.501343332,6.585594
1253,9.139114871,8.5671
1254,6.322493636,6.247572
1255,4.542363914,5.245163
1256,3.171182912,3.240345
1257,3.008021786,3.1121302
1258,2.914936272,2.9955711
1259,7.207328974,7.249981
1260,5.694950844,5.7347116
1261,1.291692248,1.2588396
1262,1.319931674,1.2704964
1263,4.167930048,4.301034
1264,4.246372897,4.242754
1265,4.295530416,4.534153
1266,3.665895814,4.1611633
1267,3.791404372,3.9163885
1268,4.003723017,3.9630108
1269,5.034985007,4.9770765
1270,4.325861651,3.834797
1271,5.601865329,4.545808
1272,7.231384781,8.240734
1273,5.544340573,5.2801304
1274,15.68229439,15.420782
1275,12.0896119,12.296995
1277,2.309357477,2.2729044
1278,2.049973123,2.0980644
1282,1.721559061,1.7017632
1283,0.921442001,1.293808
1284,0.796979347,1.1539364
1285,1.016619324,1.5152693
1286,0.8764681,1.2471838
1287,4.553868866,5.3267546
1288,3.779899421,5.000388
1289,6.383156106,6.5156584
1290,2.229868723,2.6225805
1291,1.104475315,1.0140648
1292,1.075189985,1.0373764
1293,1.229983874,1.3171186
1294,1.039629227,1.3171186
1295,6.925980622,7.9843035
1296,3.779899421,5.664777
1297,6.821390157,7.949336
1298,3.780945326,5.7347107
1400,1.36176786,1.2821503
1401,0.462289857,0.4545803
1402,2.896109988,2.9256344
1403,3.643931816,3.9746675
1404,4.57060334,4.70899
1405,6.854859105,6.783744
1406,3.33016042,3.3802156
1407,1.329344816,1.2821512
1408,2.963047886,2.9722586
1409,3.479724785,3.8697653
1410,3.462990311,3.881421
1412,2.078212548,1.9348812
1413,3.322839087,3.2170334
1414,7.009652994,7.24998
1415,1.522837177,1.5036135
1417,2.57292545,2.5060215
1418,0.873330386,0.88584995
1419,1.449623851,1.3637428
1420,2.556190976,2.6225815
1422,2.401397087,2.2495928
1423,5.109244237,5.128603
1425,1.335620244,1.2704954
1428,1.182918164,1.2821512
1430,1.16409188,1.1889038
1433,6.585015705,6.667183
1434,7.243935637,7.2732935
1435,2.931670747,2.9839153
1436,5.347710498,5.361723
1437,7.760612536,6.7487755
1438,3.172228817,3.2286901
1439,10.83348041,10.805036
1440,1.507148607,1.4103651
1441,2.440095559,2.48271
1444,1.437072995,1.3637419
1447,1.929694088,1.9581957
1448,3.872984936,3.8464527
1449,5.042306339,6.946924
1450,5.344572784,5.175227
1451,0.908891145,1.2588387
1453,5.099831095,3.7182379
1454,2.476702222,6.1659794
1455,6.741901403,2.948948
1456,6.777462161,3.648302
1457,2.189078442,3.3452482
1458,12.48287205,11.6908865
1459,3.939922833,4.0795727
1460,10.02081249,9.686066
1461,5.314241549,5.1635714
1462,6.454277623,6.364132
1463,3.831148749,3.776517
1468,2.108543783,2.179656
1469,2.443233273,2.48271
1470,4.900063306,4.7905817
1475,2.8312639,2.7974205
1476,3.289370138,3.2053766
1477,12.09379552,12.250371
1478,3.427429553,3.473464
1479,7.47612647,7.7395296
1480,5.648931039,4.94211
1481,11.08554343,10.245552
1482,14.63952745,13.92882
1485,2.79988676,4.475872
1486,4.851951692,6.888647
1487,4.380248693,6.0377655
1488,6.231499931,8.33398
1490,3.984896734,5.7929916
1491,2.978736456,4.3826246
1492,2.166068539,2.5526457
1493,1.42243033,2.2029686
1494,4.964909395,5.6181517
1495,2.972461028,4.5574627
1496,2.037422267,2.354495
1497,1.470541944,2.3428392
1498,1.322023483,1.2588396
1499,1.689136017,1.7833557
1500,3.760027233,3.9047327
1501,4.034054252,4.114539
1502,3.96397864,4.0795717
1503,3.925280168,4.009635
1504,4.14805786,4.231098
1505,4.172113667,4.19613
1506,4.079028152,4.184474
1507,4.14596605,4.242754
1508,4.328999365,4.429248
1509,4.443002972,4.4991846
1510,3.946198261,4.067915
1517,3.304012804,3.240344
1518,6.244050787,7.483098
1519,1.415108998,1.7600431
1520,5.356077736,6.7371197
1521,1.363859669,2.9606028
1522,3.885535791,4.5807753
1523,2.286347575,2.890668
1524,3.683676193,5.3850336
1525,0.971645424,2.2262802
1526,3.487046118,2.9256353
1527,1.783267436,2.121377
1528,3.192101005,2.774109
1529,11.31773427,11.5160475
1530,2.439049654,2.5409899
1531,10.22894752,10.315486
1532,2.929578937,2.9606028
1533,1.566765172,1.4919567
1534,2.107497879,1.9698496
1535,1.343987481,1.2938061
1536,1.335620244,1.2821512
1537,2.77060143,2.6692047
1538,0.839861438,0.9674406
1539,1.946428562,1.7833548
1540,10.92970364,10.606886
1541,16.03894788,16.458155
1542,4.769325224,4.88383
1543,2.479839936,2.4244318
1544,3.25380938,3.1704092
1545,3.477632976,3.8697643
1546,10.35550198,10.000776
1547,3.856250461,4.475873
1548,4.20872033,3.9047318
1549,12.91692248,12.809855
1550,2.985011884,3.0888186
1551,3.789312563,3.659958
1552,2.461013652,2.471054
1553,4.380248693,4.0795717
1554,3.088556445,2.9023228
1555,5.303782503,5.897895
1556,2.399305277,2.3661509
1557,3.45148536,3.590022
1558,12.00593953,12.296994
1559,3.661712195,3.5550556
1560,4.382340502,4.4409037
1561,3.943060547,3.8464527
1562,1.894133329,1.7950125
1563,7.125748411,7.7628403
1564,4.864502548,4.534152
1565,1.444394328,1.3753986
1566,1.497735465,1.4103651
1567,4.4942523,4.6390553
1568,6.250326215,6.30585
1569,5.133300044,5.0470123
1570,1.797910101,1.6901073
1571,3.052995686,3.0538502
1572,3.592682488,3.5200872
1573,4.036146062,4.172818
1574,1.901454662,1.9348831
1575,5.22220194,5.431657
1576,6.330860874,6.3291636
1577,1.410925379,1.3287745
1578,3.646023626,3.99798
1579,3.638702293,3.6133347
1580,2.237190056,2.1563454
1581,3.840561891,3.6716146
1582,1.589775075,1.5852051
1583,12.96398819,12.798198
1584,2.533181073,2.3778067
1585,3.482862499,3.4384956
1586,10.54167301,10.152304
1587,2.475656317,2.4943666
1588,4.587337815,5.0819798
1589,5.683445892,4.895486
1590,3.891811219,4.079571
1591,5.038122721,5.256819
1592,1.622198119,1.526926
1593,2.166068539,2.0747538
1594,2.456830033,2.4593992
1595,2.727719339,2.7974205
1596,1.34607929,1.293807
1597,2.024871411,1.9581947
1598,1.474725563,1.3987103
1599,2.250786816,2.179657
1600,1.669263829,1.6434841
1601,3.34584899,3.7415504
1602,3.381409748,3.5433989
1603,3.576993918,3.3918724
1604,13.13970017,13.800608
1605,3.199422338,3.0538492
1606,3.563397158,3.8814201
1607,2.033238648,1.9348812
1608,1.419292616,1.3404303
1610,5.115519665,5.012045
1611,2.174435777,2.063096
1612,4.486930968,4.5807753
1613,1.991402462,1.8882589
1614,2.676470011,2.587613
1615,2.33027557,2.2845602
1616,3.456714883,3.3335915
1618,2.897155893,2.7624521
1619,3.398144222,3.1704092
1620,2.066707597,2.0397863
1621,3.313425945,3.3102798
1622,3.115749966,2.9955702
1623,3.425337743,3.8114862
1624,3.405465555,3.7298946
1625,3.337481752,3.1704092
1626,4.700295517,4.8138943
1627,3.560259444,3.893075
1628,4.663688854,4.6856775
1629,4.639633047,4.708991
1630,3.365721178,3.4035273
1631,4.52562944,4.6390543
1632,3.362583464,3.3685608
1633,3.333298134,3.1704092
1634,3.603141535,3.415184
1635,2.922257605,3.1470976
1636,2.282163956,2.3078709
1637,2.531089264,2.4593992
1638,1.334574339,1.352087
1639,1.627427642,1.5502367
1640,2.671240488,2.2262802
1641,1.153632834,1.0257215
1642,4.368743742,4.301033
1643,3.232891287,2.529334
1644,1.299013581,1.3987093
1645,1.431843472,1.4686451
1646,1.481000991,1.4103651
1647,6.908200243,6.189293
1648,6.043237094,6.8070564
1649,3.045674354,3.2286892
1650,3.443118123,3.7415495
1651,2.039514076,2.1913118
1652,2.526905645,2.645894
1653,3.095877777,4.0329466
1654,5.668803227,2.8673553
1655,3.319701373,4.242754
1656,15.50030698,14.84964
1657,13.36038606,12.320303
1658,3.244396238,3.3802166
1659,2.873100086,2.879012
1660,2.404534801,2.774108
1661,4.376065074,4.76727
1662,4.516216298,4.6273994
1663,3.198376433,4.347658
1664,5.348756403,6.235916
1665,5.202329751,6.247571
1666,5.346664594,5.1635723
1667,5.716914841,5.6298084
1668,5.975253291,6.2242603
1669,3.047766163,2.9256344
1670,3.072867875,3.1004725
1671,2.25601634,2.2146244
1672,2.682745439,2.8556986
1673,2.88983456,3.543398
1674,3.156540247,3.007227
1675,4.023595206,1.6085176
1676,3.708777905,3.5084305
1677,2.283209861,2.3661509
1678,3.287278329,3.2053766
1679,2.884605037,2.820732
1680,3.419062315,3.298625
1681,2.279026242,2.3195276
1682,2.963047886,3.5084305
1683,5.81313807,5.536561
1684,2.489253078,2.4477425
1685,2.168160349,2.2729044
1686,3.353170322,3.298625
1687,0.928763333,1.0140648
1688,6.770140828,6.7604313
1689,1.255085585,1.2938061
1690,7.084958129,7.5763454
1691,0.769785826,0.76929
1692,0.8764681,0.9674406
1693,4.124002053,4.13785
1694,0.822081058,0.8625374
1695,14.10820788,14.1153145
1696,3.520515067,3.4035282
1697,0.920396096,1.002409
1698,1.538525747,3.2170334
1699,3.363629369,4.650711
1700,0.887973052,0.9907532
1701,0.858687721,0.9208174
1702,0.874376291,0.9674406
1703,0.853458198,0.9557848
1704,0.785474396,0.7459793
1705,10.07101592,10.606885
1706,2.30099024,2.3195276
1707,1.206973971,1.5152683
1708,0.961186377,0.9557848
1709,14.95852837,15.001166
1710,8.377696282,8.543788
1711,0.822081058,0.82756996
1712,3.029985784,5.9328613
1713,0.945497808,1.0257206
1714,2.101222451,1.9232254
1715,3.973391782,3.764862
1716,5.427199252,5.536561
1717,2.577109069,2.5176783
1718,5.91668263,6.177635
1719,2.544686024,2.4827108
1720,3.206743671,3.1587534
1721,3.215110908,3.1704092
1722,4.065431392,4.0912275
1723,2.282163956,2.3894634
1724,3.781991231,3.7881727
1725,2.590705829,2.5060225
1726,2.751775146,2.6692057
1727,3.20883548,3.2053757
1728,2.579200878,2.5060225
1729,2.1796653,2.3428402
1730,2.72353572,3.531743
1731,3.137713963,3.706582
1732,2.790473618,2.9023237
1733,3.049857972,2.9722586
1734,3.942014643,3.9630117
1735,4.165838239,4.4525623
1736,3.368858892,3.648302
1737,2.305173858,2.5759573
1738,3.533065923,3.6483011
1739,1.305289009,1.235527
1740,1.917143232,3.170411
1741,3.165953389,3.112131
1742,6.200122792,6.0377645
1743,6.4490481,6.5739384
1744,1.299013581,1.293807
1745,1.345033386,1.4220219
1746,3.591636583,3.9630127
1747,4.688790566,4.7323027
1748,3.569672586,3.951357
1749,2.99756274,2.2262802
1750,3.597912011,3.659958
1751,3.924234264,3.9280443
1752,2.252878626,3.0538492
1753,1.109704838,1.0373764
1754,2.289485289,2.1680012
1755,1.018711133,1.002409
1756,3.550846302,4.2777224
1757,3.688905716,3.0421944
1758,9.618139203,10.175616
1759,3.5278364,3.9047327
1760,3.310288231,3.8114834
1761,5.04021453,5.1635704
1762,13.58107194,14.313466
1763,10.15364239,10.548607
1764,2.315632905,2.412775
1765,1.398374523,1.2122154
1766,2.972461028,4.417592
1767,3.275773378,4.359313
1768,4.485885063,5.489937
1769,4.129231576,3.1587543
1770,4.576878768,4.126195
1771,4.072752725,3.9280443
1772,5.971069672,5.5132504
1773,3.407557364,3.4967747
1774,1.372226907,1.3171186
1775,0.565834418,0.5944519
1776,2.776876858,2.7391405
1777,2.110635593,2.1330338
1778,12.52889186,12.891443
1779,4.064385487,5.233507
1780,4.798610555,4.6274004
1781,0.835677819,0.90916157
1782,9.498906072,10.070711
1783,9.561660351,10.350453
1784,3.795587991,4.07957
1785,4.336320697,4.3126907
1786,3.079143303,2.7974205
1787,3.58849887,3.356904
1788,4.801748269,4.7905827
1789,3.5728103,3.1354427
1790,4.468104684,4.545808
1791,1.272865965,1.2471828
1792,3.221386336,3.415185
1793,1.032307894,0.9790983
1794,1.212203495,1.177248
1796,19.71216502,15.152691
1797,3.318655469,3.4618073
1798,0.803254775,0.88584995
1799,1.403604046,1.3287745
1800,13.49949138,14.138627
1801,9.322148185,9.534538
1802,2.418131561,2.4360876
1803,4.395937263,4.487529
1804,1.300059486,1.2588396
1805,1.45171566,1.468646
1806,0.955956854,0.9324732
1807,2.067753502,2.1446896
1808,3.483908404,3.4967747
1809,2.10331426,2.0747528
1810,2.823942567,2.762453
1811,1.397328618,1.410366
1812,9.734234619,9.79097
1813,3.014297214,3.0888166
1814,3.695181144,3.7415495
1815,2.319816524,2.3195267
1816,1.738293536,1.7134199
1817,2.933762556,3.007227
1818,2.659735536,2.7857647
1819,2.282163956,2.179657
1820,1.5280667,1.5152693
1821,1.457991088,1.5152702
1822,3.324930897,3.2753115
1823,3.400236032,3.3918705
1824,4.356192886,4.347657
1825,1.527020796,1.5036144
1826,2.81557533,2.8790102
1827,2.046835409,2.0164738
1828,2.920165795,2.890668
1829,1.808369148,1.8183222
1830,2.081350262,2.0281305
1831,0.716444688,0.74597836
1832,1.308426723,1.2588396
1833,2.080304358,1.946538
1834,2.33027557,2.2729044
1835,0.754097256,0.86253834
1836,1.386869572,1.293807
1837,1.701686873,1.8183231
1838,0.806392489,0.88584995
1839,4.22231709,3.8697653
1840,0.830448296,0.89750576
1841,2.315632905,2.2262821
1842,2.115865116,2.0747538
1843,0.909937049,0.94412994
1900,12.47555072,12.798199
1901,4.692974185,4.708992
1902,2.305173858,2.354495
1903,5.674032751,5.9911413
1904,5.68972132,5.886238
1905,0.919350191,0.023311615
1908,9.306459616,9.45295
2059,5.903086,5.7929897
2062,6.923889,7.121766
2063,6.195939,6.142668
2064,6.464737,6.5739374
2067,9.840917,9.522885
