Reaction_ID,Conformer_Index,Conformer_XYZ_Path,Boltzmann_Weight,vbur,percent_vbur,near_vbur,far_vbur,qvbur_min,qvbur_max,max_delta_qvbur,ovbur_min,ovbur_max
SIG-NIHDA-401,0,conformers/SIG-NIHDA-401_9d42bff1/conf_000.xyz,0.2627187206,48.75670377,27.14823468,48.75670377,0,10.85165939,15.05944568,4.207786292,0,15.05944568
SIG-NIHDA-401,1,conformers/SIG-NIHDA-401_9d42bff1/conf_001.xyz,0.2582886629,48.75670377,27.14823468,48.75670377,0,10.85165939,15.05944568,4.207786292,0,15.05944568
SIG-NIHDA-401,2,conformers/SIG-NIHDA-401_9d42bff1/conf_002.xyz,0.2582886588,48.75670377,27.14823468,48.75670377,0,10.85165939,15.05944568,4.207786292,0,15.05944568
SIG-NIHDA-401,3,conformers/SIG-NIHDA-401_9d42bff1/conf_003.xyz,0.0796390725,50.67993019,28.21910696,50.67993019,0,10.53694961,17.35566147,6.818711859,0,17.35566147
SIG-NIHDA-401,4,conformers/SIG-NIHDA-401_9d42bff1/conf_004.xyz,0.070532443,50.67993019,28.21910696,50.67993019,0,10.53694961,17.35566147,6.818711859,0,17.35566147
SIG-NIHDA-401,5,conformers/SIG-NIHDA-401_9d42bff1/conf_005.xyz,0.0705324422,50.67993019,28.21910696,50.67993019,0,10.53694961,17.35566147,6.818711859,0,17.35566147
SIG-NIHDA-498,0,conformers/SIG-NIHDA-498_7d70a0ce/conf_000.xyz,0.1111111215,58.51270689,32.58047767,57.32380328,1.188903606,10.88662714,20.16473763,9.138239482,0,18.91755444
SIG-NIHDA-498,1,conformers/SIG-NIHDA-498_7d70a0ce/conf_001.xyz,0.1111111213,58.51270689,32.58047767,57.32380328,1.188903606,10.88662714,20.16473763,9.138239482,0,18.91755444
SIG-NIHDA-498,2,conformers/SIG-NIHDA-498_7d70a0ce/conf_002.xyz,0.1111111209,58.54767464,32.59994808,57.31214737,1.235527277,10.88662714,20.16473763,9.138239482,0,18.91755444
SIG-NIHDA-498,3,conformers/SIG-NIHDA-498_7d70a0ce/conf_003.xyz,0.1111111175,58.51270689,32.58047767,57.32380328,1.188903606,10.88662714,20.16473763,9.138239482,0,18.91755444
SIG-NIHDA-498,4,conformers/SIG-NIHDA-498_7d70a0ce/conf_004.xyz,0.1111111164,58.51270689,32.58047767,57.32380328,1.188903606,10.88662714,20.16473763,9.138239482,0,18.91755444
SIG-NIHDA-498,5,conformers/SIG-NIHDA-498_7d70a0ce/conf_005.xyz,0.1111111077,58.51270689,32.58047767,57.32380328,1.188903606,10.88662714,20.16473763,9.138239482,0,18.91755444
SIG-NIHDA-498,6,conformers/SIG-NIHDA-498_7d70a0ce/conf_006.xyz,0.1111111058,58.51270689,32.58047767,57.32380328,1.188903606,10.88662714,20.16473763,9.138239482,0,18.91755444
SIG-NIHDA-498,7,conformers/SIG-NIHDA-498_7d70a0ce/conf_007.xyz,0.1111111036,58.54767464,32.59994808,57.31214737,1.235527277,10.88662714,20.16473763,9.138239482,0,18.91755444
SIG-NIHDA-498,8,conformers/SIG-NIHDA-498_7d70a0ce/conf_008.xyz,0.1111110852,58.51270689,32.58047767,57.32380328,1.188903606,10.88662714,20.16473763,9.138239482,0,18.91755444
SIG-NIHDA-723,0,conformers/SIG-NIHDA-723_1db84e66/conf_000.xyz,0.5000002679,85.46118863,47.58566978,65.15657998,20.30460865,11.24796059,37.35721625,25.13015858,0,20.91071637
SIG-NIHDA-723,1,conformers/SIG-NIHDA-723_1db84e66/conf_001.xyz,0.4999997321,85.46118863,47.58566978,65.15657998,20.30460865,11.24796059,37.35721625,25.13015858,0,20.91071637
SIG-NIHDA-724,0,conformers/SIG-NIHDA-724_0d5c5a07/conf_000.xyz,0.5000000872,80.26264933,44.69106957,64.51550451,15.74714482,10.70013246,33.72056993,23.02043747,0,20.80581311
SIG-NIHDA-724,1,conformers/SIG-NIHDA-724_0d5c5a07/conf_001.xyz,0.4999999128,80.26264933,44.69106957,64.51550451,15.74714482,10.70013246,33.72056993,23.02043747,0,20.80581311
SIG-NIHDA-785,0,conformers/SIG-NIHDA-785_fe24eb0f/conf_000.xyz,0.5000000519,52.54487702,29.25752856,52.4632856,0.08159142395,10.35045492,17.01763985,6.667184928,0,16.94770435
SIG-NIHDA-785,1,conformers/SIG-NIHDA-785_fe24eb0f/conf_001.xyz,0.4999999481,52.67309212,29.32892004,52.59150069,0.08159142395,10.35045492,17.01763985,6.667184928,0,16.94770435
SIG-NIHDA-1057,0,conformers/SIG-NIHDA-1057_be992081/conf_000.xyz,1,90.55482467,50.42185877,69.79563523,20.75918944,13.8239184,37.75351745,20.88740453,0,20.95734004
SIG-NIHDA-1058,0,conformers/SIG-NIHDA-1058_219b0b66/conf_000.xyz,0.6103908947,97.83977323,54.47819315,74.72608842,23.11368481,16.05019868,37.90504438,17.21579045,0,21.00396371
SIG-NIHDA-1058,1,conformers/SIG-NIHDA-1058_219b0b66/conf_001.xyz,0.3896091053,97.05882675,54.0433541,76.64931484,20.40951191,16.44649988,36.71614078,15.50237055,0,21.02727554
SIG-NIHDA-2062,0,conformers/SIG-NIHDA-2062_d86f6436/conf_000.xyz,0.9388778931,71.21765719,39.65472482,66.46204277,4.755614424,10.94490673,25.38658877,8.881809293,0,20.63097434
SIG-NIHDA-2062,1,conformers/SIG-NIHDA-2062_d86f6436/conf_001.xyz,0.0562156392,59.16543828,32.94392523,58.64092198,0.5245162968,10.84000347,20.37454415,9.534540684,0,19.85002786
SIG-NIHDA-2062,2,conformers/SIG-NIHDA-2062_d86f6436/conf_002.xyz,0.0042089624,73.15253953,40.73208723,65.65778444,7.494755086,12.08718666,28.92998775,15.96860726,0,21.99471671
SIG-NIHDA-2062,3,conformers/SIG-NIHDA-2062_d86f6436/conf_003.xyz,0.0006975053,75.74015326,42.1728972,65.07498856,10.6651647,11.51604669,30.0139881,16.53974723,0,22.14624364
SIG-NIHDA-2063,0,conformers/SIG-NIHDA-2063_9978c6ba/conf_000.xyz,0.9977288176,52.70805987,29.34839045,52.62646845,0.08159142395,10.35045492,17.01763985,6.667184928,0,16.94770435
SIG-NIHDA-2063,1,conformers/SIG-NIHDA-2063_9978c6ba/conf_001.xyz,0.0006660965,52.34672642,29.14719626,52.34672642,0,10.82834755,15.40912321,4.510840153,0,15.40912321
SIG-NIHDA-2063,2,conformers/SIG-NIHDA-2063_9978c6ba/conf_002.xyz,0.0006660962,52.34672642,29.14719626,52.34672642,0,10.82834755,15.40912321,4.510840153,0,15.40912321
SIG-NIHDA-2063,3,conformers/SIG-NIHDA-2063_9978c6ba/conf_003.xyz,0.0006660943,52.35838234,29.1536864,52.35838234,0,10.82834755,15.40912321,4.510840153,0,15.40912321
SIG-NIHDA-2063,4,conformers/SIG-NIHDA-2063_9978c6ba/conf_004.xyz,0.0002728954,52.99945781,29.51064382,52.99945781,0,10.89828306,15.68886523,4.767270342,0,15.68886523
SIG-NIHDA-2064,0,conformers/SIG-NIHDA-2064_f0ba08d0/conf_000.xyz,0.3037788134,54.21167326,30.18561786,54.16504958,0.04662367083,10.37376676,17.55381207,7.180045308,0,17.5071884
SIG-NIHDA-2064,1,conformers/SIG-NIHDA-2064_f0ba08d0/conf_001.xyz,0.2272057254,59.65498682,33.2165109,57.23055594,2.424430883,10.80503571,22.34439424,11.53935853,0,19.85002786
SIG-NIHDA-2064,2,conformers/SIG-NIHDA-2064_f0ba08d0/conf_002.xyz,0.2272056954,59.87644926,33.33982347,57.38208287,2.494366389,10.80503571,22.34439424,11.53935853,0,19.85002786
SIG-NIHDA-2064,3,conformers/SIG-NIHDA-2064_f0ba08d0/conf_003.xyz,0.2272056534,59.87644926,33.33982347,57.38208287,2.494366389,10.80503571,22.34439424,11.53935853,0,19.85002786
SIG-NIHDA-2064,4,conformers/SIG-NIHDA-2064_f0ba08d0/conf_004.xyz,0.0027747224,55.64535113,30.98390447,55.51713604,0.1282150948,10.88662714,17.79858634,6.9119592,0,17.79858634
SIG-NIHDA-2064,5,conformers/SIG-NIHDA-2064_f0ba08d0/conf_005.xyz,0.0027747223,55.63369522,30.97741433,55.4938242,0.1398710125,10.88662714,17.79858634,6.9119592,0,17.79858634
SIG-NIHDA-2064,6,conformers/SIG-NIHDA-2064_f0ba08d0/conf_006.xyz,0.0021679815,55.83184582,31.08774663,55.79687806,0.03496775312,10.70013246,18.50959732,7.809464864,0,18.50959732
SIG-NIHDA-2064,7,conformers/SIG-NIHDA-2064_f0ba08d0/conf_007.xyz,0.002167981,55.76191031,31.04880582,55.72694256,0.03496775312,10.70013246,18.50959732,7.809464864,0,18.50959732
SIG-NIHDA-2064,8,conformers/SIG-NIHDA-2064_f0ba08d0/conf_008.xyz,0.0021679806,55.77356623,31.05529595,55.73859848,0.03496775312,10.70013246,18.50959732,7.809464864,0,18.50959732
SIG-NIHDA-2064,9,conformers/SIG-NIHDA-2064_f0ba08d0/conf_009.xyz,0.0021679796,55.83184582,31.08774663,55.79687806,0.03496775312,10.70013246,18.50959732,7.809464864,0,18.50959732
SIG-NIHDA-2064,10,conformers/SIG-NIHDA-2064_f0ba08d0/conf_010.xyz,0.0001913726,54.71287772,30.46469367,54.66625405,0.04662367083,10.64185287,16.94770435,5.629808253,0,16.91273659
SIG-NIHDA-2064,11,conformers/SIG-NIHDA-2064_f0ba08d0/conf_011.xyz,0.0001913725,54.66625405,30.43873313,54.61963038,0.04662367083,10.64185287,16.94770435,5.629808253,0,16.91273659
SIG-NIHDA-2067,0,conformers/SIG-NIHDA-2067_1f828bfa/conf_000.xyz,0.2900390474,81.69632721,45.48935618,64.07257964,17.62374757,11.35286385,37.1240979,23.05540522,0,21.8548457
SIG-NIHDA-2067,1,conformers/SIG-NIHDA-2067_1f828bfa/conf_001.xyz,0.290039045,81.69632721,45.48935618,64.07257964,17.62374757,11.35286385,37.13575381,23.05540522,0,21.8548457
SIG-NIHDA-2067,2,conformers/SIG-NIHDA-2067_1f828bfa/conf_002.xyz,0.1524090345,80.05284281,44.57424714,64.02595596,16.02688685,10.7933798,34.61807559,23.82469579,0,22.08796405
SIG-NIHDA-2067,3,conformers/SIG-NIHDA-2067_1f828bfa/conf_003.xyz,0.1524083691,80.05284281,44.57424714,64.02595596,16.02688685,10.7933798,34.60641967,23.81303988,0,22.08796405
SIG-NIHDA-2067,4,conformers/SIG-NIHDA-2067_1f828bfa/conf_004.xyz,0.1009920907,76.42785241,42.55581516,63.16341805,13.26443435,10.90993897,34.85119394,22.46095342,0,21.92478121
SIG-NIHDA-2067,5,conformers/SIG-NIHDA-2067_1f828bfa/conf_005.xyz,0.0074391553,67.68591412,37.68821391,62.58062217,5.105291956,11.03815407,26.61046013,14.12697226,0,21.47020042
SIG-NIHDA-2067,6,conformers/SIG-NIHDA-2067_1f828bfa/conf_006.xyz,0.0043228681,69.01468874,38.4280893,63.22169764,5.7929911,11.14305733,27.34478294,15.82873625,0,22.02968447
SIG-NIHDA-2067,7,conformers/SIG-NIHDA-2067_1f828bfa/conf_007.xyz,0.0012317496,67.09146232,37.35721703,63.09348255,3.997979774,10.97987448,24.69888962,13.71901514,0,20.70090985
SIG-NIHDA-2067,8,conformers/SIG-NIHDA-2067_1f828bfa/conf_008.xyz,0.0006865462,81.85951006,45.58021807,69.55086096,12.3086491,10.90993897,30.88818192,18.07832836,0,22.30942649
SIG-NIHDA-2067,9,conformers/SIG-NIHDA-2067_1f828bfa/conf_009.xyz,0.000250862,61.79967568,34.41069574,61.49662182,0.3030538604,11.16636916,19.27888789,8.112518724,0,18.98748994
SIG-NIHDA-2067,10,conformers/SIG-NIHDA-2067_1f828bfa/conf_010.xyz,0.000181232,81.39327335,45.32061267,63.51309559,17.88017776,10.95656264,36.96091505,26.0043524,0,21.21377023
