Reaction_ID,Conformer_Index,Conformer_XYZ_Path,Boltzmann_Weight,vbur,percent_vbur,qvbur_min,qvbur_max,max_delta_qvbur,ovbur_min,ovbur_max,near_vbur,far_vbur
SIG-NIHDA-401,0,conformers/SIG-NIHDA-401_9d42bff1/conf_000.xyz,0.2627187,48.756702,27.148235,10.85166,15.059445,4.2077856,0.0,15.059445,48.756702,0.0
SIG-NIHDA-401,1,conformers/SIG-NIHDA-401_9d42bff1/conf_001.xyz,0.25828865,48.756702,27.148235,10.85166,15.059445,4.2077856,0.0,15.059445,48.756702,0.0
SIG-NIHDA-401,2,conformers/SIG-NIHDA-401_9d42bff1/conf_002.xyz,0.25828865,48.756702,27.148235,10.85166,15.059445,4.2077856,0.0,15.059445,48.756702,0.0
SIG-NIHDA-401,3,conformers/SIG-NIHDA-401_9d42bff1/conf_003.xyz,0.07963907,50.679928,28.219107,10.536949,17.355661,6.818712,0.0,17.355661,50.67993,0.0
SIG-NIHDA-401,4,conformers/SIG-NIHDA-401_9d42bff1/conf_004.xyz,0.07053244,50.679928,28.219107,10.536949,17.355661,6.818712,0.0,17.355661,50.67993,0.0
SIG-NIHDA-401,5,conformers/SIG-NIHDA-401_9d42bff1/conf_005.xyz,0.07053244,50.679928,28.219107,10.536949,17.355661,6.818712,0.0,17.355661,50.67993,0.0
SIG-NIHDA-498,0,conformers/SIG-NIHDA-498_7d70a0ce/conf_000.xyz,0.11111112,58.512703,32.58048,10.886627,20.164736,9.138238,0.0,18.917555,57.3238,1.1889036
SIG-NIHDA-498,1,conformers/SIG-NIHDA-498_7d70a0ce/conf_001.xyz,0.11111112,58.512703,32.58048,10.886627,20.164736,9.138238,0.0,18.917555,57.3238,1.1889036
SIG-NIHDA-498,2,conformers/SIG-NIHDA-498_7d70a0ce/conf_002.xyz,0.11111112,58.547672,32.599945,10.886627,20.164736,9.138238,0.0,18.917555,57.312145,1.2355273
SIG-NIHDA-498,3,conformers/SIG-NIHDA-498_7d70a0ce/conf_003.xyz,0.11111112,58.512703,32.58048,10.886627,20.164736,9.138238,0.0,18.917555,57.3238,1.1889036
SIG-NIHDA-498,4,conformers/SIG-NIHDA-498_7d70a0ce/conf_004.xyz,0.11111112,58.512703,32.58048,10.886627,20.164736,9.138238,0.0,18.917555,57.3238,1.1889036
SIG-NIHDA-498,5,conformers/SIG-NIHDA-498_7d70a0ce/conf_005.xyz,0.111111104,58.512703,32.58048,10.886627,20.164736,9.138238,0.0,18.917555,57.3238,1.1889036
SIG-NIHDA-498,6,conformers/SIG-NIHDA-498_7d70a0ce/conf_006.xyz,0.111111104,58.512703,32.58048,10.886627,20.164736,9.138238,0.0,18.917555,57.3238,1.1889036
SIG-NIHDA-498,7,conformers/SIG-NIHDA-498_7d70a0ce/conf_007.xyz,0.111111104,58.547672,32.599945,10.886627,20.164736,9.138238,0.0,18.917555,57.312145,1.2355273
SIG-NIHDA-498,8,conformers/SIG-NIHDA-498_7d70a0ce/conf_008.xyz,0.11111108,58.512703,32.58048,10.886627,20.164736,9.138238,0.0,18.917555,57.3238,1.1889036
SIG-NIHDA-723,0,conformers/SIG-NIHDA-723_1db84e66/conf_000.xyz,0.50000024,85.46118,47.585667,11.24796,37.357216,25.13016,0.0,20.910717,65.15657,20.304607
SIG-NIHDA-723,1,conformers/SIG-NIHDA-723_1db84e66/conf_001.xyz,0.49999973,85.46118,47.585667,11.24796,37.357216,25.13016,0.0,20.910717,65.15658,20.304607
SIG-NIHDA-724,0,conformers/SIG-NIHDA-724_0d5c5a07/conf_000.xyz,0.50000006,80.26265,44.69107,10.700132,33.72057,23.020437,0.0,20.805813,64.5155,15.747145
SIG-NIHDA-724,1,conformers/SIG-NIHDA-724_0d5c5a07/conf_001.xyz,0.4999999,80.26265,44.69107,10.700132,33.72057,23.020437,0.0,20.805813,64.5155,15.747145
SIG-NIHDA-785,0,conformers/SIG-NIHDA-785_fe24eb0f/conf_000.xyz,0.50000006,52.54488,29.25753,10.350454,17.01764,6.667185,0.0,16.947704,52.463284,0.08159142
SIG-NIHDA-785,1,conformers/SIG-NIHDA-785_fe24eb0f/conf_001.xyz,0.49999994,52.67309,29.32892,10.350454,17.01764,6.667185,0.0,16.947704,52.5915,0.08159142
SIG-NIHDA-1057,0,conformers/SIG-NIHDA-1057_be992081/conf_000.xyz,1.0,90.55482,50.421856,13.823917,37.753517,20.887405,0.0,20.957338,69.79563,20.759188
SIG-NIHDA-1058,0,conformers/SIG-NIHDA-1058_219b0b66/conf_000.xyz,0.6103909,97.83977,54.47819,16.050198,37.90504,17.215788,0.0,21.003963,74.72609,23.113686
SIG-NIHDA-1058,1,conformers/SIG-NIHDA-1058_219b0b66/conf_001.xyz,0.3896091,97.05882,54.04335,16.446499,36.71614,15.502371,0.0,21.027275,76.64931,20.409512
SIG-NIHDA-2062,0,conformers/SIG-NIHDA-2062_d86f6436/conf_000.xyz,0.9388779,71.21766,39.654728,10.944906,25.38659,8.881809,0.0,20.630974,66.46204,4.7556143
SIG-NIHDA-2062,1,conformers/SIG-NIHDA-2062_d86f6436/conf_001.xyz,0.05621564,59.165436,32.943924,10.840003,20.374544,9.534541,0.0,19.850027,58.64092,0.5245163
SIG-NIHDA-2062,2,conformers/SIG-NIHDA-2062_d86f6436/conf_002.xyz,0.0042089624,73.15254,40.73209,12.087186,28.929985,15.968605,0.0,21.994715,65.657776,7.494755
SIG-NIHDA-2062,3,conformers/SIG-NIHDA-2062_d86f6436/conf_003.xyz,0.0006975053,75.74015,42.172897,11.516047,30.013988,16.539745,0.0,22.146242,65.07498,10.665165
SIG-NIHDA-2063,0,conformers/SIG-NIHDA-2063_9978c6ba/conf_000.xyz,0.9977289,52.70806,29.348392,10.350454,17.01764,6.667185,0.0,16.947704,52.62647,0.08159142
SIG-NIHDA-2063,1,conformers/SIG-NIHDA-2063_9978c6ba/conf_001.xyz,0.0006660966,52.346725,29.147196,10.828347,15.409122,4.5108395,0.0,15.409122,52.346725,0.0
SIG-NIHDA-2063,2,conformers/SIG-NIHDA-2063_9978c6ba/conf_002.xyz,0.0006660963,52.346725,29.147196,10.828347,15.409122,4.5108395,0.0,15.409122,52.346725,0.0
SIG-NIHDA-2063,3,conformers/SIG-NIHDA-2063_9978c6ba/conf_003.xyz,0.00066609436,52.358383,29.153688,10.828347,15.409122,4.5108395,0.0,15.409122,52.35838,0.0
SIG-NIHDA-2063,4,conformers/SIG-NIHDA-2063_9978c6ba/conf_004.xyz,0.00027289544,52.99946,29.510645,10.898283,15.688865,4.76727,0.0,15.688865,52.99946,0.0
SIG-NIHDA-2064,0,conformers/SIG-NIHDA-2064_f0ba08d0/conf_000.xyz,0.30377883,54.211674,30.18562,10.373767,17.553812,7.180045,0.0,17.507187,54.16505,0.046623673
SIG-NIHDA-2064,1,conformers/SIG-NIHDA-2064_f0ba08d0/conf_001.xyz,0.22720572,59.654987,33.21651,10.805036,22.344395,11.539359,0.0,19.850027,57.230553,2.4244308
SIG-NIHDA-2064,2,conformers/SIG-NIHDA-2064_f0ba08d0/conf_002.xyz,0.2272057,59.876446,33.33982,10.805036,22.344395,11.539359,0.0,19.850027,57.38208,2.4943664
SIG-NIHDA-2064,3,conformers/SIG-NIHDA-2064_f0ba08d0/conf_003.xyz,0.22720565,59.876446,33.33982,10.805036,22.344395,11.539359,0.0,19.850027,57.38208,2.4943664
SIG-NIHDA-2064,4,conformers/SIG-NIHDA-2064_f0ba08d0/conf_004.xyz,0.0027747224,55.645348,30.983902,10.886627,17.798586,6.9119587,0.0,17.798586,55.517136,0.12821509
SIG-NIHDA-2064,5,conformers/SIG-NIHDA-2064_f0ba08d0/conf_005.xyz,0.0027747224,55.63369,30.977413,10.886627,17.798586,6.9119587,0.0,17.798586,55.493824,0.139871
SIG-NIHDA-2064,6,conformers/SIG-NIHDA-2064_f0ba08d0/conf_006.xyz,0.0021679816,55.831844,31.087748,10.700132,18.509598,7.8094654,0.0,18.509598,55.79688,0.03496775
SIG-NIHDA-2064,7,conformers/SIG-NIHDA-2064_f0ba08d0/conf_007.xyz,0.002167981,55.761906,31.048803,10.700132,18.509598,7.8094654,0.0,18.509598,55.726944,0.03496775
SIG-NIHDA-2064,8,conformers/SIG-NIHDA-2064_f0ba08d0/conf_008.xyz,0.0021679807,55.773563,31.055296,10.700132,18.509598,7.8094654,0.0,18.509598,55.738594,0.03496775
SIG-NIHDA-2064,9,conformers/SIG-NIHDA-2064_f0ba08d0/conf_009.xyz,0.0021679795,55.831844,31.087748,10.700132,18.509598,7.8094654,0.0,18.509598,55.796883,0.03496775
SIG-NIHDA-2064,10,conformers/SIG-NIHDA-2064_f0ba08d0/conf_010.xyz,0.0001913726,54.712875,30.464693,10.641852,16.947704,5.6298084,0.0,16.912737,54.666252,0.046623673
SIG-NIHDA-2064,11,conformers/SIG-NIHDA-2064_f0ba08d0/conf_011.xyz,0.0001913725,54.666252,30.438732,10.641852,16.947704,5.6298084,0.0,16.912737,54.61963,0.046623673
SIG-NIHDA-2067,0,conformers/SIG-NIHDA-2067_1f828bfa/conf_000.xyz,0.29003906,81.69633,45.489357,11.352863,37.124096,23.055405,0.0,21.854845,64.07258,17.623747
SIG-NIHDA-2067,1,conformers/SIG-NIHDA-2067_1f828bfa/conf_001.xyz,0.29003906,81.69633,45.489357,11.352863,37.135754,23.055405,0.0,21.854845,64.07258,17.623747
SIG-NIHDA-2067,2,conformers/SIG-NIHDA-2067_1f828bfa/conf_002.xyz,0.15240905,80.05284,44.57425,10.79338,34.618076,23.824696,0.0,22.087963,64.025955,16.026886
SIG-NIHDA-2067,3,conformers/SIG-NIHDA-2067_1f828bfa/conf_003.xyz,0.15240839,80.05284,44.57425,10.79338,34.60642,23.813038,0.0,22.087963,64.025955,16.026886
SIG-NIHDA-2067,4,conformers/SIG-NIHDA-2067_1f828bfa/conf_004.xyz,0.1009921,76.42785,42.555813,10.909939,34.851192,22.460953,0.0,21.92478,63.163414,13.264434
SIG-NIHDA-2067,5,conformers/SIG-NIHDA-2067_1f828bfa/conf_005.xyz,0.0074391556,67.68591,37.688213,11.038154,26.61046,14.126973,0.0,21.4702,62.58062,5.105292
SIG-NIHDA-2067,6,conformers/SIG-NIHDA-2067_1f828bfa/conf_006.xyz,0.004322869,69.01469,38.42809,11.143057,27.344782,15.828735,0.0,22.029684,63.22169,5.7929907
SIG-NIHDA-2067,7,conformers/SIG-NIHDA-2067_1f828bfa/conf_007.xyz,0.0012317497,67.09146,37.357216,10.979875,24.698889,13.719014,0.0,20.700909,63.09348,3.9979796
SIG-NIHDA-2067,8,conformers/SIG-NIHDA-2067_1f828bfa/conf_008.xyz,0.00068654626,81.859505,45.58022,10.909939,30.888182,18.078327,0.0,22.309425,69.55086,12.308649
SIG-NIHDA-2067,9,conformers/SIG-NIHDA-2067_1f828bfa/conf_009.xyz,0.00025086204,61.799675,34.410694,11.166369,19.278887,8.112517,0.0,18.98749,61.49662,0.30305386
SIG-NIHDA-2067,10,conformers/SIG-NIHDA-2067_1f828bfa/conf_010.xyz,0.00018123201,81.39327,45.320614,10.956562,36.960915,26.004353,0.0,21.21377,63.513096,17.880178
