Reaction_ID,Conformer_Index,Conformer_XYZ_Path,Boltzmann_Weight,vbur,percent_vbur,qvbur_min,qvbur_max,max_delta_qvbur,ovbur_min,ovbur_max,near_vbur,far_vbur,Coordination_Center_Method,Coordination_Center_X,Coordination_Center_Y,Coordination_Center_Z
SIG-NIHDA-401,0,conformers/SIG-NIHDA-401_9d42bff1/conf_000.xyz,0.2627187,48.60517,27.06386,10.501982,13.963789,3.4618073,0.0,13.963789,48.605175,0.0,xtb_lmo_kraken,-1.4059889,-4.3419476,-3.2043447
SIG-NIHDA-401,1,conformers/SIG-NIHDA-401_9d42bff1/conf_001.xyz,0.25828865,48.581863,27.050884,10.490326,13.963789,3.473463,0.0,13.963789,48.581863,0.0,xtb_lmo_kraken,-5.178179,1.4450034,1.4756467
SIG-NIHDA-401,2,conformers/SIG-NIHDA-401_9d42bff1/conf_002.xyz,0.25828865,48.581863,27.050884,10.490326,13.963789,3.473463,0.0,13.963789,48.581863,0.0,xtb_lmo_kraken,-5.1019435,-1.7081388,1.5124241
SIG-NIHDA-401,3,conformers/SIG-NIHDA-401_9d42bff1/conf_003.xyz,0.07963907,50.318592,28.017912,10.385423,15.607274,5.2218513,0.0,15.607274,50.318596,0.0,xtb_lmo_kraken,3.1577065,-3.3708196,1.9762084
SIG-NIHDA-401,4,conformers/SIG-NIHDA-401_9d42bff1/conf_004.xyz,0.07053244,50.318592,28.017912,10.385423,15.607274,5.2218513,0.0,15.607274,50.318596,0.0,xtb_lmo_kraken,3.505111,3.4958537,-1.1836718
SIG-NIHDA-401,5,conformers/SIG-NIHDA-401_9d42bff1/conf_005.xyz,0.07053244,50.318592,28.017912,10.385423,15.607274,5.2218513,0.0,15.607274,50.318596,0.0,xtb_lmo_kraken,-3.0206351,0.096893065,4.056061
SIG-NIHDA-498,0,conformers/SIG-NIHDA-498_7d70a0ce/conf_000.xyz,0.11111112,58.081436,32.340343,11.504391,20.257984,8.392261,0.0,18.917555,56.78763,1.2938069,xtb_lmo_kraken,2.586623,-2.65405,1.7529236
SIG-NIHDA-498,1,conformers/SIG-NIHDA-498_7d70a0ce/conf_001.xyz,0.11111112,58.081436,32.340343,11.504391,20.257984,8.392261,0.0,18.917555,56.78763,1.2938069,xtb_lmo_kraken,2.18799,3.4604013,0.21375142
SIG-NIHDA-498,2,conformers/SIG-NIHDA-498_7d70a0ce/conf_002.xyz,0.11111112,58.1164,32.35981,11.504391,20.257984,8.392261,0.0,18.917555,56.77597,1.3404305,xtb_lmo_kraken,2.6632955,2.2349567,-2.1723597
SIG-NIHDA-498,3,conformers/SIG-NIHDA-498_7d70a0ce/conf_003.xyz,0.11111112,58.081436,32.340343,11.504391,20.257984,8.392261,0.0,18.917555,56.78763,1.2938069,xtb_lmo_kraken,2.711534,-3.074027,-0.1384691
SIG-NIHDA-498,4,conformers/SIG-NIHDA-498_7d70a0ce/conf_004.xyz,0.11111112,58.081436,32.340343,11.504391,20.257984,8.392261,0.0,18.917555,56.78763,1.2938069,xtb_lmo_kraken,2.958121,2.0912561,-1.9192201
SIG-NIHDA-498,5,conformers/SIG-NIHDA-498_7d70a0ce/conf_005.xyz,0.111111104,58.081436,32.340343,11.504391,20.257984,8.392261,0.0,18.917555,56.78763,1.2938069,xtb_lmo_kraken,2.129321,-2.087191,2.8505883
SIG-NIHDA-498,6,conformers/SIG-NIHDA-498_7d70a0ce/conf_006.xyz,0.111111104,58.081436,32.340343,11.504391,20.257984,8.392261,0.0,18.917555,56.78763,1.2938069,xtb_lmo_kraken,2.352023,-1.7785324,2.8481927
SIG-NIHDA-498,7,conformers/SIG-NIHDA-498_7d70a0ce/conf_007.xyz,0.111111104,58.1164,32.35981,11.504391,20.257984,8.392261,0.0,18.917555,56.775974,1.3404305,xtb_lmo_kraken,2.4513218,-2.1720753,-2.46587
SIG-NIHDA-498,8,conformers/SIG-NIHDA-498_7d70a0ce/conf_008.xyz,0.11111108,58.081436,32.340343,11.504391,20.257984,8.392261,0.0,18.917555,56.78763,1.2938069,xtb_lmo_kraken,3.0785768,-2.2215436,-1.5473353
SIG-NIHDA-723,0,conformers/SIG-NIHDA-723_1db84e66/conf_000.xyz,0.50000024,83.328156,46.397976,11.877379,38.091537,25.736265,0.0,20.607662,62.930298,20.397856,xtb_lmo_kraken,-0.231753,-1.5297599,2.7272038
SIG-NIHDA-723,1,conformers/SIG-NIHDA-723_1db84e66/conf_001.xyz,0.49999973,83.328156,46.397976,11.877379,38.091537,25.736265,0.0,20.607662,62.930298,20.397856,xtb_lmo_kraken,-1.5779623,-1.5676438,-2.1345787
SIG-NIHDA-724,0,conformers/SIG-NIHDA-724_0d5c5a07/conf_000.xyz,0.50000006,78.3977,43.652645,11.539359,33.767193,22.227833,0.0,20.561037,62.545654,15.852048,xtb_lmo_kraken,1.501338,2.6950998,0.27238795
SIG-NIHDA-724,1,conformers/SIG-NIHDA-724_0d5c5a07/conf_001.xyz,0.4999999,78.409355,43.659138,11.539359,33.767193,22.227833,0.0,20.561037,62.54565,15.863704,xtb_lmo_kraken,1.5344129,0.1301923,-2.6901824
SIG-NIHDA-785,0,conformers/SIG-NIHDA-785_fe24eb0f/conf_000.xyz,0.50000006,52.498253,29.231567,10.315487,16.260004,5.944517,0.0,16.260004,52.498253,0.0,xtb_lmo_kraken,3.0205288,0.3664032,-3.6600013
SIG-NIHDA-785,1,conformers/SIG-NIHDA-785_fe24eb0f/conf_001.xyz,0.49999994,52.405006,29.179647,10.315487,16.260004,5.944517,0.0,16.260004,52.405006,0.0,xtb_lmo_kraken,3.590253,0.17891268,-3.11947
SIG-NIHDA-1057,0,conformers/SIG-NIHDA-1057_be992081/conf_000.xyz,1.0,89.668976,49.928608,14.196907,38.499496,20.3862,0.0,20.64263,68.63004,21.038933,xtb_lmo_kraken,-0.6907408,0.18629508,2.8037646
SIG-NIHDA-1058,0,conformers/SIG-NIHDA-1058_219b0b66/conf_000.xyz,0.6103909,98.16613,54.659916,16.096823,38.872482,19.989897,0.0,20.712564,73.05929,25.106846,xtb_lmo_kraken,-0.4735327,-1.3459797,-2.1294842
SIG-NIHDA-1058,1,conformers/SIG-NIHDA-1058_219b0b66/conf_001.xyz,0.3896091,97.87474,54.49766,16.528091,37.170723,17.48388,0.0,21.528479,75.69353,22.181211,xtb_lmo_kraken,1.1579851,-2.2686083,-0.24104048
SIG-NIHDA-2062,0,conformers/SIG-NIHDA-2062_d86f6436/conf_000.xyz,0.9388779,68.25706,38.006233,11.725853,21.680006,6.3990993,0.0,19.267231,65.83263,2.4244308,xtb_lmo_kraken,-0.11240633,1.8770875,2.992319
SIG-NIHDA-2062,1,conformers/SIG-NIHDA-2062_d86f6436/conf_001.xyz,0.05621564,59.06053,32.885513,11.387832,20.444479,9.056647,0.0,19.628565,58.24462,0.8159142,xtb_lmo_kraken,1.1383784,0.29221058,4.0218377
SIG-NIHDA-2062,2,conformers/SIG-NIHDA-2062_d86f6436/conf_002.xyz,0.0042089624,73.0826,40.693146,12.238713,28.603622,15.444092,0.0,21.971405,65.844284,7.238325,xtb_lmo_kraken,0.80843896,1.1924163,-3.1173127
SIG-NIHDA-2062,3,conformers/SIG-NIHDA-2062_d86f6436/conf_003.xyz,0.0006975053,76.42785,42.555813,11.259617,30.923147,16.877766,0.0,22.192867,64.830215,11.597637,xtb_lmo_kraken,-0.87213784,1.2643794,-3.6380386
SIG-NIHDA-2063,0,conformers/SIG-NIHDA-2063_9978c6ba/conf_000.xyz,0.9977289,52.498253,29.231567,10.3387985,16.236692,5.897894,0.0,16.236692,52.498253,0.0,xtb_lmo_kraken,2.221019,3.4159997,-1.5984219
SIG-NIHDA-2063,1,conformers/SIG-NIHDA-2063_9978c6ba/conf_001.xyz,0.0006660966,51.88049,28.88759,11.24796,15.677209,4.184474,0.0,15.677209,51.88049,0.0,xtb_lmo_kraken,-2.1583562,-3.8449152,-0.7489369
SIG-NIHDA-2063,2,conformers/SIG-NIHDA-2063_9978c6ba/conf_002.xyz,0.0006660963,51.88049,28.88759,11.24796,15.677209,4.184474,0.0,15.677209,51.88049,0.0,xtb_lmo_kraken,1.8317678,1.8759142,-3.6320865
SIG-NIHDA-2063,3,conformers/SIG-NIHDA-2063_9978c6ba/conf_003.xyz,0.00066609436,51.88049,28.88759,11.24796,15.677209,4.184474,0.0,15.677209,51.88049,0.0,xtb_lmo_kraken,2.0114613,2.096228,3.4034023
SIG-NIHDA-2063,4,conformers/SIG-NIHDA-2063_9978c6ba/conf_004.xyz,0.00027289544,52.428314,29.192627,11.317896,15.863704,4.3360014,0.0,15.863704,52.428314,0.0,xtb_lmo_kraken,2.300379,-3.5367103,-1.3300925
SIG-NIHDA-2064,0,conformers/SIG-NIHDA-2064_f0ba08d0/conf_000.xyz,0.30377883,54.42148,30.30244,10.059057,17.78693,7.727873,0.0,17.658714,54.316574,0.10490325,xtb_lmo_kraken,1.78881,3.2408397,-2.2585034
SIG-NIHDA-2064,1,conformers/SIG-NIHDA-2064_f0ba08d0/conf_001.xyz,0.22720572,59.63167,33.20353,10.7351,21.98306,11.247961,0.0,19.55863,57.27718,2.3544955,xtb_lmo_kraken,1.4185065,-1.7690624,3.5264857
SIG-NIHDA-2064,2,conformers/SIG-NIHDA-2064_f0ba08d0/conf_002.xyz,0.2272057,59.596706,33.18406,10.7351,21.98306,11.247961,0.0,19.55863,57.172276,2.4244308,xtb_lmo_kraken,2.0968277,-1.7012762,-3.0231898
SIG-NIHDA-2064,3,conformers/SIG-NIHDA-2064_f0ba08d0/conf_003.xyz,0.22720565,59.596706,33.18406,10.7351,21.98306,11.247961,0.0,19.55863,57.172276,2.4244308,xtb_lmo_kraken,1.8461117,2.432989,2.802456
SIG-NIHDA-2064,4,conformers/SIG-NIHDA-2064_f0ba08d0/conf_004.xyz,0.0027747224,55.330643,30.808674,10.7351,18.218199,7.483099,0.0,18.218199,55.330643,0.0,xtb_lmo_kraken,1.6274197,-3.5482347,2.0601323
SIG-NIHDA-2064,5,conformers/SIG-NIHDA-2064_f0ba08d0/conf_005.xyz,0.0027747224,55.423885,30.860592,10.7351,18.218199,7.483099,0.0,18.218199,55.423885,0.0,xtb_lmo_kraken,1.7852398,3.7851152,1.3792782
SIG-NIHDA-2064,6,conformers/SIG-NIHDA-2064_f0ba08d0/conf_006.xyz,0.0021679816,55.5521,30.931982,10.828347,18.824306,7.9959593,0.0,18.824306,55.5521,0.0,xtb_lmo_kraken,-1.4597217,3.9390829,1.7461176
SIG-NIHDA-2064,7,conformers/SIG-NIHDA-2064_f0ba08d0/conf_007.xyz,0.002167981,55.575417,30.944963,10.828347,18.824306,7.9959593,0.0,18.824306,55.575413,0.0,xtb_lmo_kraken,1.660753,-1.1476067,-4.076928
SIG-NIHDA-2064,8,conformers/SIG-NIHDA-2064_f0ba08d0/conf_008.xyz,0.0021679807,55.575417,30.944963,10.828347,18.824306,7.9959593,0.0,18.824306,55.575413,0.0,xtb_lmo_kraken,1.3594846,0.34565458,4.3605857
SIG-NIHDA-2064,9,conformers/SIG-NIHDA-2064_f0ba08d0/conf_009.xyz,0.0021679795,55.5521,30.931982,10.828347,18.824306,7.9959593,0.0,18.824306,55.5521,0.0,xtb_lmo_kraken,1.5297546,4.2276344,0.6946483
SIG-NIHDA-2064,10,conformers/SIG-NIHDA-2064_f0ba08d0/conf_010.xyz,0.0001913726,54.32823,30.25052,10.606885,17.239101,5.548217,0.0,17.1342,54.223328,0.10490325,xtb_lmo_kraken,1.7289608,1.5672874,3.2762215
SIG-NIHDA-2064,11,conformers/SIG-NIHDA-2064_f0ba08d0/conf_011.xyz,0.0001913725,54.35154,30.263496,10.606885,17.239101,5.548217,0.0,17.1342,54.246635,0.10490325,xtb_lmo_kraken,1.6794767,-2.1960814,3.0848894
SIG-NIHDA-2067,0,conformers/SIG-NIHDA-2067_1f828bfa/conf_000.xyz,0.29003906,80.705574,44.9377,11.597637,36.82104,22.111279,0.0,21.913124,63.909397,16.796177,xtb_lmo_kraken,-1.1502975,-1.6304681,-2.7540166
SIG-NIHDA-2067,1,conformers/SIG-NIHDA-2067_1f828bfa/conf_001.xyz,0.29003906,80.705574,44.9377,11.597637,36.82104,22.111279,0.0,21.913124,63.909397,16.796177,xtb_lmo_kraken,0.96509594,3.2020407,-0.5632604
SIG-NIHDA-2067,2,conformers/SIG-NIHDA-2067_1f828bfa/conf_002.xyz,0.15240905,79.64488,44.34709,10.87497,34.338333,23.463364,0.0,22.018028,64.00265,15.6422415,xtb_lmo_kraken,-0.7295474,2.840455,-1.4987471
SIG-NIHDA-2067,3,conformers/SIG-NIHDA-2067_1f828bfa/conf_003.xyz,0.15240839,79.633224,44.3406,10.87497,34.349987,23.475018,0.0,22.018028,63.99099,15.6422415,xtb_lmo_kraken,-1.3570598,2.9359987,0.7123883
SIG-NIHDA-2067,4,conformers/SIG-NIHDA-2067_1f828bfa/conf_004.xyz,0.1009921,74.20157,41.316196,11.655918,32.741474,19.67519,0.0,21.819878,62.906986,11.294584,xtb_lmo_kraken,0.058942165,-3.4046876,1.7782592
SIG-NIHDA-2067,5,conformers/SIG-NIHDA-2067_1f828bfa/conf_005.xyz,0.0074391556,66.68351,37.130066,11.70254,25.8062,13.637422,0.0,21.21377,62.10273,4.5807753,xtb_lmo_kraken,-0.14315927,-3.578429,-1.1398925
SIG-NIHDA-2067,6,conformers/SIG-NIHDA-2067_1f828bfa/conf_006.xyz,0.004322869,68.72329,38.26584,11.166369,26.633772,15.467402,0.0,21.936438,63.221695,5.501593,xtb_lmo_kraken,1.6120684,-3.215046,-2.1630042
SIG-NIHDA-2067,7,conformers/SIG-NIHDA-2067_1f828bfa/conf_007.xyz,0.0012317497,66.98656,37.298805,11.457767,25.38659,13.9288225,0.0,20.526072,62.126038,4.8605175,xtb_lmo_kraken,-1.5502527,-2.640442,-2.6776986
SIG-NIHDA-2067,8,conformers/SIG-NIHDA-2067_1f828bfa/conf_008.xyz,0.00068654626,81.28837,45.262203,10.99153,30.468569,17.833553,0.0,22.23949,69.60914,11.679229,xtb_lmo_kraken,0.012856832,1.5360547,-2.6716874
SIG-NIHDA-2067,9,conformers/SIG-NIHDA-2067_1f828bfa/conf_009.xyz,0.00025086204,61.03038,33.982346,11.411143,18.428005,7.016862,0.0,18.288136,60.843887,0.18649468,xtb_lmo_kraken,0.60311806,-3.2238488,-2.4742136
SIG-NIHDA-2067,10,conformers/SIG-NIHDA-2067_1f828bfa/conf_010.xyz,0.00018123201,80.11112,44.6067,11.76082,34.536484,22.775663,0.0,20.712564,63.12845,16.982672,xtb_lmo_kraken,-1.2290955,-2.5654511,-2.048234
