metric,N,outside_interval,SST,rounding_only_SSE_lower_bound,conditional_R2_upper_bound,RMSE_lower_bound
pyr_alpha_delta,1541,3,23898.821497272398,0.43817818387530916,0.9999816652806949,0.01686258128373271
pyr_alpha_max,1541,2,44041.876755289246,0.7905906882036873,0.999982049114469,0.022650329700993684
pyr_alpha_min,1541,3,37330.98610109584,0.24460722400139828,0.9999934476088218,0.012598920053051318
pyr_alpha_vburminconf,1541,0,41657.506494039466,0.0,1.0,0.0
pyr_p_delta,1541,6,2.138012871227327,5.562830842871317e-05,0.999973981303304,0.00018999694049367895
pyr_p_max,1541,13,2.014304806550478,2.6620651304569568e-05,0.9999867841990855,0.00013143408892070212
pyr_p_min,1541,6,3.8676212209602268,4.5703814943710075e-05,0.9999881829651012,0.00017221655877780177
pyr_p_vburminconf,1541,0,2.598369589165449,0.0,1.0,0.0
sterimol_b1_delta,1541,40,695.6299468914448,0.5424214467427422,0.9992202442560636,0.018761480530131578
sterimol_b1_max,1541,40,1141.7467626613325,0.3631525047289251,0.9996819325295195,0.01535123084959689
sterimol_b1_min,1541,18,916.3258502036011,0.10952523863462954,0.9998804734815565,0.008430547597481441
sterimol_b1_vburminconf,1541,0,944.1921465792401,0.0,1.0,0.0
sterimol_b5_delta,1541,55,2115.0323816045807,0.7431520933254813,0.9996486332314394,0.021960262816634345
sterimol_b5_max,1541,20,4611.7368589202115,0.08636604300991668,0.9999812725561644,0.007486351111126393
sterimol_b5_min,1541,52,2960.802144980791,0.6764603273452272,0.9997715280203738,0.020951727952188016
sterimol_b5_vburminconf,1541,0,3619.2185652287553,0.0,1.0,0.0
sterimol_l_delta,1541,66,4374.622450151358,1.7884438581015807,0.9995911775522389,0.034067191862402375
sterimol_l_max,1541,41,4405.585299204951,1.277956913850373,0.9997099234659964,0.028797632593527647
sterimol_l_min,1541,60,1983.2504561995177,0.43998650098545156,0.9997781487962804,0.01689734054361089
sterimol_l_vburminconf,1541,0,3433.791034871242,0.0,1.0,0.0
