metric,units,N,R2,pearson_r,MAE,RMSE,median_absolute_error,maximum_absolute_error,slope,intercept,mean_signed_error,SSE,SST,target_0_99999_SSE_budget
buried_volume_delta,angstrom^3,1541,0.9998137871300732,0.9999076044938248,0.022936072192943614,0.2867701131301986,0.0031361979921875616,10.364920782929687,1.0004233197797083,0.01353935859966171,0.021641737193034947,126.72736768623335,680551.0689782766,6.805510689782766
buried_volume_max,angstrom^3,1541,0.9998683612775566,0.9999346385156025,0.018087883682926985,0.2841589543726941,0.0020902455273414944,10.364917215625013,1.0005503187837024,-0.023218419566688908,0.01672726068024776,124.43006579063179,945239.0868054144,9.452390868054145
buried_volume_min,angstrom^3,1541,0.9999898419541243,0.9999950226080256,0.0058085678873233655,0.037067302210712284,0.0010480288183600805,1.0584577336914052,0.9998328025144158,0.004021594141271123,-0.004914500889166301,2.117310720390806,208436.8141563288,2.084368141563288
buried_volume_vburminconf,angstrom^3,1541,0.9999898419541243,0.9999950226080256,0.0058085678873233655,0.037067302210712284,0.0010480288183600805,1.0584577336914052,0.9998328025144158,0.004021594141271123,-0.004914500889166301,2.117310720390806,208436.8141563288,2.084368141563288
far_vbur_delta,angstrom^3,1541,0.9996790036831993,0.9998414242134096,0.013266309461026861,0.268686064450693,0.001045613216309249,10.367005627927249,1.0014659064304345,-0.002545711598065381,0.012454245497603994,111.24818209543298,346571.5220791722,3.465715220791722
far_vbur_max,angstrom^3,1541,0.9997163305066503,0.9998598027393039,0.01169507384827575,0.2675082023029562,0.001045216347655753,10.3690972596875,1.0014013481223327,-0.005335705760582954,0.010838190659778028,110.27494361931275,388744.45862024184,3.887444586202419
far_vbur_min,angstrom^3,1541,0.9999721513166114,0.9999862280919984,0.0017260025577002006,0.025266044788290944,0.0,0.889019004949585,0.9995352832977932,-0.0010076867475585782,-0.0016160574809148745,0.9837328226548869,35324.212959370816,0.3532421295937082
far_vbur_vburminconf,angstrom^3,1541,0.9999943226778236,0.9999972467751742,0.00120610824798219,0.011513744176905845,0.0,0.3597914166210945,0.9996208550128575,-0.0003367666975675476,-0.0008545422378731263,0.20428467596067051,35982.57587219379,0.3598257587219379
max_delta_qvbur_delta,angstrom^3,1541,0.9996237243938598,0.9998128831637554,0.01639045831280231,0.1600060420571655,0.0020919316870120497,4.639631271362305,0.9996303075609722,0.01520515021697122,0.011887591346186324,39.45257951548589,104850.21848796072,1.0485021848796072
max_delta_qvbur_max,angstrom^3,1541,0.9997642527878375,0.9998826699240927,0.010104881934903493,0.13511363001546364,0.0010464935742184878,4.6396323908916015,0.9997347518822066,0.012774125974386763,0.009228912057903146,28.132022937587568,119331.30695179146,1.1933130695179146
max_delta_qvbur_min,angstrom^3,1541,0.999548287582745,0.9997744159267081,0.00689398259106032,0.08558741227106083,0.001045765904296836,2.7862906018466798,0.9991498866441687,0.0010748570565830562,-0.0026586850319561205,11.288141119594318,24989.663087395787,0.2498966308739579
max_delta_qvbur_vburminconf,angstrom^3,1541,0.9997549892599383,0.9998775509226129,0.007178370979962399,0.06807698315279445,0.0010456457001950525,1.9767599534379885,0.9994050669214067,0.003586261365043697,0.0003079672124245127,7.141726953821411,29148.628145942777,0.2914862814594278
near_vbur_delta,angstrom^3,1541,0.9997404516911593,0.9998715590396018,0.014754411806478384,0.13900553150100822,0.0020934933203129447,4.274613346445312,0.9994411945136974,0.0192803190457127,0.013890402620022772,29.776030731119683,114722.49949966677,1.1472249949966677
near_vbur_max,angstrom^3,1541,0.9998607774767241,0.999930798388976,0.010620906715765297,0.13508580432406336,0.001047756757813545,4.2714761310546905,0.9995642483052314,0.03669249475999692,0.009819586643685886,28.120436950543738,201981.95154684858,2.019819515468486
near_vbur_min,angstrom^3,1541,0.9999850832171864,0.999992664667408,0.0048930342336932124,0.031731697702980524,0.0010475503808606845,1.0584577336914052,0.999959411973185,-0.001959229369141724,-0.0040708136298087646,1.5516338848736564,104019.3387719787,1.040193387719787
near_vbur_vburminconf,angstrom^3,1541,0.9999849485816763,0.9999925943650613,0.004975828483210322,0.032198002499745845,0.0010475724999992053,1.0584577336914052,0.9999552610489952,-0.0017298930157991776,-0.004059929270062433,1.5975722134243786,106140.97482819084,1.0614097482819085
ovbur_max_delta,angstrom^3,1541,0.998484718709762,0.9992444246043009,0.008176689964855162,0.11302003344282346,0.0010458337050778255,4.142827033996582,0.9985401896723254,0.011397190498012577,0.006293653309101364,19.684006585461493,12990.331704266864,0.12990331704266866
ovbur_max_max,angstrom^3,1541,0.9989434344949331,0.9994728738667465,0.004714017623537394,0.1068167665011545,1.1612451160658566e-06,4.1428272584106445,0.9980578075565648,0.041475127025186964,0.004410508662414833,17.582535094479496,16641.216290101478,0.1664121629010148
ovbur_max_min,angstrom^3,1541,0.9998316477728214,0.9999160421841476,0.0036830815244812292,0.036829107973374194,1.469541015097775e-06,1.0887867230395507,0.9997730661577315,0.0016542582874645717,-0.001883158894577509,2.090186502130374,12415.555987349942,0.12415555987349944
ovbur_max_vburminconf,angstrom^3,1541,0.9999189237081997,0.9999595720291279,0.0035194735630871216,0.02628238149219726,1.414057617665776e-06,0.5794311956445313,1.0000831054744677,-0.0026055149476071904,-0.0012892758508885205,1.0644666720050462,13129.197800845996,0.13129197800845996
ovbur_min_delta,angstrom^3,1541,0.9986567595133055,0.9993522628684153,0.002858771270897862,0.06818210336451096,0.0,2.5854759238779295,1.0055243495741912,-0.0004457385753237064,0.0023687157980924562,7.163799596800847,5333.221912056414,0.05333221912056414
ovbur_min_max,angstrom^3,1541,0.998738241605136,0.9993906682968879,0.0027976857675837815,0.06816253718573706,0.0,2.5854759238779295,1.0052599189527172,-0.0004952386782817175,0.002308987503898754,7.159688603894955,5674.373662215271,0.056743736622152714
ovbur_min_min,angstrom^3,1541,0.9999827532588087,0.9999915077364926,6.515751577605302e-05,0.00163505302160769,0.0,0.057524877475769065,0.9994938656724107,-4.77493167668e-05,-5.9728291597984516e-05,0.004119706908924863,238.868715152176,0.0023886871515217604
ovbur_min_vburminconf,angstrom^3,1541,0.9999837529135259,0.99999284768405,8.551897678974137e-05,0.0017677355285216575,0.0,0.057524877475769065,0.9986012920367326,-3.3029913233791064e-05,-7.05872460868585e-05,0.004815453793047323,296.38875873005236,0.002963887587300524
percent_buried_volume_delta,percentage points (derived reference),1541,0.9998137871300732,0.9999076044938243,0.012771041159018899,0.1596765517283726,0.0017462673340093993,5.771294614667681,1.0004233197797086,0.0075388542767225175,0.01205034210390916,39.29026240584191,210996.49246196233,2.1099649246196237
percent_buried_volume_max,percentage points (derived reference),1541,0.9998683612775566,0.9999346385156027,0.010071519877116467,0.1582226316463161,0.001163870231902564,5.7712926283557096,1.0005503187837022,-0.012928255083913598,0.00931391097952884,38.57801219539724,293059.75840037514,2.9305975840037517
percent_buried_volume_min,percentage points (derived reference),1541,0.9999898419541243,0.9999950226080255,0.0032342704077629385,0.020639455535565964,0.0005835532371243346,0.5893601645626774,0.999832802514416,0.002239265026329207,-0.002736444697399166,0.6564461593238957,64623.271774384804,0.646232717743848
percent_buried_volume_vburminconf,percentage points (derived reference),1541,0.9999898419541243,0.9999950226080255,0.0032342704077629385,0.020639455535565964,0.0005835532371243346,0.5893601645626774,0.999832802514416,0.002239265026329207,-0.002736444697399166,0.6564461593238957,64623.271774384804,0.646232717743848
pyr_alpha_delta,degrees,1541,0.999905778202412,0.9999544816570787,0.007099914980020963,0.03822633101251852,0.0028438568115234375,1.1588592529296875,0.9989733148777875,0.011395001554260986,0.005987549250222508,2.2517899217077786,23898.821497272398,0.238988214972724
pyr_alpha_max,degrees,1541,0.9999675193273836,0.9999839082552981,0.0037838999327507407,0.030468010482342513,0.0017515169726571855,1.156000996384277,0.9997250156522342,0.008478927267855596,0.0026107467382411706,1.4305097803010374,44041.876755289246,0.4404187675528925
pyr_alpha_min,degrees,1541,0.9999791704548875,0.9999898507412823,0.004460481165295668,0.022463286928429343,0.0019220806591810913,0.719317825498047,0.9997338767116906,0.0009006392917747519,-0.0033767998630521083,0.7775874590882034,37330.98610109584,0.3733098610109584
pyr_alpha_vburminconf,degrees,1541,0.999738192278853,0.9998696285153162,0.008849263761235833,0.08412722066158808,0.0017742341894528835,2.114142068085936,0.9993969747851721,0.006872956541648989,-0.005106313835591461,10.906256843871288,41657.506494039466,0.4165750649403947
pyr_p_delta,dimensionless,1541,0.9999484355422905,0.999975143341208,5.408837186337255e-05,0.00026747245612053386,2.0386638122558975e-05,0.0072321295738220215,0.999359050771337,7.145646656107896e-05,4.5652526921780964e-05,0.00011024547428083558,2.138012871227327,2.138012871227327e-05
pyr_p_max,dimensionless,1541,0.999977572401265,0.9999891214722079,3.215829276433613e-05,0.000171219278958293,1.1959909667957902e-05,0.004817062902160663,0.999553300385097,0.00044576668873497205,2.5310185835217355e-05,4.5176019931463546e-05,2.014304806550478,2.0143048065504783e-05
pyr_p_min,dimensionless,1541,0.9999841108333185,0.9999921401991074,3.017507024187098e-05,0.00019969684721001722,1.3833793518047699e-05,0.007218747214965848,0.9999153634249267,5.591455798970024e-05,-2.0342332001552694e-05,6.145327824064191e-05,3.8676212209602268,3.8676212209602274e-05
pyr_p_vburminconf,dimensionless,1541,0.999700909822845,0.9998510953922145,7.247108230388997e-05,0.000710150207003542,1.3109478790296336e-05,0.017135320088043193,0.9992803986529502,0.0007010246064326209,4.3556713145479763e-05,0.0007771468207375544,2.598369589165449,2.598369589165449e-05
qvbur_max_delta,angstrom^3,1541,0.999849428803574,0.999925292616469,0.010121177275443852,0.11322639363014307,0.0010480430507815441,4.142827033996582,0.999487708593721,0.014113901682321739,0.009366128853508628,19.75595318652617,131206.72250377305,1.3120672250377305
qvbur_max_max,angstrom^3,1541,0.999885951577814,0.9999432075760889,0.007072410963804139,0.11099243500675801,0.0010456963647467177,4.1428272584106445,0.9995795025395401,0.017185300940855797,0.006344031534615983,18.98407308887201,166456.25362459724,1.6645625362459726
qvbur_max_min,angstrom^3,1541,0.9999618869388103,0.999981155899377,0.004045518673946949,0.03227105781562514,0.0010447801391606504,0.7718781225048836,0.9996607015696993,0.0025811838587337377,-0.0030220888711314444,1.6048300268832472,42107.08814219782,0.42107088142197824
qvbur_max_vburminconf,angstrom^3,1541,0.999962335637617,0.9999812334586196,0.004466943907162229,0.032902461697113305,0.0010451104980475634,0.7718781225048836,0.9998305340237015,0.0010400473677840694,-0.0018119375682601794,1.6682434300099431,44292.35819918993,0.4429235819918993
qvbur_min_delta,angstrom^3,1541,0.9989910626377275,0.9994986158613599,0.008712864962952732,0.12502545735203185,0.001045402846679977,3.853113220629883,1.000909706705261,0.003967078954868697,0.006539383703367711,24.08793344355656,23874.557870769248,0.2387455787076925
qvbur_min_max,angstrom^3,1541,0.9990819794562094,0.9995448058430758,0.007803397760789584,0.12473969691549709,9.061669921095472e-07,3.8552047673144543,1.0015266060637522,-0.014589658463428634,0.005669020203807652,23.977947651304486,26119.18416585185,0.2611918416585185
qvbur_min_min,angstrom^3,1541,0.9999712497537634,0.9999858272975504,0.0010672319716649782,0.008989416433106124,4.873461918464272e-07,0.2823942386254874,0.9996035177643479,0.0032700141648049907,-0.0008703640946281682,0.12452760563181738,4331.357881489179,0.04331357881489179
qvbur_min_vburminconf,angstrom^3,1541,0.9994025783622315,0.9997016567444591,0.00329274091537034,0.043259353810993904,4.982812491505229e-07,1.23939722380371,0.9992644207897948,0.006376480916376437,-0.0015877630089302158,2.883783777595063,4827.049432569031,0.04827049432569031
sterimol_b1_delta,angstrom,1541,0.9990190043328001,0.9995209792142459,0.003719557674364924,0.021043664069095733,0.0008929963085937409,0.4376124957216797,0.9976210763070377,0.004726259484386097,0.0030907708640808837,0.6824099638749971,695.6299468914448,0.006956299468914448
sterimol_b1_max,angstrom,1541,0.9996346615434765,0.999823143656515,0.00272290720587926,0.016452476149640592,0.0006451196794432512,0.2731447116777348,1.0019462290840013,-0.0063002513109005065,0.002171715028184975,0.4171240000113731,1141.7467626613325,0.011417467626613326
sterimol_b1_min,angstrom,1541,0.9998582888604576,0.9999302412460628,0.0014207237645719034,0.009179639901681056,0.0005531608844604463,0.23502544663281277,0.9989784981663532,0.0028252846779852625,-0.0009190558326512706,0.1298535804245084,916.3258502036011,0.009163258502036012
sterimol_b1_vburminconf,angstrom,1541,0.9987524903202855,0.9993822760966078,0.003132030535260817,0.027647179652610383,0.0005438756782227827,0.6313283547663575,1.0020614880931593,-0.007336751428060673,0.0009785278888887674,1.1778888423680627,944.1921465792401,0.009441921465792402
sterimol_b5_delta,angstrom,1541,0.9996279733266343,0.9998169045283889,0.0027139761684197177,0.022596658930060097,9.753846313476089e-05,0.649272955685791,0.9988134062597529,0.00377761672187904,0.0026704671480403913,0.7868484609890573,2115.0323816045807,0.02115032381604581
sterimol_b5_max,angstrom,1541,0.9999806087326543,0.9999903589541878,0.0005177406536475674,0.007617878419570136,4.2376908447216977e-05,0.2649245126877444,0.9998096427426076,0.0019465985255955331,0.0004893049751913738,0.08942742235925802,4611.7368589202115,0.046117368589202117
sterimol_b5_min,angstrom,1541,0.999764975838788,0.9998840089888958,0.002228919336883964,0.02125003402125725,6.248763452187944e-05,0.6492275507971188,0.9990068820154334,0.004495094082826334,-0.002181164128072899,0.695860040638974,2960.802144980791,0.029608021449807915
sterimol_b5_vburminconf,angstrom,1541,0.9983143285109719,0.9991571297709627,0.00451317269336579,0.06292055675227706,5.341933789093645e-05,2.023195786700196,0.9984659960093822,0.009757532041183126,-0.0012053575515432265,6.100813547967451,3619.2185652287553,0.03619218565228756
sterimol_l_delta,angstrom,1541,0.9995763291149286,0.9997912111537727,0.0038488437656628628,0.03468033463209243,0.00017430891162109607,0.9548697471618652,0.9985346023972241,0.006401634333537354,0.0037819114976848597,1.8534001653088141,4374.622450151358,0.04374622450151358
sterimol_l_max,angstrom,1541,0.9997064021877298,0.999854010267275,0.0020034436918018347,0.028971894519377626,9.226255908245662e-05,0.9550328170959475,0.9991380462900372,0.009794668056278155,0.0019386922082747693,1.2934702056166345,4405.585299204951,0.04405585299204952
sterimol_l_min,angstrom,1541,0.999769128589734,0.9998874871721775,0.0019126705943273258,0.01723743096964281,0.00011541586694363559,0.3527618427893069,0.9979811509464452,0.012947737478514298,-0.001843216746905223,0.45787582973356267,1983.2504561995177,0.019832504561995177
sterimol_l_vburminconf,angstrom,1541,0.9973491500254167,0.998675553034112,0.006623369335291901,0.07685607235747358,0.00010099313891576145,2.0942494987932125,0.9992658348253505,0.006074813643417443,-0.00030232385906397914,9.102464877512727,3433.791034871242,0.034337910348712426
